Unnamed: 0,ID,YR,DIR,PG,TYPE,NAME,ADDY,BOROUGH,CITY,STATE,HOUSENO,STNAME,STNAME.1,STNAME.2,ST_PREFIX,ST_SUFFIX,AdrMod,STNAME.3,STNAME.4,last_name
2753,1926,1905,Trow's,1385,Restaurant,Pachman Brothers,19 Pike St.,Manhattan,New York,New York,19,Pike,St.,,,,,,,Pachman
2754,1927,1905,Trow's,1385,Restaurant,Padisky Abraham,56 Forsyth St.,Manhattan,New York,New York,56,Forsyth,St.,,,,,,,Padisky
2755,1928,1905,Trow's,1385,Restaurant,Pagamento Alfonso,206 Mulberry St.,Manhattan,New York,New York,206,Mulberry,St.,,,,,,,Pagamento
2756,1929,1905,Trow's,1385,Restaurant,Pagani Brothers,667 3 Ave.,Manhattan,New York,New York,667,3,Ave.,,,,,,,Pagani
2757,1930,1905,Trow's,1385,Restaurant,Pahl Charles,424 11 Ave.,Manhattan,New York,New York,424,11,Ave.,,,,,,,Pahl
2758,1931,1905,Trow's,1385,Restaurant,Pakstalksy Louis,9 Pelham St.,Manhattan,New York,New York,9,Pelham,St.,,,,,,,Pakstalksy
2759,1932,1905,Trow's,1385,Restaurant,Pakulsky Samuel,236 Monroe St.,Manhattan,New York,New York,236,Monroe,St.,,,,,,,Pakulsky
2760,1933,1905,Trow's,1385,Restaurant,Palmer A.,174 W. Broadway ,Manhattan,New York,New York,174,W. Broadway,,,,,,,,Palmer
2761,1934,1905,Trow's,1385,Restaurant,Palmer Elizabeth,388 Canal St.,Manhattan,New York,New York,388,Canal,St.,,,,,,,Palmer
2762,1935,1905,Trow's,1385,Restaurant,Palmer Henry,413 Canal St.,Manhattan,New York,New York,413,Canal,St.,,,,,,,Palmer
2763,1936,1905,Trow's,1385,Restaurant,Palmer John ,277 Greenwich St.,Manhattan,New York,New York,277,Greenwich,St.,,,,,,,Palmer
2764,1937,1905,Trow's,1385,Restaurant,Palmer John ,161 W. 23 St.,Manhattan,New York,New York,161,W. 23,St.,,,,,,,Palmer
2765,1938,1905,Trow's,1385,Restaurant,Panka Anthony,975 8 Ave.,Manhattan,New York,New York,975,8,Ave.,,,,,,,Panka
2766,1939,1905,Trow's,1385,Restaurant,Panka Herman ,2124 Broadway ,Manhattan,New York,New York,2124,Broadway,,,,,,,,Panka
2767,1940,1905,Trow's,1385,Restaurant,Paolelia Mania,171 W. Houston St.,Manhattan,New York,New York,171,W. Houston,St.,,,,,,,Paolelia
2768,1941,1905,Trow's,1385,Restaurant,Papagergi George,360 W. 44 St.,Manhattan,New York,New York,360,W. 44,St.,,,,,,,Papagergi
2769,1942,1905,Trow's,1385,Restaurant,Papzian Tataos,"154 W, 127 St.",Manhattan,New York,New York,154,"W, 127",St.,,,,,,,Papzian
2770,1943,1905,Trow's,1385,Restaurant,Pape Frank,849 3 Ave.,Manhattan,New York,New York,849,3,Ave.,,,,,,,Pape
2771,1944,1905,Trow's,1385,Restaurant,Pappas & Viahacos,14 Chatham Sq.,Manhattan,New York,New York,14,Chatham,Sq.,,,,,,,Pappas
2772,1945,1905,Trow's,1385,Restaurant,Paris Jacob,524 Grand St.,Manhattan,New York,New York,524,Grand,St.,,,,,,,Paris
2773,1946,1905,Trow's,1385,Restaurant,Parisi Giacomo,324 E. 11 St.,Manhattan,New York,New York,324,E. 11,St.,,,,,,,Parisi
2774,1947,1905,Trow's,1385,Restaurant,Park Row Annex,105 Bowery St.,Manhattan,New York,New York,105,Bowery,St.,,,,,,,Park
2775,1948,1905,Trow's,1385,Restaurant,Park Row Annex No. 2,267 Bowery St.,Manhattan,New York,New York,267,Bowery,St.,,,,,,,Park
2776,1949,1905,Trow's,1386,Restaurant,Parker Josehine,262 Greenwich St.,Manhattan,New York,New York,262,Greenwich,St.,,,,,,,Parker
2777,1950,1905,Trow's,1386,Restaurant,Parmelee Edward L. ,2351 3 Ave.,Manhattan,New York,New York,2351,3,Ave.,,,,,,,Parmelee
2778,1951,1905,Trow's,1386,Restaurant,Parson Jane,193 Mercer St.,Manhattan,New York,New York,193,Mercer,St.,,,,,,,Parson
2779,1952,1905,Trow's,1386,Restaurant,Parschke Frederick,58 E. 8 St.,Manhattan,New York,New York,58,E. 8,St.,,,,,,,Parschke
2780,1953,1905,Trow's,1386,Restaurant,Passariello Louis,58 James St.,Manhattan,New York,New York,58,James,St.,,,,,,,Passariello
2781,1954,1905,Trow's,1386,Restaurant,Pasternak Herman,20 E. 12 St.,Manhattan,New York,New York,20,E. 12,St.,,,,,,,Pasternak
2782,1955,1905,Trow's,1386,Restaurant,Patek Louis,145 8 Ave.,Manhattan,New York,New York,145,8,Ave.,,,,,,,Patek
2783,1956,1905,Trow's,1386,Restaurant,Paul Samuel ,105 2 Ave.,Manhattan,New York,New York,105,2,Ave.,,,,,,,Paul
2784,1957,1905,Trow's,1386,Restaurant,"Paulme, Anna",72 6 Ave.,Manhattan,New York,New York,72,6,Ave.,,,,,,,"Paulme,"
2785,1958,1905,Trow's,1386,Restaurant,Paulson Israel,86 6 Ave.,Manhattan,New York,New York,86,6,Ave.,,,,,,,Paulson
2786,1959,1905,Trow's,1386,Restaurant,Paulson Israel,50 W. 18 St.,Manhattan,New York,New York,50,W. 18,St.,,,,,,,Paulson
2787,1960,1905,Trow's,1386,Restaurant,Paulson Israel,248 7 Ave.,Manhattan,New York,New York,248,7,Ave.,,,,,,,Paulson
2788,1961,1905,Trow's,1386,Restaurant,Paulson Israel,394 8 Ave.,Manhattan,New York,New York,394,8,Ave.,,,,,,,Paulson
2789,1962,1905,Trow's,1386,Restaurant,Paulson Israel,371 3 Ave.,Manhattan,New York,New York,371,3,Ave.,,,,,,,Paulson
2790,1963,1905,Trow's,1386,Restaurant,Paulson & Roey,174 6 Ave.,Manhattan,New York,New York,174,6,Ave.,,,,,,,Paulson
2791,1964,1905,Trow's,1386,Restaurant,Pavilion Co.,612 E. 84 St.,Manhattan,New York,New York,612,E. 84,St.,,,,,,,Pavilion
2792,1965,1905,Trow's,1386,Restaurant,Pavlowska Anne,162 3 St.,Manhattan,New York,New York,162,3,St.,,,,,,,Pavlowska
2793,1966,1905,Trow's,1386,Restaurant,Pechar Louis,466 6 Ave.,Manhattan,New York,New York,466,6,Ave.,,,,,,,Pechar
2794,1967,1905,Trow's,1386,Restaurant,Peck Lucile,140 Fulton St.,Manhattan,New York,New York,140,Fulton,St.,,,,,,,Peck
2795,1968,1905,Trow's,1386,Restaurant,Pecoraro Antonio,151 Mulberry St.,Manhattan,New York,New York,151,Mulberry,St.,,,,,,,Pecoraro
2796,1969,1905,Trow's,1386,Restaurant,Peeck John,221 West St.,Manhattan,New York,New York,221,West,St.,,,,,,,Peeck
2797,1970,1905,Trow's,1386,Restaurant,Pellerano Brothers,483 3 Ave.,Manhattan,New York,New York,483,3,Ave.,,,,,,,Pellerano
2798,1971,1905,Trow's,1386,Restaurant,Pellerano Brothers,668 8 Ave.,Manhattan,New York,New York,668,8,Ave.,,,,,,,Pellerano
2799,1972,1905,Trow's,1386,Restaurant,Pennenbaim Hyman,180 Madison St.,Manhattan,New York,New York,180,Madison,St.,,,,,,,Pennenbaim
2800,1973,1905,Trow's,1386,Restaurant,Penza Raffaele,198 Grand St.,Manhattan,New York,New York,198,Grand,St.,,,,,,,Penza
2801,1974,1905,Trow's,1386,Restaurant,Peragallo Andrew,101 Maiden Ln.,Manhattan,New York,New York,101,Maiden,Ln.,,,,,,,Peragallo
2802,1975,1905,Trow's,1386,Restaurant,Peragallo Charles,850 11 Ave.,Manhattan,New York,New York,850,11,Ave.,,,,,,,Peragallo
2803,1976,1905,Trow's,1386,Restaurant,Peragallo Frank,159 South St.,Manhattan,New York,New York,159,South,St.,,,,,,,Peragallo
2804,1977,1905,Trow's,1386,Restaurant,Peragallo Frederick,37 South St.,Manhattan,New York,New York,37,South,St.,,,,,,,Peragallo
2805,1978,1905,Trow's,1386,Restaurant,Peragallo G. & L. ,1126 3 Ave.,Manhattan,New York,New York,1126,3,Ave.,,,,,,,Peragallo
2806,1979,1905,Trow's,1386,Restaurant,Peragallo & Gazzale,352 3 Ave.,Manhattan,New York,New York,352,3,Ave.,,,,,,,Peragallo
2807,1980,1905,Trow's,1386,Restaurant,Peragallo & Sartori,812 8 Ave.,Manhattan,New York,New York,812,8,Ave.,,,,,,,Peragallo
2808,1981,1905,Trow's,1386,Restaurant,Perennes Charles,11 St.  & W. 26 St,Manhattan,New York,New York,11 St. ,&,W. 26 St,,,,,,,Perennes
2809,1982,1905,Trow's,1386,Restaurant,Perero A.,53 Spring St.,Manhattan,New York,New York,53,Spring,St.,,,,,,,Perero
2810,1983,1905,Trow's,1386,Restaurant,Perez E. & Cabeza,61 Stone St.,Manhattan,New York,New York,61,Stone,St.,,,,,,,Perez
2811,1984,1905,Trow's,1386,Restaurant,Perezi Luigi,33 Oak St.,Manhattan,New York,New York,33,Oak,St.,,,,,,,Perezi
2812,1985,1905,Trow's,1386,Restaurant,Perlis Isidor,1839 3 Ave.,Manhattan,New York,New York,1839,3,Ave.,,,,,,,Perlis
2813,1986,1905,Trow's,1386,Restaurant,Perlman Benjamin,184 Allen St.,Manhattan,New York,New York,184,Allen,St.,,,,,,,Perlman
2814,1987,1905,Trow's,1386,Restaurant,Perlman David,82 University Pl.,Manhattan,New York,New York,82,University,Pl.,,,,,,,Perlman
2815,1988,1905,Trow's,1386,Restaurant,Perlmutter David,247 Stanton St.,Manhattan,New York,New York,247,Stanton,St.,,,,,,,Perlmutter
2816,1989,1905,Trow's,1386,Restaurant,Perlstein Idea,241 E. Broadway ,Manhattan,New York,New York,241,E. Broadway,,,,,,,,Perlstein
2817,1990,1905,Trow's,1386,Restaurant,Perlus Aaron,1363 5 Ave.,Manhattan,New York,New York,1363,5,Ave.,,,,,,,Perlus
2818,1991,1905,Trow's,1386,Restaurant,Perr Meta,77 1 St.,Manhattan,New York,New York,77,1,St.,,,,,,,Perr
2819,1992,1905,Trow's,1386,Restaurant,Persily Henry,219 Broome St.,Manhattan,New York,New York,219,Broome,St.,,,,,,,Persily
2820,1993,1905,Trow's,1386,Restaurant,Pescatore Agostino,124 Mulberry St.,Manhattan,New York,New York,124,Mulberry,St.,,,,,,,Pescatore
2821,1994,1905,Trow's,1386,Restaurant,Peskowotiz & Moses,43 Forsyth St.,Manhattan,New York,New York,43,Forsyth,St.,,,,,,,Peskowotiz
2822,1995,1905,Trow's,1386,Restaurant,Petermann Adolph,445 6 Ave.,Manhattan,New York,New York,445,6,Ave.,,,,,,,Petermann
2823,1996,1905,Trow's,1386,Restaurant,Petersen Anne,507 W. 27 St.,Manhattan,New York,New York,507,W. 27,St.,,,,,,,Petersen
2824,1997,1905,Trow's,1386,Restaurant,Peterson & Grunow,742 3 Ave.,Manhattan,New York,New York,742,3,Ave.,,,,,,,Peterson
2825,1998,1905,Trow's,1386,Restaurant,Peterson John O. ,195 Reade St.,Manhattan,New York,New York,195,Reade,St.,,,,,,,Peterson
2826,1999,1905,Trow's,1386,Restaurant,Peterson John T. ,250 W. 41 St.,Manhattan,New York,New York,250,W. 41,St.,,,,,,,Peterson
2827,2000,1905,Trow's,1386,Restaurant,Petrus Joseph ,1430 1 Ave.,Manhattan,New York,New York,1430,1,Ave.,,,,,,,Petrus
2828,2001,1905,Trow's,1386,Restaurant,Petzall Edward,75 E. 125 St.,Manhattan,New York,New York,75,E. 125,St.,,,,,,,Petzall
2829,2002,1905,Trow's,1386,Restaurant,Efeiffer Melanie,17 E. 17 St.,Manhattan,New York,New York,17,E. 17,St.,,,,,,,Efeiffer
2830,2003,1905,Trow's,1386,Restaurant,Pfeil & Diefdendahl,320 Canal St.,Manhattan,New York,New York,320,Canal,St.,,,,,,,Pfeil
2831,2004,1905,Trow's,1386,Restaurant,Phair Co,625 Broadway ,Manhattan,New York,New York,625,Broadway,,,,,,,,Phair
2832,2005,1905,Trow's,1386,Restaurant,Phelan William F.,658 6 Ave.,Manhattan,New York,New York,658,6,Ave.,,,,,,,Phelan
2833,2006,1905,Trow's,1386,Restaurant,Philipowitz Louis,1431 3 Ave.,Manhattan,New York,New York,1431,3,Ave.,,,,,,,Philipowitz
2834,2007,1905,Trow's,1386,Restaurant,Physical Culture Restaurant,29 E. 19 St.,Manhattan,New York,New York,29,E. 19,St.,,,,,,,Physical
2835,2008,1905,Trow's,1386,Restaurant,Physical Culture Restaurant,654 Broadway ,Manhattan,New York,New York,654,Broadway,,,,,,,,Physical
2836,2009,1905,Trow's,1386,Restaurant,Physical Culture Restaurant,120 Pearl St.,Manhattan,New York,New York,120,Pearl,St.,,,,,,,Physical
2837,2010,1905,Trow's,1386,Restaurant,Physical Culture Restaurant,487 Pearl St.,Manhattan,New York,New York,487,Pearl,St.,,,,,,,Physical
2838,2011,1905,Trow's,1386,Restaurant,Physical Culture Restaurant,18 Spruce St.,Manhattan,New York,New York,18,Spruce,St.,,,,,,,Physical
2839,2012,1905,Trow's,1386,Restaurant,Physical Culture Restaurant,220 Fulton St.,Manhattan,New York,New York,220,Fulton,St.,,,,,,,Physical
2840,2013,1905,Trow's,1386,Restaurant,Physical Culture Restaurant,106 E. 23 St.,Manhattan,New York,New York,106,E. 23,St.,,,,,,,Physical
2841,2014,1905,Trow's,1386,Restaurant,Piantanida G. & Co.,116 W. 26 St.,Manhattan,New York,New York,116,W. 26,St.,,,,,,,Piantanida
2842,2015,1905,Trow's,1386,Restaurant,Picker Louis,270 Spring St.,Manhattan,New York,New York,270,Spring,St.,,,,,,,Picker
2843,2016,1905,Trow's,1386,Restaurant,Piellusch Max,11 Cooper Sq. E. ,Manhattan,New York,New York,11,Cooper Sq. E.,,,,,,,,Piellusch
2844,2017,1905,Trow's,1386,Restaurant,Peillsticker Anna,132 W. 20 St.,Manhattan,New York,New York,132,W. 20,St.,,,,,,,Peillsticker
2845,2018,1905,Trow's,1386,Restaurant,Pilmer Max,94 Spring St.,Manhattan,New York,New York,94,Spring,St.,,,,,,,Pilmer
2846,2019,1905,Trow's,1386,Restaurant,Pirness Osias,1919 3 Ave.,Manhattan,New York,New York,1919,3,Ave.,,,,,,,Pirness
2847,2020,1905,Trow's,1386,Restaurant,Pitegoff Barnett,39 Duane St.,Manhattan,New York,New York,39,Duane,St.,,,,,,,Pitegoff
2848,2021,1905,Trow's,1386,Restaurant,Pitman & Burns,324 Greenwich St.,Manhattan,New York,New York,324,Greenwich,St.,,,,,,,Pitman
2849,2022,1905,Trow's,1386,Restaurant,Platek Samuel,448 Grand St.,Manhattan,New York,New York,448,Grand,St.,,,,,,,Platek
2850,2023,1905,Trow's,1386,Restaurant,Platz Adolph,19 New Chambers St.,Manhattan,New York,New York,19,New Chambers,St.,,,,,,,Platz
2851,2024,1905,Trow's,1386,Restaurant,Plunkett James,129 West St.,Manhattan,New York,New York,129,West,St.,,,,,,,Plunkett
2852,2025,1905,Trow's,1386,Restaurant,Pokies Frederick W. ,67 Broad St.,Manhattan,New York,New York,67,Broad,St.,,,,,,,Pokies
2853,2026,1905,Trow's,1386,Restaurant,Polansku Isaac,24 Rivington St.,Manhattan,New York,New York,24,Rivington,St.,,,,,,,Polansku
2854,2027,1905,Trow's,1386,Restaurant,Polansky Joseph,508 Pearl St.,Manhattan,New York,New York,508,Pearl,St.,,,,,,,Polansky
2855,2028,1905,Trow's,1386,Restaurant,Polidori Vincenzo,308 E. 114 St.,Manhattan,New York,New York,308,E. 114,St.,,,,,,,Polidori
2856,2029,1905,Trow's,1386,Restaurant,Politis Nicholas ,Pelham Ave.  & S. Boulevard,Manhattan,New York,New York,Pelham Ave. ,&,S. Boulevard,,,,,,,Politis
2857,2030,1905,Trow's,1386,Restaurant,Pllack Joseph,Broadway & W. 221 St.,Manhattan,New York,New York,Broadway,&,W. 221 St.,,,,,,,Pllack
2858,2031,1905,Trow's,1386,Restaurant,Pollack William,41 E. 8 St.,Manhattan,New York,New York,41,E. 8,St.,,,,,,,Pollack
2859,2032,1905,Trow's,1386,Restaurant,Popojorge George,46 Madison St.,Manhattan,New York,New York,46,Madison,St.,,,,,,,Popojorge
2860,2033,1905,Trow's,1386,Restaurant,Porper Morris,164 Allen St.,Manhattan,New York,New York,164,Allen,St.,,,,,,,Porper
2861,2034,1905,Trow's,1386,Restaurant,Porreca Maria,163 Mott St.,Manhattan,New York,New York,163,Mott,St.,,,,,,,Porreca
2862,2035,1905,Trow's,1386,Restaurant,Porter William H. ,W. 181 St. & Amseterdamn Ave.,Manhattan,New York,New York,W. 181 St.,&,Amseterdamn Ave.,,,,,,,Porter
2863,2036,1905,Trow's,1386,Restaurant,Postiglione Guiseppe,2163 1 Ave.,Manhattan,New York,New York,2163,1,Ave.,,,,,,,Postiglione
2864,2037,1905,Trow's,1386,Restaurant,Postiglione Vincenso,2055 1 Ave.,Manhattan,New York,New York,2055,1,Ave.,,,,,,,Postiglione
2865,2038,1905,Trow's,1386,Restaurant,Poulos Photis,284 3 Ave.,Manhattan,New York,New York,284,3,Ave.,,,,,,,Poulos
2866,2039,1905,Trow's,1386,Restaurant,Power James,436 6 Ave.,Manhattan,New York,New York,436,6,Ave.,,,,,,,Power
2867,2040,1905,Trow's,1386,Restaurant,Powers Charles,285 3 Ave.,Manhattan,New York,New York,285,3,Ave.,,,,,,,Powers
2868,2041,1905,Trow's,1386,Restaurant,Pozarik Samuel,46 W. 4 St.,Manhattan,New York,New York,46,W. 4,St.,,,,,,,Pozarik
2869,2042,1905,Trow's,1386,Restaurant,Prago Brothers,138 Canal St.,Manhattan,New York,New York,138,Canal,St.,,,,,,,Prago
2870,2043,1905,Trow's,1386,Restaurant,Prago Brothers,134 3 Ave.,Manhattan,New York,New York,134,3,Ave.,,,,,,,Prago
2871,2044,1905,Trow's,1386,Restaurant,Prell Anne,242 Spring St.,Manhattan,New York,New York,242,Spring,St.,,,,,,,Prell
2872,2045,1905,Trow's,1386,Restaurant,Prisyon Hyman,35 Columbus Ave.,Manhattan,New York,New York,35,Columbus,Ave.,,,,,,,Prisyon
2873,2046,1905,Trow's,1386,Restaurant,Probst Frank,957 6 Ave.,Manhattan,New York,New York,957,6,Ave.,,,,,,,Probst
2874,2047,1905,Trow's,1386,Restaurant,Procter William B. ,3 Pine St.,Manhattan,New York,New York,3,Pine,St.,,,,,,,Procter
2875,2048,1905,Trow's,1386,Restaurant,Procter William B. ,96 Broadway ,Manhattan,New York,New York,96,Broadway,,,,,,,,Procter
2876,2049,1905,Trow's,1386,Restaurant,Progeon Peter,44 Madison St.,Manhattan,New York,New York,44,Madison,St.,,,,,,,Progeon
2877,2050,1905,Trow's,1386,Restaurant,Pudor Arnold,1871 3 Ave.,Manhattan,New York,New York,1871,3,Ave.,,,,,,,Pudor
2878,2051,1905,Trow's,1386,Restaurant,Puel Josphine,601 1 Ave.,Manhattan,New York,New York,601,1,Ave.,,,,,,,Puel
2879,2052,1905,Trow's,1386,Restaurant,Pushkin Isaac,1 Rutgers Pl.,Manhattan,New York,New York,1,Rutgers,Pl.,,,,,,,Pushkin
2880,2053,1905,Trow's,1386,Restaurant,Perssat Herman,356 W. 145 St.,Manhattan,New York,New York,356,W. 145,St.,,,,,,,Perssat
2881,2054,1905,Trow's,1386,Restaurant,Putits Nicholas,116 4 Ave.,Manhattan,New York,New York,116,4,Ave.,,,,,,,Putits
2882,2055,1905,Trow's,1386,Restaurant,Putney George T. ,481 Broadway ,Manhattan,New York,New York,481,Broadway,,,,,,,,Putney
2883,2056,1905,Trow's,1386,Restaurant,Putney George T. ,54 Mereer St.,Manhattan,New York,New York,54,Mereer,St.,,,,,,,Putney
2884,2057,1905,Trow's,1386,Restaurant,Py Wiliam ,388 E. Houson St.,Manhattan,New York,New York,388,E. Houson,St.,,,,,,,Py
2885,2058,1905,Trow's,1386,Restaurant,Quackenbush J. & F. ,11 W. 18 St.,Manhattan,New York,New York,11,W. 18,St.,,,,,,,Quackenbush
2886,2059,1905,Trow's,1386,Chinese restaurant,Queren Frederick,48 Broad St.,Manhattan,New York,New York,48,Broad,St.,,,,,,,Queren
2887,2060,1905,Trow's,1386,Chinese restaurant,Querino Ernest,605 S. Boulevard St.,Manhattan,New York,New York,605,S. Boulevard,St.,,,,,,,Querino
2888,2061,1905,Trow's,1386,Chinese restaurant,Quick Lunch Co.,163 Broadway ,Manhattan,New York,New York,163,Broadway,,,,,,,,Quick
2889,2062,1905,Trow's,1386,Restaurant,Quong Chung Wing,11 Doyers St.,Manhattan,New York,New York,11,Doyers,St.,,,,,,,Quong
2890,2063,1905,Trow's,1386,Restaurant,Quong Nom Low,1155 Broadway ,Manhattan,New York,New York,1155,Broadway,,,,,,,,Quong
2891,2064,1905,Trow's,1386,Restaurant,Quong Yuen Low,584 7 Ave.,Manhattan,New York,New York,584,7,Ave.,,,,,,,Quong
2892,2065,1905,Trow's,1386,Restaurant,Raabe Gustave,561 W. 29 St.,Manhattan,New York,New York,561,W. 29,St.,,,,,,,Raabe
2893,2066,1905,Trow's,1386,Restaurant,Rabineau Mary,159 E. 28 St.,Manhattan,New York,New York,159,E. 28,St.,,,,,,,Rabineau
2894,2067,1905,Trow's,1386,Restaurant,Rabinowitz Henry,120 W. 20 St.,Manhattan,New York,New York,120,W. 20,St.,,,,,,,Rabinowitz
2895,2068,1905,Trow's,1386,Restaurant,Rabinowitz Jennie,173 Greenwich St.,Manhattan,New York,New York,173,Greenwich,St.,,,,,,,Rabinowitz
2896,2069,1905,Trow's,1386,Restaurant,Rackenbrandt Henry,14 Thomas St.,Manhattan,New York,New York,14,Thomas,St.,,,,,,,Rackenbrandt
2897,2070,1905,Trow's,1386,Restaurant,Raedel Henry C.,432 W. Broadway ,Manhattan,New York,New York,432,W. Broadway,,,,,,,,Raedel
2898,2071,1905,Trow's,1386,Restaurant,Raims Jacob,319 11 Ave.,Manhattan,New York,New York,319,11,Ave.,,,,,,,Raims
2899,2072,1905,Trow's,1386,Restaurant,Rambeau & Bacot,10 W. 23 St.,Manhattan,New York,New York,10,W. 23,St.,,,,,,,Rambeau
2900,2073,1905,Trow's,1386,Restaurant,Ramlers Samuel,74 Delancey St.,Manhattan,New York,New York,74,Delancey,St.,,,,,,,Ramlers
2901,2074,1905,Trow's,1386,Restaurant,Rams Abraham,31 Market St.,Manhattan,New York,New York,31,Market,St.,,,,,,,Rams
2902,2075,1905,Trow's,1386,Restaurant,Ranelli Frank,82 Bayard St.,Manhattan,New York,New York,82,Bayard,St.,,,,,,,Ranelli
2903,2076,1905,Trow's,1386,Restaurant,Ranft John,83 Bleecker St.,Manhattan,New York,New York,83,Bleecker,St.,,,,,,,Ranft
2904,2077,1905,Trow's,1386,Restaurant,Rapp William,120 Spring St.,Manhattan,New York,New York,120,Spring,St.,,,,,,,Rapp
2905,2078,1905,Trow's,1386,Restaurant,Rappaport Samuel,166 Allen St.,Manhattan,New York,New York,166,Allen,St.,,,,,,,Rappaport
2906,2079,1905,Trow's,1386,Restaurant,Rappaport Lewis & Son,431 Broome St.,Manhattan,New York,New York,431,Broome,St.,,,,,,,Rappaport
2907,2080,1905,Trow's,1386,Restaurant,Rasesca & Aronowitz,117 Forsyth St.,Manhattan,New York,New York,117,Forsyth,St.,,,,,,,Rasesca
2908,2081,1905,Trow's,1386,Restaurant,Rasmussen Carl,44 W. 12 St.,Manhattan,New York,New York,44,W. 12,St.,,,,,,,Rasmussen
2909,2082,1905,Trow's,1386,Restaurant,Rathel Bertha,158 W. 18 St.,Manhattan,New York,New York,158,W. 18,St.,,,,,,,Rathel
2910,2083,1905,Trow's,1386,Restaurant,Rathgeber Henry,1006 2 Ave.,Manhattan,New York,New York,1006,2,Ave.,,,,,,,Rathgeber
2911,2084,1905,Trow's,1386,Restaurant,Rathjen Theresa,174 W. Broadway ,Manhattan,New York,New York,174,W. Broadway,,,,,,,,Rathjen
2912,2085,1905,Trow's,1386,Restaurant,Raths Charles W. ,133 E. 59 St.,Manhattan,New York,New York,133,E. 59,St.,,,,,,,Raths
2913,2086,1905,Trow's,1386,Restaurant,Rau Arnold Jr. ,303 4 Ave.,Manhattan,New York,New York,303,4,Ave.,,,,,,,Rau
2914,2087,1905,Trow's,1386,Restaurant,Rau Arnold Jr. ,108 E. 23 St.,Manhattan,New York,New York,108,E. 23,St.,,,,,,,Rau
2915,2088,1905,Trow's,1386,Restaurant,Raub & Muhlofer,90 Nassa St.,Manhattan,New York,New York,90,Nassa,St.,,,,,,,Raub
2916,2089,1905,Trow's,1386,Restaurant,Rauchwerger Max,85 Rivington St.,Manhattan,New York,New York,85,Rivington,St.,,,,,,,Rauchwerger
2917,2090,1905,Trow's,1386,Restaurant,Raved Israel ,691 6 Ave.,Manhattan,New York,New York,691,6,Ave.,,,,,,,Raved
2918,2091,1905,Trow's,1386,Restaurant,Raved Israel ,713 6 Ave.,Manhattan,New York,New York,713,6,Ave.,,,,,,,Raved
2919,2092,1905,Trow's,1386,Restaurant,Raved Joseph,245 Canal St.,Manhattan,New York,New York,245,Canal,St.,,,,,,,Raved
2920,2093,1905,Trow's,1386,Restaurant,Ravich Nathan,54 Centre St.,Manhattan,New York,New York,54,Centre,St.,,,,,,,Ravich
2921,2094,1905,Trow's,1386,Restaurant,Ravin Isaac ,132 Church St.,Manhattan,New York,New York,132,Church,St.,,,,,,,Ravin
2922,2095,1905,Trow's,1386,Restaurant,Rawitz Hyman,94 Centre St.,Manhattan,New York,New York,94,Centre,St.,,,,,,,Rawitz
2923,2096,1905,Trow's,1386,Restaurant,Ray Morris,94 2 Ave.,Manhattan,New York,New York,94,2,Ave.,,,,,,,Ray
2924,2097,1905,Trow's,1386,Restaurant,Ray Morris,106 2 Ave.,Manhattan,New York,New York,106,2,Ave.,,,,,,,Ray
2925,2098,1905,Trow's,1386,Restaurant,Rayner Albert,348 4 Ave.,Manhattan,New York,New York,348,4,Ave.,,,,,,,Rayner
2926,2099,1905,Trow's,1386,Restaurant,Rayner Albert,141 E. 42 St.,Manhattan,New York,New York,141,E. 42,St.,,,,,,,Rayner
2927,2100,1905,Trow's,1386,Restaurant,Read William,146 Bleecker St.,Manhattan,New York,New York,146,Bleecker,St.,,,,,,,Read
2928,2101,1905,Trow's,1386,Restaurant,Reardon Mary E.,202 W. 42 St.,Manhattan,New York,New York,202,W. 42,St.,,,,,,,Reardon
2929,2102,1905,Trow's,1386,Restaurant,Rebhan Christian,109 4 Ave.,Manhattan,New York,New York,109,4,Ave.,,,,,,,Rebhan
2930,2103,1905,Trow's,1386,Restaurant,Rechnitzer Alex,1781 Madison Ave.,Manhattan,New York,New York,1781,Madison,Ave.,,,,,,,Rechnitzer
2931,2104,1905,Trow's,1386,Restaurant,Rector Charles,1510 Broadway ,Manhattan,New York,New York,1510,Broadway,,,,,,,,Rector
2932,2105,1905,Trow's,1386,Restaurant,Reda Santo,319 E. 114 St.,Manhattan,New York,New York,319,E. 114,St.,,,,,,,Reda
2933,2106,1905,Trow's,1387,Restaurant,Reddie Rosinie,1228 Amsterdam Ave.,Manhattan,New York,New York,1228,Amsterdam,Ave.,,,,,,,Reddie
2934,2107,1905,Trow's,1387,Restaurant,Redner John J. ,128 E. 42 St.,Manhattan,New York,New York,128,E. 42,St.,,,,,,,Redner
2935,2108,1905,Trow's,1387,Restaurant,Reed Frank,2555 8 Ave.,Manhattan,New York,New York,2555,8,Ave.,,,,,,,Reed
2936,2109,1905,Trow's,1387,Restaurant,Reeves Elmira,811 8 Ave.,Manhattan,New York,New York,811,8,Ave.,,,,,,,Reeves
2937,2110,1905,Trow's,1387,Restaurant,Regent Tea Rooms,45 W. 20 St.,Manhattan,New York,New York,45,W. 20,St.,,,,,,,Regent
2938,2111,1905,Trow's,1387,Restaurant,Rehbock Charlotte,1270 Amsterdam Ave.,Manhattan,New York,New York,1270,Amsterdam,Ave.,,,,,,,Rehbock
2939,2112,1905,Trow's,1387,Restaurant,Riech Caroline,370 Canal St.,Manhattan,New York,New York,370,Canal,St.,,,,,,,Riech
2940,2113,1905,Trow's,1387,Restaurant,Reichenbach Charles,1 E. 19 St.,Manhattan,New York,New York,1,E. 19,St.,,,,,,,Reichenbach
2941,2114,1905,Trow's,1387,Restaurant,Reichenthal Joseph,8 Avenue C,Manhattan,New York,New York,8,Avenue,C,,,,,,,Reichenthal
2942,2115,1905,Trow's,1387,Restaurant,Reichert William,128 Greenwich St.,Manhattan,New York,New York,128,Greenwich,St.,,,,,,,Reichert
2943,2116,1905,Trow's,1387,Restaurant,Rieff Henry,94 Sheriff St.,Manhattan,New York,New York,94,Sheriff,St.,,,,,,,Rieff
2944,2117,1905,Trow's,1387,Restaurant,Reilly Edward,1019 1 Ave.,Manhattan,New York,New York,1019,1,Ave.,,,,,,,Reilly
2945,2118,1905,Trow's,1387,Restaurant,Reilly Henry,128 Greenwich Ave.,Manhattan,New York,New York,128,Greenwich,Ave.,,,,,,,Reilly
2946,2119,1905,Trow's,1387,Restaurant,Reimondo Mary,164 Maiden Ln.,Manhattan,New York,New York,164,Maiden,Ln.,,,,,,,Reimondo
2947,2120,1905,Trow's,1387,Restaurant,Reinfeld Moses,9 Avenue D,Manhattan,New York,New York,9,Avenue,D,,,,,,,Reinfeld
2948,2121,1905,Trow's,1387,Restaurant,Reinhard John,852 1 Ave.,Manhattan,New York,New York,852,1,Ave.,,,,,,,Reinhard
2949,2122,1905,Trow's,1387,Restaurant,Reinhard Rudolph,49 Nassau St.,Manhattan,New York,New York,49,Nassau,St.,,,,,,,Reinhard
2950,2123,1905,Trow's,1387,Restaurant,Reinken Louis,156 Bowery St.,Manhattan,New York,New York,156,Bowery,St.,,,,,,,Reinken
2951,2124,1905,Trow's,1387,Restaurant,Reinmuth Isabella,318 9 Ave.,Manhattan,New York,New York,318,9,Ave.,,,,,,,Reinmuth
2952,2125,1905,Trow's,1387,Restaurant,Reisenweber & Fischer,987 8 Ave.,Manhattan,New York,New York,987,8,Ave.,,,,,,,Reisenweber
2953,2126,1905,Trow's,1387,Restaurant,Reiser Bayer,51 Willet St.,Manhattan,New York,New York,51,Willet,St.,,,,,,,Reiser
2954,2127,1905,Trow's,1387,Restaurant,Reisinger Joseph,79 3 Ave.,Manhattan,New York,New York,79,3,Ave.,,,,,,,Reisinger
2955,2128,1905,Trow's,1387,Restaurant,Reisner Café,8 Barclay St.,Manhattan,New York,New York,8,Barclay,St.,,,,,,,Reisner
2956,2129,1905,Trow's,1387,Restaurant,Renken Charles,51 2 Ave.,Manhattan,New York,New York,51,2,Ave.,,,,,,,Renken
2957,2130,1905,Trow's,1387,Restaurant,Renowitz Davis,5 Pelham St.,Manhattan,New York,New York,5,Pelham,St.,,,,,,,Renowitz
2958,2131,1905,Trow's,1387,Restaurant,Rephan Hyman,52 Pitt St.,Manhattan,New York,New York,52,Pitt,St.,,,,,,,Rephan
2959,2132,1905,Trow's,1387,Restaurant,Rettig Naphtali,130 Prince St.,Manhattan,New York,New York,130,Prince,St.,,,,,,,Rettig
2960,2133,1905,Trow's,1387,Restaurant,Reusser Alfred,288 8 Ave.,Manhattan,New York,New York,288,8,Ave.,,,,,,,Reusser
2961,2134,1905,Trow's,1387,Restaurant,Reusser Killian,126 University Pl.,Manhattan,New York,New York,126,University,Pl.,,,,,,,Reusser
2962,2135,1905,Trow's,1387,Restaurant,Reynolds E. H. ,182 St. Nicholas Ave.,Manhattan,New York,New York,182,St. Nicholas,Ave.,,,,,,,Reynolds
2963,2136,1905,Trow's,1387,Restaurant,Reynolds Patrick,1154 1 Ave.,Manhattan,New York,New York,1154,1,Ave.,,,,,,,Reynolds
2964,2137,1905,Trow's,1387,Restaurant,Reynolds Peter,1080 1 Ave.,Manhattan,New York,New York,1080,1,Ave.,,,,,,,Reynolds
2965,2138,1905,Trow's,1387,Restaurant,Riccardi John,749 Washington St.,Manhattan,New York,New York,749,Washington,St.,,,,,,,Riccardi
2966,2139,1905,Trow's,1387,Restaurant,Richman Jacob,486 6 Ave.,Manhattan,New York,New York,486,6,Ave.,,,,,,,Richman
2967,2140,1905,Trow's,1387,Restaurant,Richter Amanda M. ,792 8 Ave.,Manhattan,New York,New York,792,8,Ave.,,,,,,,Richter
2968,2141,1905,Trow's,1387,Restaurant,Richter Julius,548 8 Ave.,Manhattan,New York,New York,548,8,Ave.,,,,,,,Richter
2969,2142,1905,Trow's,1387,Restaurant,Richter Solomon,280 Monroe St.,Manhattan,New York,New York,280,Monroe,St.,,,,,,,Richter
2970,2143,1905,Trow's,1387,Restaurant,Richert William H. ,123 Worth St.,Manhattan,New York,New York,123,Worth,St.,,,,,,,Richert
2971,2144,1905,Trow's,1387,Restaurant,Rieder George,347 E. 23 St.,Manhattan,New York,New York,347,E. 23,St.,,,,,,,Rieder
2972,2145,1905,Trow's,1387,Restaurant,Rienish Frank,205 2 Ave.,Manhattan,New York,New York,205,2,Ave.,,,,,,,Rienish
2973,2146,1905,Trow's,1387,Restaurant,Rigby Mary,2059 Lexington Ave.,Manhattan,New York,New York,2059,Lexington,Ave.,,,,,,,Rigby
2974,2147,1905,Trow's,1387,Restaurant,Rigby William,750 6 Ave.,Manhattan,New York,New York,750,6,Ave.,,,,,,,Rigby
2975,2148,1905,Trow's,1387,Restaurant,Rigopoulo Brothers,352 7 Ave.,Manhattan,New York,New York,352,7,Ave.,,,,,,,Rigopoulo
2976,2149,1905,Trow's,1387,Restaurant,Rinaldo Joel,206 W. 41 St.,Manhattan,New York,New York,206,W. 41,St.,,,,,,,Rinaldo
2977,2150,1905,Trow's,1387,Restaurant,Ringhel Joseph,176 Stanton St.,Manhattan,New York,New York,176,Stanton,St.,,,,,,,Ringhel
2978,2151,1905,Trow's,1387,Restaurant,Ringhel & Wolff,248 Broome St.,Manhattan,New York,New York,248,Broome,St.,,,,,,,Ringhel
2979,2152,1905,Trow's,1387,Restaurant,Ristzmann Albert,Westchester Ave & S. Boulevard,Manhattan,New York,New York,Westchester Ave,&,S. Boulevard,,,,,,,Ristzmann
2980,2153,1905,Trow's,1387,Restaurant,Ritzen Nicholas,281 Avenue C,Manhattan,New York,New York,281,Avenue,C,,,,,,,Ritzen
2981,2154,1905,Trow's,1387,Restaurant,Ritzmann Albert M. ,Westchester Ave & S. Boulevard,Manhattan,New York,New York,Westchester Ave,&,S. Boulevard,,,,,,,Ritzmann
2982,2155,1905,Trow's,1387,Restaurant,Robbins E. S. ,41 Jay St.,Manhattan,New York,New York,41,Jay,St.,,,,,,,Robbins
2983,2156,1905,Trow's,1387,Restaurant,Robert Harris,1105 3 Ave.,Manhattan,New York,New York,1105,3,Ave.,,,,,,,Robert
2984,2157,1905,Trow's,1387,Restaurant,Roberts S. M. Co.,645 6 Ave.,Manhattan,New York,New York,645,6,Ave.,,,,,,,Roberts
2985,2158,1905,Trow's,1387,Restaurant,Roberts S. M. Co.,57 Broadway ,Manhattan,New York,New York,57,Broadway,,,,,,,,Roberts
2986,2159,1905,Trow's,1387,Restaurant,Roberts S. M. Co.,60 Broadway ,Manhattan,New York,New York,60,Broadway,,,,,,,,Roberts
2987,2160,1905,Trow's,1387,Restaurant,Roberts S. M. Co.,23 New St.,Manhattan,New York,New York,23,New,St.,,,,,,,Roberts
2988,2161,1905,Trow's,1387,Restaurant,Rocca Agastino,7 Baxter St.,Manhattan,New York,New York,7,Baxter,St.,,,,,,,Rocca
2989,2162,1905,Trow's,1387,Restaurant,Rocha Antonio,3 James Sl.,Manhattan,New York,New York,3,James,Sl.,,,,,,,Rocha
2990,2163,1905,Trow's,1387,Restaurant,Rodenberg Gesina,15 Thames St.,Manhattan,New York,New York,15,Thames,St.,,,,,,,Rodenberg
2991,2164,1905,Trow's,1387,Restaurant,Roe Frederick N. ,402 4 Ave.,Manhattan,New York,New York,402,4,Ave.,,,,,,,Roe
2992,2165,1905,Trow's,1387,Restaurant,Roeber William,327 8 Ave.,Manhattan,New York,New York,327,8,Ave.,,,,,,,Roeber
2993,2166,1905,Trow's,1387,Restaurant,Roedelsperger David,69 Liberty St.,Manhattan,New York,New York,69,Liberty,St.,,,,,,,Roedelsperger
2994,2167,1905,Trow's,1387,Restaurant,Roeser George,60 Fulton St.,Manhattan,New York,New York,60,Fulton,St.,,,,,,,Roeser
2995,2168,1905,Trow's,1387,Restaurant,Roey Samuel,465 3 Ave.,Manhattan,New York,New York,465,3,Ave.,,,,,,,Roey
2996,2169,1905,Trow's,1387,Restaurant,Roey Samuel,350 8 Ave.,Manhattan,New York,New York,350,8,Ave.,,,,,,,Roey
2997,2170,1905,Trow's,1387,Restaurant,Rogers P. M. ,412 W. 39 St.,Manhattan,New York,New York,412,W. 39,St.,,,,,,,Rogers
2998,2171,1905,Trow's,1387,Restaurant,Rohr Frank,176 Christopher St.,Manhattan,New York,New York,176,Christopher,St.,,,,,,,Rohr
2999,2172,1905,Trow's,1387,Restaurant,Rohr William ,361 West St.,Manhattan,New York,New York,361,West,St.,,,,,,,Rohr
3000,2173,1905,Trow's,1387,Restaurant,Rokos Brothers,268 W. 41 St.,Manhattan,New York,New York,268,W. 41,St.,,,,,,,Rokos
3001,2174,1905,Trow's,1387,Restaurant,Roma Restaurant,878 6 Ave.,Manhattan,New York,New York,878,6,Ave.,,,,,,,Roma
3002,2175,1905,Trow's,1387,Restaurant,Romana Cucina,93 Park St.,Manhattan,New York,New York,93,Park,St.,,,,,,,Romana
3003,2176,1905,Trow's,1387,Restaurant,Ramann Frederick,395 4 Ave.,Manhattan,New York,New York,395,4,Ave.,,,,,,,Ramann
3004,2177,1905,Trow's,1387,Restaurant,Romano Caesar,143 Mulberry St.,Manhattan,New York,New York,143,Mulberry,St.,,,,,,,Romano
3005,2178,1905,Trow's,1387,Restaurant,Romano Giovanni,202 Grand St.,Manhattan,New York,New York,202,Grand,St.,,,,,,,Romano
3006,2179,1905,Trow's,1387,Restaurant,Romano Pietro,4 Prince St.,Manhattan,New York,New York,4,Prince,St.,,,,,,,Romano
3007,2180,1905,Trow's,1387,Restaurant,Rondos John ,23 Roosevelt St.,Manhattan,New York,New York,23,Roosevelt,St.,,,,,,,Rondos
3008,2181,1905,Trow's,1387,Restaurant,Ronnfeld Henry,56 West St.,Manhattan,New York,New York,56,West,St.,,,,,,,Ronnfeld
3009,2182,1905,Trow's,1387,Restaurant,Rookery (The),713 Broadway ,Manhattan,New York,New York,713,Broadway,,,,,,,,Rookery
3010,2183,1905,Trow's,1387,Restaurant,Rosasco Agostino & L. Chiappari,155 Prince St.,Manhattan,New York,New York,155,Prince,St.,,,,,,,Rosasco
3011,2184,1905,Trow's,1387,Restaurant,Rosasco Andrew,508 Pearl St.,Manhattan,New York,New York,508,Pearl,St.,,,,,,,Rosasco
3012,2185,1905,Trow's,1387,Restaurant,Rosasco Andrew,143 Elm St.,Manhattan,New York,New York,143,Elm,St.,,,,,,,Rosasco
3013,2186,1905,Trow's,1387,Restaurant,Rosati A. & Co. ,12 Franklin St.,Manhattan,New York,New York,12,Franklin,St.,,,,,,,Rosati
3014,2187,1905,Trow's,1387,Restaurant,Rose Andreas,117 Leonard St.,Manhattan,New York,New York,117,Leonard,St.,,,,,,,Rose
3015,2188,1905,Trow's,1387,Restaurant,Roselimksy Solomon,134.5 Monroe St.,Manhattan,New York,New York,134.5,Monroe,St.,,,,,,,Roselimksy
3016,2189,1905,Trow's,1387,Restaurant,Rosen Joseph,92 2 Ave.,Manhattan,New York,New York,92,2,Ave.,,,,,,,Rosen
3017,2190,1905,Trow's,1387,Restaurant,Rosen Solomon,1819 Madison Ave.,Manhattan,New York,New York,1819,Madison,Ave.,,,,,,,Rosen
3018,2191,1905,Trow's,1387,Restaurant,Rosenberg Benjamin,100 Avenue B,Manhattan,New York,New York,100,Avenue,B,,,,,,,Rosenberg
3019,2192,1905,Trow's,1387,Restaurant,Rosenberg G. ,151 Clinton St.,Manhattan,New York,New York,151,Clinton,St.,,,,,,,Rosenberg
3020,2193,1905,Trow's,1387,Restaurant,Rosenberg Henry,2644 3 Ave.,Manhattan,New York,New York,2644,3,Ave.,,,,,,,Rosenberg
3021,2194,1905,Trow's,1387,Restaurant,Rosenberg & Frischman,181 Stanton St.,Manhattan,New York,New York,181,Stanton,St.,,,,,,,Rosenberg
3022,2195,1905,Trow's,1387,Restaurant,Rosenblatt Louis,71 Crosby St.,Manhattan,New York,New York,71,Crosby,St.,,,,,,,Rosenblatt
3023,2196,1905,Trow's,1387,Restaurant,Rosenfeld Ignatz,156 2 Ave.,Manhattan,New York,New York,156,2,Ave.,,,,,,,Rosenfeld
3024,2197,1905,Trow's,1387,Restaurant,Rosenholtz Harry,1600 Avenue A,Manhattan,New York,New York,1600,Avenue,A,,,,,,,Rosenholtz
3025,2198,1905,Trow's,1387,Restaurant,Rosenthal Jacob,1523 2 Ave.,Manhattan,New York,New York,1523,2,Ave.,,,,,,,Rosenthal
3026,2199,1905,Trow's,1387,Restaurant,Rosenthal Julia,1523 2 Ave.,Manhattan,New York,New York,1523,2,Ave.,,,,,,,Rosenthal
3027,2200,1905,Trow's,1387,Restaurant,Rosenthal Mendel,30 Rivington St.,Manhattan,New York,New York,30,Rivington,St.,,,,,,,Rosenthal
3028,2201,1905,Trow's,1387,Restaurant,Rosenzweig Gershon,198 E. Broadway ,Manhattan,New York,New York,198,E. Broadway,,,,,,,,Rosenzweig
3029,2202,1905,Trow's,1387,Restaurant,Rosenzweig Julius,153 West St.,Manhattan,New York,New York,153,West,St.,,,,,,,Rosenzweig
3030,2203,1905,Trow's,1387,Restaurant,Ross John F.,614 Grand St.,Manhattan,New York,New York,614,Grand,St.,,,,,,,Ross
3031,2204,1905,Trow's,1387,Restaurant,Ross William,164 Leroy St.,Manhattan,New York,New York,164,Leroy,St.,,,,,,,Ross
3032,2205,1905,Trow's,1387,Restaurant,Rossano Pasquale,335 E. 11 St.,Manhattan,New York,New York,335,E. 11,St.,,,,,,,Rossano
3033,2206,1905,Trow's,1387,Restaurant,Ross Emilio,12.5 Baxter St.,Manhattan,New York,New York,12.5,Baxter,St.,,,,,,,Ross
3034,2207,1905,Trow's,1387,Restaurant,Rossi Pasquale,116 Mulberry St.,Manhattan,New York,New York,116,Mulberry,St.,,,,,,,Rossi
3035,2208,1905,Trow's,1387,Restaurant,Rosumoff David,122 Greene St.,Manhattan,New York,New York,122,Greene,St.,,,,,,,Rosumoff
3036,2209,1905,Trow's,1387,Restaurant,Rothschild David,196 Park Row,Manhattan,New York,New York,196,Park,Row,,,,,,,Rothschild
3037,2210,1905,Trow's,1387,Restaurant,Rouferg Edward,259 Madison St.,Manhattan,New York,New York,259,Madison,St.,,,,,,,Rouferg
3038,2211,1905,Trow's,1387,Restaurant,Roulet & Girard,77 Nassau St.,Manhattan,New York,New York,77,Nassau,St.,,,,,,,Roulet
3039,2212,1905,Trow's,1387,Restaurant,Rousar John F. ,955 3 Ave.,Manhattan,New York,New York,955,3,Ave.,,,,,,,Rousar
3040,2213,1905,Trow's,1387,Restaurant,Rovatzos Charles,44 W. 29 St.,Manhattan,New York,New York,44,W. 29,St.,,,,,,,Rovatzos
3041,2214,1905,Trow's,1387,Restaurant,Rovere Lorenzo,1457 3 Ave.,Manhattan,New York,New York,1457,3,Ave.,,,,,,,Rovere
3042,2215,1905,Trow's,1387,Restaurant,Rowan Michael,110 W. 18 St.,Manhattan,New York,New York,110,W. 18,St.,,,,,,,Rowan
3043,2216,1905,Trow's,1387,Restaurant,Royster Thomas H.,8 Carmine St.,Manhattan,New York,New York,8,Carmine,St.,,,,,,,Royster
3044,2217,1905,Trow's,1387,Restaurant,Rozel William ,161 E. 42 St.,Manhattan,New York,New York,161,E. 42,St.,,,,,,,Rozel
3045,2218,1905,Trow's,1387,Restaurant,Ruback Louis,118 Chrystie St.,Manhattan,New York,New York,118,Chrystie,St.,,,,,,,Ruback
3046,2219,1905,Trow's,1387,Restaurant,Rudner & Roth,145 2 Ave.,Manhattan,New York,New York,145,2,Ave.,,,,,,,Rudner
3047,2220,1905,Trow's,1387,Restaurant,Rupper Catharine,Jerome Ave & E. 161 St.,Manhattan,New York,New York,Jerome Ave,&,E. 161 St.,,,,,,,Rupper
3048,2221,1905,Trow's,1387,Restaurant,Rupprick August,1318 3 Ave.,Manhattan,New York,New York,1318,3,Ave.,,,,,,,Rupprick
3049,2222,1905,Trow's,1387,Restaurant,Ruthmann William (Central Dining Room for Ladies )and Gentleman,142 Fulton St.,Manhattan,New York,New York,142,Fulton,St.,,,,,,,Ruthmann
3050,2223,1905,Trow's,1387,Restaurant,Ruthmann & Katt,32 Harrison St.,Manhattan,New York,New York,32,Harrison,St.,,,,,,,Ruthmann
3051,2224,1905,Trow's,1387,Restaurant,Ruthman David,13 Essex St.,Manhattan,New York,New York,13,Essex,St.,,,,,,,Ruthman
3052,2225,1905,Trow's,1387,Restaurant,Ruzin Philip,28 Bond St.,Manhattan,New York,New York,28,Bond,St.,,,,,,,Ruzin
3053,2226,1905,Trow's,1387,Restaurant,Ruzzo Sebatino,516 Corttlandt St.,Manhattan,New York,New York,516,Corttlandt,St.,,,,,,,Ruzzo
3054,2227,1905,Trow's,1387,Restaurant,Ryan Herman,99 Fulton St.,Manhattan,New York,New York,99,Fulton,St.,,,,,,,Ryan
3055,2228,1905,Trow's,1387,Restaurant,Ryan James J.,519 3 Ave.,Manhattan,New York,New York,519,3,Ave.,,,,,,,Ryan
3056,2229,1905,Trow's,1387,Restaurant,Ruba William ,522 1 Ave.,Manhattan,New York,New York,522,1,Ave.,,,,,,,Ruba
3057,2230,1905,Trow's,1387,Restaurant,Rymanauer Israel,139 Attorney St.,Manhattan,New York,New York,139,Attorney,St.,,,,,,,Rymanauer
3058,2231,1905,Trow's,1387,Restaurant,Saadi & Hobeila,34 West St.,Manhattan,New York,New York,34,West,St.,,,,,,,Saadi
3059,2232,1905,Trow's,1387,Restaurant,Sabato Filippo,322 E. 112 St.,Manhattan,New York,New York,322,E. 112,St.,,,,,,,Sabato
3060,2233,1905,Trow's,1387,Restaurant,Sabiro Max,66 Prince St.,Manhattan,New York,New York,66,Prince,St.,,,,,,,Sabiro
3061,2234,1905,Trow's,1387,Restaurant,Sachman Adolph,6 Stanton St.,Manhattan,New York,New York,6,Stanton,St.,,,,,,,Sachman
3062,2235,1905,Trow's,1387,Restaurant,Sachs Isidor,86 Canal St.,Manhattan,New York,New York,86,Canal,St.,,,,,,,Sachs
3063,2236,1905,Trow's,1387,Restaurant,Sachs Robert,82 Cortlandt  St.,Manhattan,New York,New York,82,Cortlandt ,St.,,,,,,,Sachs
3064,2237,1905,Trow's,1387,Restaurant,Sachs & Ginsburg,215 Rivington St.,Manhattan,New York,New York,215,Rivington,St.,,,,,,,Sachs
3065,2238,1905,Trow's,1387,Restaurant,Sackler Joseph,22 Jackson St.,Manhattan,New York,New York,22,Jackson,St.,,,,,,,Sackler
3066,2239,1905,Trow's,1387,Restaurant,Sadowsky & Ribman,240 Division St.,Manhattan,New York,New York,240,Division,St.,,,,,,,Sadowsky
3067,2240,1905,Trow's,1387,Restaurant,Sadowsky & Weiss,191 Rivington St.,Manhattan,New York,New York,191,Rivington,St.,,,,,,,Sadowsky
3068,2241,1905,Trow's,1387,Restaurant,Saffran Max,242 Broome St.,Manhattan,New York,New York,242,Broome,St.,,,,,,,Saffran
3069,2242,1905,Trow's,1387,Restaurant,Safin Carl,254 10 Ave.,Manhattan,New York,New York,254,10,Ave.,,,,,,,Safin
3070,2243,1905,Trow's,1387,Restaurant,Safran Moritz,89 Grand St.,Manhattan,New York,New York,89,Grand,St.,,,,,,,Safran
3071,2244,1905,Trow's,1387,Restaurant,Sage George E.,605 Amsterdam Ave.,Manhattan,New York,New York,605,Amsterdam,Ave.,,,,,,,Sage
3072,2245,1905,Trow's,1387,Restaurant,Sakell Peter,33 Madison St.,Manhattan,New York,New York,33,Madison,St.,,,,,,,Sakell
3073,2246,1905,Trow's,1387,Restaurant,Salino Michele,329 E. 11 St.,Manhattan,New York,New York,329,E. 11,St.,,,,,,,Salino
3074,2247,1905,Trow's,1387,Restaurant,Salmon John,32 Beaver St.,Manhattan,New York,New York,32,Beaver,St.,,,,,,,Salmon
3075,2248,1905,Trow's,1387,Restaurant,Salsberg David,78 Division St.,Manhattan,New York,New York,78,Division,St.,,,,,,,Salsberg
3076,2249,1905,Trow's,1387,Restaurant,Salsberg Jacob,60 Avenue B,Manhattan,New York,New York,60,Avenue,B,,,,,,,Salsberg
3077,2250,1905,Trow's,1387,Restaurant,Saluch Joseph,821 3 Ave.,Manhattan,New York,New York,821,3,Ave.,,,,,,,Saluch
3078,2251,1905,Trow's,1387,Restaurant,Salz Morris,138 Rivington St.,Manhattan,New York,New York,138,Rivington,St.,,,,,,,Salz
3079,2252,1905,Trow's,1388,Restaurant,Sameth Max,326 E. Houston St.,Manhattan,New York,New York,326,E. Houston,St.,,,,,,,Sameth
3080,2253,1905,Trow's,1388,Restaurant,Samin John,83 Washington St.,Manhattan,New York,New York,83,Washington,St.,,,,,,,Samin
3081,2254,1905,Trow's,1388,Restaurant,Samuels Manuel,47 W. 116 St.,Manhattan,New York,New York,47,W. 116,St.,,,,,,,Samuels
3082,2255,1905,Trow's,1388,Restaurant,Sandal Benjamin,183 Rivington St.,Manhattan,New York,New York,183,Rivington,St.,,,,,,,Sandal
3083,2256,1905,Trow's,1388,Restaurant,Sanzer Peter,56 Columbia St.,Manhattan,New York,New York,56,Columbia,St.,,,,,,,Sanzer
3084,2257,1905,Trow's,1388,Restaurant,Sapossnek Julius,367 Cherry St.,Manhattan,New York,New York,367,Cherry,St.,,,,,,,Sapossnek
3085,2258,1905,Trow's,1388,Restaurant,Satozky Max,13 E. Broadway ,Manhattan,New York,New York,13,E. Broadway,,,,,,,,Satozky
3086,2259,1905,Trow's,1388,Restaurant,Satz Adelia ,48 Essex St.,Manhattan,New York,New York,48,Essex,St.,,,,,,,Satz
3087,2260,1905,Trow's,1388,Restaurant,Saunders Marco,82 Broad St.,Manhattan,New York,New York,82,Broad,St.,,,,,,,Saunders
3088,2261,1905,Trow's,1388,Restaurant,Savastano Joseph,102 Macdougal St.,Manhattan,New York,New York,102,Macdougal,St.,,,,,,,Savastano
3089,2262,1905,Trow's,1388,Restaurant,Sbarr J. & B. Bass,86 Allen St.,Manhattan,New York,New York,86,Allen,St.,,,,,,,Sbarr
3090,2263,1905,Trow's,1388,Restaurant,Sealisi P. ,303 E. 106 St.,Manhattan,New York,New York,303,E. 106,St.,,,,,,,Sealisi
3091,2264,1905,Trow's,1388,Restaurant,Schaab Henry,27 Couper Sq E. ,Manhattan,New York,New York,27,Couper Sq E.,,,,,,,,Schaab
3092,2265,1905,Trow's,1388,Restaurant,Schachner Bernard,42 E. 10 St.,Manhattan,New York,New York,42,E. 10,St.,,,,,,,Schachner
3093,2266,1905,Trow's,1388,Restaurant,Sachaefer Jacob,236 4 Ave.,Manhattan,New York,New York,236,4,Ave.,,,,,,,Sachaefer
3094,2267,1905,Trow's,1388,Restaurant,Sachanno & Willy,50 Church St.,Manhattan,New York,New York,50,Church,St.,,,,,,,Sachanno
3095,2268,1905,Trow's,1388,Restaurant,Schaper Henry, E. 138 St.,Manhattan,New York,New York,,E. 138,St.,,,,,,,Schaper
3096,2269,1905,Trow's,1388,Restaurant,Scheer & Lebovitz,643 Broadway ,Manhattan,New York,New York,643,Broadway,,,,,,,,Scheer
3097,2270,1905,Trow's,1388,Restaurant,Scheer & Lebovitz,27 Mercer St.,Manhattan,New York,New York,27,Mercer,St.,,,,,,,Scheer
3098,2271,1905,Trow's,1388,Restaurant,Scheflin Selig,215 Wooster St.,Manhattan,New York,New York,215,Wooster,St.,,,,,,,Scheflin
3099,2272,1905,Trow's,1388,Restaurant,Scheinbaum Wolf,83 Allen St.,Manhattan,New York,New York,83,Allen,St.,,,,,,,Scheinbaum
3100,2273,1905,Trow's,1388,Restaurant,Schelhass Charles,128 E. 84 St.,Manhattan,New York,New York,128,E. 84,St.,,,,,,,Schelhass
3101,2274,1905,Trow's,1388,Restaurant,Schen Israel,62 Bayard St.,Manhattan,New York,New York,62,Bayard,St.,,,,,,,Schen
3102,2275,1905,Trow's,1388,Restaurant,Scher Samuel,11 Rivington St.,Manhattan,New York,New York,11,Rivington,St.,,,,,,,Scher
3103,2276,1905,Trow's,1388,Restaurant,Scherl Jacob,146 Suffolk St.,Manhattan,New York,New York,146,Suffolk,St.,,,,,,,Scherl
3104,2277,1905,Trow's,1388,Restaurant,Scheubner Michael,61 Grand St.,Manhattan,New York,New York,61,Grand,St.,,,,,,,Scheubner
3105,2278,1905,Trow's,1388,Restaurant,Schiaffino Davide,134 Sullivan St.,Manhattan,New York,New York,134,Sullivan,St.,,,,,,,Schiaffino
3106,2279,1905,Trow's,1388,Restaurant,Schiffer Joseph,25 Broad St.,Manhattan,New York,New York,25,Broad,St.,,,,,,,Schiffer
3107,2280,1905,Trow's,1388,Restaurant,Schiffman Wilhelmina,55 Willett St.,Manhattan,New York,New York,55,Willett,St.,,,,,,,Schiffman
3108,2281,1905,Trow's,1388,Restaurant,Schild Harris,127 Clinton St.,Manhattan,New York,New York,127,Clinton,St.,,,,,,,Schild
3109,2282,1905,Trow's,1388,Restaurant,Schilder Maurice,85 Maiden Ln.,Manhattan,New York,New York,85,Maiden,Ln.,,,,,,,Schilder
3110,2283,1905,Trow's,1388,Restaurant,Schirmund's Bakery & Lunch Room,923 3 Ave.,Manhattan,New York,New York,923,3,Ave.,,,,,,,Schirmund's
3111,2284,1905,Trow's,1388,Restaurant,Schlegel Herman,551 Pearl St.,Manhattan,New York,New York,551,Pearl,St.,,,,,,,Schlegel
3112,2285,1905,Trow's,1388,Restaurant,Schleicher Bertha,19 Beekman St.,Manhattan,New York,New York,19,Beekman,St.,,,,,,,Schleicher
3113,2286,1905,Trow's,1388,Restaurant,Schleip Eugene,2 Grand  Circle,Manhattan,New York,New York,2,Grand ,Circle,,,,,,,Schleip
3114,2287,1905,Trow's,1388,Restaurant,Schleiper Ernest,106 E. 4 St.,Manhattan,New York,New York,106,E. 4,St.,,,,,,,Schleiper
3115,2288,1905,Trow's,1388,Restaurant,Schmidt Ernest,200 Avenue C,Manhattan,New York,New York,200,Avenue,C,,,,,,,Schmidt
3116,2289,1905,Trow's,1388,Restaurant,Schmidt Frederick,503 W. 23 St.,Manhattan,New York,New York,503,W. 23,St.,,,,,,,Schmidt
3117,2290,1905,Trow's,1388,Restaurant,Schmidt George,94 Walker St.,Manhattan,New York,New York,94,Walker,St.,,,,,,,Schmidt
3118,2291,1905,Trow's,1388,Restaurant,Schmidt Otto L. ,65 E. 85 St.,Manhattan,New York,New York,65,E. 85,St.,,,,,,,Schmidt
3119,2292,1905,Trow's,1388,Restaurant,Schmidt Joseph,101 E. 14 St.,Manhattan,New York,New York,101,E. 14,St.,,,,,,,Schmidt
3120,2293,1905,Trow's,1388,Restaurant,Schneider Abraham,480 Canal St.,Manhattan,New York,New York,480,Canal,St.,,,,,,,Schneider
3121,2294,1905,Trow's,1388,Restaurant,Schneider Frank,512 2 Ave.,Manhattan,New York,New York,512,2,Ave.,,,,,,,Schneider
3122,2295,1905,Trow's,1388,Restaurant,Schneider Isaac S.,51 Broadway ,Manhattan,New York,New York,51,Broadway,,,,,,,,Schneider
3123,2296,1905,Trow's,1388,Restaurant,Schneider Joseph,271 3 Ave.,Manhattan,New York,New York,271,3,Ave.,,,,,,,Schneider
3124,2297,1905,Trow's,1388,Restaurant,Schneider Joseph,2333 3 Ave.,Manhattan,New York,New York,2333,3,Ave.,,,,,,,Schneider
3125,2298,1905,Trow's,1388,Restaurant,Schneider Otto,332 Bleecker St.,Manhattan,New York,New York,332,Bleecker,St.,,,,,,,Schneider
3126,2299,1905,Trow's,1388,Restaurant,Schneider Philip,733 Columbus Ave.,Manhattan,New York,New York,733,Columbus,Ave.,,,,,,,Schneider
3127,2300,1905,Trow's,1388,Restaurant,Schneider Rudolph,317 Bowery St.,Manhattan,New York,New York,317,Bowery,St.,,,,,,,Schneider
3128,2301,1905,Trow's,1388,Restaurant,Schneider Brothers,187 Division St.,Manhattan,New York,New York,187,Division,St.,,,,,,,Schneider
3129,2302,1905,Trow's,1388,Restaurant,Schnittjer Frank,156 E. 42 St.,Manhattan,New York,New York,156,E. 42,St.,,,,,,,Schnittjer
3130,2303,1905,Trow's,1388,Restaurant,Schnitz Carl,26 E. 21 St.,Manhattan,New York,New York,26,E. 21,St.,,,,,,,Schnitz
3131,2304,1905,Trow's,1388,Restaurant,Schoenfeld Osias,166 Eldridge St.,Manhattan,New York,New York,166,Eldridge,St.,,,,,,,Schoenfeld
3132,2305,1905,Trow's,1388,Restaurant,Schoenfled & Landau,258 E. Houston St.,Manhattan,New York,New York,258,E. Houston,St.,,,,,,,Schoenfled
3133,2306,1905,Trow's,1388,Restaurant,Schomber Harry,24 Delancey St.,Manhattan,New York,New York,24,Delancey,St.,,,,,,,Schomber
3134,2307,1905,Trow's,1388,Restaurant,Schomberg Abraham,150 Spring St.,Manhattan,New York,New York,150,Spring,St.,,,,,,,Schomberg
3135,2308,1905,Trow's,1388,Restaurant,Schonfeld Louis,162 Grand St.,Manhattan,New York,New York,162,Grand,St.,,,,,,,Schonfeld
3136,2309,1905,Trow's,1388,Restaurant,Schopp Anthony,2264 2 Ave.,Manhattan,New York,New York,2264,2,Ave.,,,,,,,Schopp
3137,2310,1905,Trow's,1388,Restaurant,Schor S. ,162 E. Houston St.,Manhattan,New York,New York,162,E. Houston,St.,,,,,,,Schor
3138,2311,1905,Trow's,1388,Restaurant,Schormann Alfred,28 Suffolk St.,Manhattan,New York,New York,28,Suffolk,St.,,,,,,,Schormann
3139,2312,1905,Trow's,1388,Restaurant,Schornack Herman,936 8 Ave.,Manhattan,New York,New York,936,8,Ave.,,,,,,,Schornack
3140,2313,1905,Trow's,1388,Restaurant,Schott Elizabeth,251 Church St.,Manhattan,New York,New York,251,Church,St.,,,,,,,Schott
3141,2314,1905,Trow's,1388,Restaurant,Schrader & Hourticq,1093 3 Ave.,Manhattan,New York,New York,1093,3,Ave.,,,,,,,Schrader
3142,2315,1905,Trow's,1388,Restaurant,Schreiber David G.,676 8 Ave.,Manhattan,New York,New York,676,8,Ave.,,,,,,,Schreiber
3143,2316,1905,Trow's,1388,Restaurant,Schreier Abraham ,177 Rivington St.,Manhattan,New York,New York,177,Rivington,St.,,,,,,,Schreier
3144,2317,1905,Trow's,1388,Restaurant,Schreier Benjamin,44 Avenue B,Manhattan,New York,New York,44,Avenue,B,,,,,,,Schreier
3145,2318,1905,Trow's,1388,Restaurant,Schreier M.,470 6 Ave.,Manhattan,New York,New York,470,6,Ave.,,,,,,,Schreier
3146,2319,1905,Trow's,1388,Restaurant,Schruberth Carl,93 3 Ave.,Manhattan,New York,New York,93,3,Ave.,,,,,,,Schruberth
3147,2320,1905,Trow's,1388,Restaurant,Schulbert J. Paul,1424 Broadway ,Manhattan,New York,New York,1424,Broadway,,,,,,,,Schulbert
3148,2321,1905,Trow's,1388,Restaurant,Schuler Willilam,191 E. Houston St.,Manhattan,New York,New York,191,E. Houston,St.,,,,,,,Schuler
3149,2322,1905,Trow's,1388,Restaurant,Schulsinger Benjamin,147 E. Houston St.,Manhattan,New York,New York,147,E. Houston,St.,,,,,,,Schulsinger
3150,2323,1905,Trow's,1388,Restaurant,Schultz Gustav ,1446 Broadway ,Manhattan,New York,New York,1446,Broadway,,,,,,,,Schultz
3151,2324,1905,Trow's,1388,Restaurant,Schultz Olga,301 Front St.,Manhattan,New York,New York,301,Front,St.,,,,,,,Schultz
3152,2325,1905,Trow's,1388,Restaurant,Schulz August,2508 Amsterdam Ave.,Manhattan,New York,New York,2508,Amsterdam,Ave.,,,,,,,Schulz
3153,2326,1905,Trow's,1388,Restaurant,Schulz Carl,55 2 Ave.,Manhattan,New York,New York,55,2,Ave.,,,,,,,Schulz
3154,2327,1905,Trow's,1388,Restaurant,Schulze Edward,23 William St.,Manhattan,New York,New York,23,William,St.,,,,,,,Schulze
3155,2328,1905,Trow's,1388,Restaurant,Schulze Louis,244 3 Ave.,Manhattan,New York,New York,244,3,Ave.,,,,,,,Schulze
3156,2329,1905,Trow's,1388,Restaurant,Schumann Charles,90 Horatio St.,Manhattan,New York,New York,90,Horatio,St.,,,,,,,Schumann
3157,2330,1905,Trow's,1388,Restaurant,Schumann Gustav,738 Broadway St.,Manhattan,New York,New York,738,Broadway,St.,,,,,,,Schumann
3158,2331,1905,Trow's,1388,Restaurant,Schumann Brothers,347 W. Houston St.,Manhattan,New York,New York,347,W. Houston,St.,,,,,,,Schumann
3159,2332,1905,Trow's,1388,Restaurant,Schumann & Co.,15 Broad St.,Manhattan,New York,New York,15,Broad,St.,,,,,,,Schumann
3160,2333,1905,Trow's,1388,Restaurant,Schumann's Bakery & Lunch Co. ,103 Bleecker St.,Manhattan,New York,New York,103,Bleecker,St.,,,,,,,Schumann's
3161,2334,1905,Trow's,1388,Restaurant,Schuppien Frederick A.,41 Rose St.,Manhattan,New York,New York,41,Rose,St.,,,,,,,Schuppien
3162,2335,1905,Trow's,1388,Restaurant,Schushaner Abraham ,13 Forsyth St.,Manhattan,New York,New York,13,Forsyth,St.,,,,,,,Schushaner
3163,2336,1905,Trow's,1388,Restaurant,Schwab Brothers,747 Broadway ,Manhattan,New York,New York,747,Broadway,,,,,,,,Schwab
3164,2337,1905,Trow's,1388,Restaurant,Schwager Frank,1778 2 Ave.,Manhattan,New York,New York,1778,2,Ave.,,,,,,,Schwager
3165,2338,1905,Trow's,1388,Restaurant,Schwartz Adolph,738 Lexington Ave.,Manhattan,New York,New York,738,Lexington,Ave.,,,,,,,Schwartz
3166,2339,1905,Trow's,1388,Restaurant,Schwartz Charles,163 Allen St.,Manhattan,New York,New York,163,Allen,St.,,,,,,,Schwartz
3167,2340,1905,Trow's,1388,Restaurant,Schwartz Emil C.,507 6 St.,Manhattan,New York,New York,507,6,St.,,,,,,,Schwartz
3168,2341,1905,Trow's,1388,Restaurant,Schwartz John,195 Pearl St.,Manhattan,New York,New York,195,Pearl,St.,,,,,,,Schwartz
3169,2342,1905,Trow's,1388,Restaurant,Schwartz John E. ,117 1 Ave.,Manhattan,New York,New York,117,1,Ave.,,,,,,,Schwartz
3170,2343,1905,Trow's,1388,Restaurant,Schwartz Mano,827 1 Ave.,Manhattan,New York,New York,827,1,Ave.,,,,,,,Schwartz
3171,2344,1905,Trow's,1388,Restaurant,Schwartz Max,257 E. Houston St.,Manhattan,New York,New York,257,E. Houston,St.,,,,,,,Schwartz
3172,2345,1905,Trow's,1388,Restaurant,Schwartz Morris,116 Eldridge St.,Manhattan,New York,New York,116,Eldridge,St.,,,,,,,Schwartz
3173,2346,1905,Trow's,1388,Restaurant,Schwartz Nathan,170 E. 80 St.,Manhattan,New York,New York,170,E. 80,St.,,,,,,,Schwartz
3174,2347,1905,Trow's,1388,Restaurant,Schwartz Samuel,131 Mercer St.,Manhattan,New York,New York,131,Mercer,St.,,,,,,,Schwartz
3175,2348,1905,Trow's,1388,Restaurant,Schwartz Samuel,619 6 Ave.,Manhattan,New York,New York,619,6,Ave.,,,,,,,Schwartz
3176,2349,1905,Trow's,1388,Restaurant,Schwartz & Sercus,26 2 Ave.,Manhattan,New York,New York,26,2,Ave.,,,,,,,Schwartz
3177,2350,1905,Trow's,1388,Restaurant,Schwartzberg David,13 2 Ave.,Manhattan,New York,New York,13,2,Ave.,,,,,,,Schwartzberg
3178,2351,1905,Trow's,1388,Restaurant,Schwarz Henry,21 E. 15 St.,Manhattan,New York,New York,21,E. 15,St.,,,,,,,Schwarz
3179,2352,1905,Trow's,1388,Restaurant,Schwarz Herman,22 E. 13 St.,Manhattan,New York,New York,22,E. 13,St.,,,,,,,Schwarz
3180,2353,1905,Trow's,1388,Restaurant,Schwarzwald Julius,289 3 Ave.,Manhattan,New York,New York,289,3,Ave.,,,,,,,Schwarzwald
3181,2354,1905,Trow's,1388,Restaurant,Schwarzwald Julius,675 3 Ave.,Manhattan,New York,New York,675,3,Ave.,,,,,,,Schwarzwald
3182,2355,1905,Trow's,1388,Restaurant,Schweitzer Bernard,76 Lewis St.,Manhattan,New York,New York,76,Lewis,St.,,,,,,,Schweitzer
3183,2356,1905,Trow's,1388,Restaurant,Schwiedler Joseph,158 Monroe St.,Manhattan,New York,New York,158,Monroe,St.,,,,,,,Schwiedler
3184,2357,1905,Trow's,1388,Restaurant,Scott George,109 Fulton St.,Manhattan,New York,New York,109,Fulton,St.,,,,,,,Scott
3185,2358,1905,Trow's,1388,Restaurant,Scott Salvatore,2109 1 Ave.,Manhattan,New York,New York,2109,1,Ave.,,,,,,,Scott
3186,2359,1905,Trow's,1388,Restaurant,Scouxgialos & Co.,102.5 Cherry St.,Manhattan,New York,New York,102.5,Cherry,St.,,,,,,,Scouxgialos
3187,2360,1905,Trow's,1388,Restaurant,Seelig Adolph,835 Broadway ,Manhattan,New York,New York,835,Broadway,,,,,,,,Seelig
3188,2361,1905,Trow's,1388,Restaurant,Segal Sender,94 Allen St.,Manhattan,New York,New York,94,Allen,St.,,,,,,,Segal
3189,2362,1905,Trow's,1388,Restaurant,Segall Suskind,51 Orchard St.,Manhattan,New York,New York,51,Orchard,St.,,,,,,,Segall
3190,2363,1905,Trow's,1388,Restaurant,Seiden Louis,155 Greene St.,Manhattan,New York,New York,155,Greene,St.,,,,,,,Seiden
3191,2364,1905,Trow's,1388,Restaurant,Seidman Louis,21 E. 21 St.,Manhattan,New York,New York,21,E. 21,St.,,,,,,,Seidman
3192,2365,1905,Trow's,1388,Restaurant,Seifert Philip,137 Grand St.,Manhattan,New York,New York,137,Grand,St.,,,,,,,Seifert
3193,2366,1905,Trow's,1388,Restaurant,Seigel Minnie,78 2 Ave.,Manhattan,New York,New York,78,2,Ave.,,,,,,,Seigel
3194,2367,1905,Trow's,1388,Restaurant,Seiler Frank,14 N. William St.,Manhattan,New York,New York,14,N. William,St.,,,,,,,Seiler
3195,2368,1905,Trow's,1388,Restaurant,Selensky Isaac,7 Walker St.,Manhattan,New York,New York,7,Walker,St.,,,,,,,Selensky
3196,2369,1905,Trow's,1388,Restaurant,Seligman Abraham,105 4 Ave.,Manhattan,New York,New York,105,4,Ave.,,,,,,,Seligman
3197,2370,1905,Trow's,1388,Restaurant,Seraphine Michael,2521 Amsterdam Ave.,Manhattan,New York,New York,2521,Amsterdam,Ave.,,,,,,,Seraphine
3198,2371,1905,Trow's,1388,Restaurant,Serlen Jacob,36 Peck  Sl.,Manhattan,New York,New York,36,Peck ,Sl.,,,,,,,Serlen
3199,2372,1905,Trow's,1388,Restaurant,Severance S. N. & Son,214 W. 94 St.,Manhattan,New York,New York,214,W. 94,St.,,,,,,,Severance
3200,2373,1905,Trow's,1388,Restaurant,Shafer Simon,69 E. 12 St.,Manhattan,New York,New York,69,E. 12,St.,,,,,,,Shafer
3201,2374,1905,Trow's,1388,Restaurant,Shainer Isaac,72 Lewis St.,Manhattan,New York,New York,72,Lewis,St.,,,,,,,Shainer
3202,2375,1905,Trow's,1388,Restaurant,Shakler Solomon,154 Allen St.,Manhattan,New York,New York,154,Allen,St.,,,,,,,Shakler
3203,2376,1905,Trow's,1388,Restaurant,Shankley Co. ,1212 Broadway ,Manhattan,New York,New York,1212,Broadway,,,,,,,,Shankley
3204,2377,1905,Trow's,1388,Restaurant,Shankley Co. ,1476 Broadway ,Manhattan,New York,New York,1476,Broadway,,,,,,,,Shankley
3205,2378,1905,Trow's,1388,Restaurant,Shankley Co. ,383 6 Ave.,Manhattan,New York,New York,383,6,Ave.,,,,,,,Shankley
3206,2379,1905,Trow's,1388,Restaurant,Shapira Abram,138 Eldridge St.,Manhattan,New York,New York,138,Eldridge,St.,,,,,,,Shapira
3207,2380,1905,Trow's,1388,Restaurant,Shapiro Gustave,242 Madison St.,Manhattan,New York,New York,242,Madison,St.,,,,,,,Shapiro
3208,2381,1905,Trow's,1388,Restaurant,Shapiro Henry,66 E. 12 St.,Manhattan,New York,New York,66,E. 12,St.,,,,,,,Shapiro
3209,2382,1905,Trow's,1388,Restaurant,Shapiro Solomon,134 8 Ave.,Manhattan,New York,New York,134,8,Ave.,,,,,,,Shapiro
3210,2383,1905,Trow's,1388,Restaurant,Shapiro Solomon,5 Essex St.,Manhattan,New York,New York,5,Essex,St.,,,,,,,Shapiro
3211,2384,1905,Trow's,1388,Restaurant,Sharrot D. Ellsworth,48 Broad St.,Manhattan,New York,New York,48,Broad,St.,,,,,,,Sharrot
3212,2385,1905,Trow's,1388,Restaurant,Shefrin Nathan,173 Park Row,Manhattan,New York,New York,173,Park,Row,,,,,,,Shefrin
3213,2386,1905,Trow's,1388,Restaurant,Sheidlinger Max,1685 Madison Ave.,Manhattan,New York,New York,1685,Madison,Ave.,,,,,,,Sheidlinger
3214,2387,1905,Trow's,1388,Restaurant,Shepherd William,1566 Broadway ,Manhattan,New York,New York,1566,Broadway,,,,,,,,Shepherd
3215,2388,1905,Trow's,1388,Restaurant,Sherman Harry,1445 2 Ave.,Manhattan,New York,New York,1445,2,Ave.,,,,,,,Sherman
3216,2389,1905,Trow's,1388,Restaurant,Sherry Louis,524 5 Ave.,Manhattan,New York,New York,524,5,Ave.,,,,,,,Sherry
3217,2390,1905,Trow's,1388,Restaurant,Sheshim Tanous,91 Washington St.,Manhattan,New York,New York,91,Washington,St.,,,,,,,Sheshim
3218,2391,1905,Trow's,1388,Restaurant,Sheilds I. M. ,39 W. 20 St.,Manhattan,New York,New York,39,W. 20,St.,,,,,,,Sheilds
3219,2392,1905,Trow's,1388,Restaurant,Shinkman Max,206 Broome St.,Manhattan,New York,New York,206,Broome,St.,,,,,,,Shinkman
3220,2393,1905,Trow's,1388,Restaurant,Shinkman Samuel,417.5 Grand St.,Manhattan,New York,New York,417.5,Grand,St.,,,,,,,Shinkman
3221,2394,1905,Trow's,1388,Restaurant,Shoemaker Isaac J. ,615 E. 138 St.,Manhattan,New York,New York,615,E. 138,St.,,,,,,,Shoemaker
3222,2395,1905,Trow's,1388,Restaurant,Shor David,498 W. Broadway ,Manhattan,New York,New York,498,W. Broadway,,,,,,,,Shor
3223,2396,1905,Trow's,1388,Restaurant,Shostak Frank,64 Henry St.,Manhattan,New York,New York,64,Henry,St.,,,,,,,Shostak
3224,2397,1905,Trow's,1388,Restaurant,Shreve & Holland,118 W. 31 St.,Manhattan,New York,New York,118,W. 31,St.,,,,,,,Shreve
3225,2398,1905,Trow's,1388,Restaurant,Shulman Morris,284 Monroe St.,Manhattan,New York,New York,284,Monroe,St.,,,,,,,Shulman
3226,2399,1905,Trow's,1388,Restaurant,Shur John,676 10 Ave.,Manhattan,New York,New York,676,10,Ave.,,,,,,,Shur
3227,2400,1905,Trow's,1388,Restaurant,Sidorsky Meyer,193 Broome St.,Manhattan,New York,New York,193,Broome,St.,,,,,,,Sidorsky
3228,2401,1905,Trow's,1388,Restaurant,Sigel Benjamin,262 Delancey St.,Manhattan,New York,New York,262,Delancey,St.,,,,,,,Sigel
3229,2402,1905,Trow's,1388,Restaurant,Siegel Julian,62 E. 8 St.,Manhattan,New York,New York,62,E. 8,St.,,,,,,,Siegel
3230,2403,1905,Trow's,1389,Restaurant,Siems & Schmidt,7 Rector St.,Manhattan,New York,New York,7,Rector,St.,,,,,,,Siems
3231,2404,1905,Trow's,1389,Restaurant,Sievers Charles,231 7 Ave.,Manhattan,New York,New York,231,7,Ave.,,,,,,,Sievers
3232,2405,1905,Trow's,1389,Restaurant,Siecers Herman,494 8 Ave.,Manhattan,New York,New York,494,8,Ave.,,,,,,,Siecers
3233,2406,1905,Trow's,1389,Restaurant,Silber & Herzberg,1687 3 Ave.,Manhattan,New York,New York,1687,3,Ave.,,,,,,,Silber
3234,2407,1905,Trow's,1389,Restaurant,Silberman Bernard,42 Canal St.,Manhattan,New York,New York,42,Canal,St.,,,,,,,Silberman
3235,2408,1905,Trow's,1389,Restaurant,Silberman Paul,349 E. 23 St.,Manhattan,New York,New York,349,E. 23,St.,,,,,,,Silberman
3236,2409,1905,Trow's,1389,Restaurant,Silsbe & Son,203 6 Ave.,Manhattan,New York,New York,203,6,Ave.,,,,,,,Silsbe
3237,2410,1905,Trow's,1389,Restaurant,Silver Harry,98 E. Broadway ,Manhattan,New York,New York,98,E. Broadway,,,,,,,,Silver
3238,2411,1905,Trow's,1389,Restaurant,Silverberg Isarel,56 2 Ave.,Manhattan,New York,New York,56,2,Ave.,,,,,,,Silverberg
3239,2412,1905,Trow's,1389,Restaurant,Silverman Harry,County  C H,Manhattan,New York,New York,County ,C,H,,,,,,,Silverman
3240,2413,1905,Trow's,1389,Restaurant,Silverman & Kaplan,84 8 Ave.,Manhattan,New York,New York,84,8,Ave.,,,,,,,Silverman
3241,2414,1905,Trow's,1389,Restaurant,Silverman & Kaplan,394 8 Ave.,Manhattan,New York,New York,394,8,Ave.,,,,,,,Silverman
3242,2415,1905,Trow's,1389,Restaurant,Silverman & Kaplan,86 6 Ave.,Manhattan,New York,New York,86,6,Ave.,,,,,,,Silverman
3243,2416,1905,Trow's,1389,Restaurant,Silverman & Kaplan,50 W. 18 St.,Manhattan,New York,New York,50,W. 18,St.,,,,,,,Silverman
3244,2417,1905,Trow's,1389,Restaurant,Silverstein David,2131 3 Ave.,Manhattan,New York,New York,2131,3,Ave.,,,,,,,Silverstein
3245,2418,1905,Trow's,1389,Restaurant,Silverstein Pauline,22 St. Marks Pl.,Manhattan,New York,New York,22,St. Marks,Pl.,,,,,,,Silverstein
3246,2419,1905,Trow's,1389,Restaurant,Simmons Henry,71 Murray St.,Manhattan,New York,New York,71,Murray,St.,,,,,,,Simmons
3247,2420,1905,Trow's,1389,Restaurant,Simon Samuel,881 6 Ave.,Manhattan,New York,New York,881,6,Ave.,,,,,,,Simon
3248,2421,1905,Trow's,1389,Restaurant,Simons Samuel,79 Orchard St.,Manhattan,New York,New York,79,Orchard,St.,,,,,,,Simons
3249,2422,1905,Trow's,1389,Restaurant,Simpons Robert,2366 1 Ave.,Manhattan,New York,New York,2366,1,Ave.,,,,,,,Simpons
3250,2423,1905,Trow's,1389,Chinese restaurant,Sing Lee,118 W. 27 St.,Manhattan,New York,New York,118,W. 27,St.,,,,,,,Sing
3251,2424,1905,Trow's,1389,Restaurant,Singer Louis,67 Eldridge St.,Manhattan,New York,New York,67,Eldridge,St.,,,,,,,Singer
3252,2425,1905,Trow's,1389,Restaurant,Singer Louis,327 4 Ave.,Manhattan,New York,New York,327,4,Ave.,,,,,,,Singer
