Unnamed: 0,ID,YR,DIR,PG,TYPE,NAME,ADDY,BOROUGH,CITY,STATE,HOUSENO,STNAME,STNAME.1,STNAME.2,ST_PREFIX,ST_SUFFIX,AdrMod,STNAME.3,STNAME.4,last_name
7816,576,1895,Trows,762.0,Restaurants,Getgood Brothers,249 W. 125 St.,Manhattan,New York,New York,249,125,,,W.,St.,,,,Getgood
7817,577,1895,Trows,762.0,Restaurants,Geyer George,73  Nassau St.,Manhattan,New York,New York,73,Nassau,,,,St.,,,,Geyer
7818,578,1895,Trows,762.0,Restaurants,Ghioldi Luigi,3  State St.,Manhattan,New York,New York,3,State,,,,St.,,,,Ghioldi
7819,579,1895,Trows,762.0,Restaurants,Giambastini C. & A. Campatelli,90  Park St.,Manhattan,New York,New York,90,Park,,,,St.,,,,Giambastini
7820,580,1895,Trows,762.0,Restaurants,Gianakopuolos Elias ,48  Madison St.,Manhattan,New York,New York,48,Madison,,,,St.,,,,Gianakopuolos
7821,581,1895,Trows,762.0,Restaurants,Gibbs Catharine,338  4 Ave.,Manhattan,New York,New York,338,4,,,,Ave.,,,,Gibbs
7822,582,1895,Trows,762.0,Restaurants,Gibbs Francis F.,467  4 Ave.,Manhattan,New York,New York,467,4,,,,Ave.,,,,Gibbs
7823,583,1895,Trows,762.0,Restaurants,Gibsen James jr.,63  Maiden La.,Manhattan,New York,New York,63,Maiden,,,,La.,,,,Gibsen
7824,584,1895,Trows,762.0,Restaurants,Giegerich Margaret C.,600  11 Ave.,Manhattan,New York,New York,600,11,,,,Ave.,,,,Giegerich
7825,585,1895,Trows,762.0,Restaurants,Gilleran & Mullins,203  Columbus Ave.,Manhattan,New York,New York,203,Columbus,,,,Ave.,,,,Gilleran
7826,586,1895,Trows,762.0,Restaurants,Gillespie Joseph,266  8 Ave.,Manhattan,New York,New York,266,8,,,,Ave.,,,,Gillespie
7827,587,1895,Trows,762.0,Restaurants,Ginsberg Max,139 E. Broadway,Manhattan,New York,New York,139,Broadway,,,E.,,,,,Ginsberg
7828,588,1895,Trows,762.0,Restaurants,Ginsburg Sarah,42  Delancey St.,Manhattan,New York,New York,42,Delancey,,,,St.,,,,Ginsburg
7829,589,1895,Trows,762.0,Restaurants,Girol Francis,68 W. 36 St.,Manhattan,New York,New York,68,36,,,W.,St.,,,,Girol
7830,590,1895,Trows,762.0,Restaurants,Gitcendanner Louis,1153  3 Ave.,Manhattan,New York,New York,1153,3,,,,Ave.,,,,Gitcendanner
7831,591,1895,Trows,762.0,Restaurants,Glaser Robert,176  Pearl St.,Manhattan,New York,New York,176,Pearl,,,,St.,,,,Glaser
7832,592,1895,Trows,762.0,Restaurants,Glattstein Joseph H.,171  Mercer St.,Manhattan,New York,New York,171,Mercer,,,,St.,,,,Glattstein
7833,593,1895,Trows,762.0,Restaurants,Glogan Joseph,356  Canal St.,Manhattan,New York,New York,356,Canal,,,,St.,,,,Glogan
7834,594,1895,Trows,762.0,Restaurants,Gold Joseph,204  Delancey St.,Manhattan,New York,New York,204,Delancey,,,,St.,,,,Gold
7835,595,1895,Trows,762.0,Restaurants,Goldberg Julius,64  Greenwich Ave.,Manhattan,New York,New York,64,Greenwich,,,,Ave.,,,,Goldberg
7836,596,1895,Trows,762.0,Restaurants,Goldberg Louis,118  Spring St.,Manhattan,New York,New York,118,Spring,,,,St.,,,,Goldberg
7837,597,1895,Trows,762.0,Restaurants,Goldenberg Samuel,206  Forsyth St.,Manhattan,New York,New York,206,Forsyth,,,,St.,,,,Goldenberg
7838,598,1895,Trows,762.0,Restaurants,Goldner & Co.,268  Stanton St.,Manhattan,New York,New York,268,Stanton,,,,St.,,,,Goldner
7839,599,1895,Trows,762.0,Restaurants,Goldstein John,294  Grand St.,Manhattan,New York,New York,294,Grand,,,,St.,,,,Goldstein
7840,600,1895,Trows,762.0,Restaurants,Goldstein Leopold,140  Forsyth St.,Manhattan,New York,New York,140,Forsyth,,,,St.,,,,Goldstein
7841,601,1895,Trows,762.0,Restaurants,Goldwater Lene,77  Goerck St.,Manhattan,New York,New York,77,Goerck,,,,St.,,,,Goldwater
7842,602,1895,Trows,762.0,Restaurants,Gombossy Lina,105  2 Ave.,Manhattan,New York,New York,105,2,,,,Ave.,,,,Gombossy
7843,603,1895,Trows,762.0,Restaurants,Gombossy Max,58 E. 4 St.,Manhattan,New York,New York,58,4,,,E.,St.,,,,Gombossy
7844,604,1895,Trows,762.0,Restaurants,Gomez Josquin,597  Grand St.,Manhattan,New York,New York,597,Grand,,,,St.,,,,Gomez
7845,605,1895,Trows,762.0,Restaurants,Goodelman Nina,65  Ludlow St.,Manhattan,New York,New York,65,Ludlow,,,,St.,,,,Goodelman
7846,606,1895,Trows,762.0,Restaurants,Gottlieb Henry,29 E. 20 St.,Manhattan,New York,New York,29,20,,,E.,St.,,,,Gottlieb
7847,607,1895,Trows,762.0,Restaurants,Goye O. A. & Co.,918  9 Ave.,Manhattan,New York,New York,918,9,,,,Ave.,,,,Goye
7848,608,1895,Trows,762.0,Restaurants,Graff Charles D.,87  Pike St.,Manhattan,New York,New York,87,Pike,,,,St.,,,,Graff
7849,609,1895,Trows,762.0,Restaurants,Graham Arthur ,260  1 Ave.,Manhattan,New York,New York,260,1,,,,Ave.,,,,Graham
7850,610,1895,Trows,762.0,Restaurants,Gran Adam,206  Avenue B St.,Manhattan,New York,New York,206,Avenue B,,,,St.,,,,Gran
7851,611,1895,Trows,762.0,Restaurants,Grant Ferdinand,132 W. 27 St.,Manhattan,New York,New York,132,27,,,W.,St.,,,,Grant
7852,612,1895,Trows,762.0,Restaurants,Gray John,207  Bleecker St.,Manhattan,New York,New York,207,Bleecker,,,,St.,,,,Gray
7853,613,1895,Trows,762.0,Restaurants,Gray & Gobbons,1326  Broadway,Manhattan,New York,New York,1326,Broadway,,,,,,,,Gray
7854,614,1895,Trows,762.0,Restaurants,Gray & Gobbons,677  8 Ave.,Manhattan,New York,New York,677,8,,,,Ave.,,,,Gray
7855,615,1895,Trows,762.0,Restaurants,Green Roderick & Son,49  Catharine Mkt.,Manhattan,New York,New York,49,Catharine,,,,Mkt.,,,,Green
7856,616,1895,Trows,762.0,Restaurants,Greenbaum Morris,354 E. Houston St.,Manhattan,New York,New York,354,Houston,,,E.,St.,,,,Greenbaum
7857,617,1895,Trows,762.0,Restaurants,Greenberg Henry,555 W. 14 St.,Manhattan,New York,New York,555,14,,,W.,St.,,,,Greenberg
7858,618,1895,Trows,762.0,Restaurants,Greenberg Herman,60  Essex St.,Manhattan,New York,New York,60,Essex,,,,St.,,,,Greenberg
7859,619,1895,Trows,762.0,Restaurants,Greenberg Isaac,69  Eldridge St.,Manhattan,New York,New York,69,Eldridge,,,,St.,,,,Greenberg
7860,620,1895,Trows,762.0,Restaurants,Greenberg Mary,62  Stanton St.,Manhattan,New York,New York,62,Stanton,,,,St.,,,,Greenberg
7861,621,1895,Trows,762.0,Restaurants,Greenhoot & Ross,648  Hudson St.,Manhattan,New York,New York,648,Hudson,,,,St.,,,,Greenhoot
7862,622,1895,Trows,762.0,Restaurants,Greer Margaret,2337  8 Ave.,Manhattan,New York,New York,2337,8,,,,Ave.,,,,Greer
7863,623,1895,Trows,762.0,Restaurants,Grenier Louis F.,406  6 Ave.,Manhattan,New York,New York,406,6,,,,Ave.,,,,Grenier
7864,624,1895,Trows,762.0,Restaurants,Grenih Jacob,36  Centre St.,Manhattan,New York,New York,36,Centre,,,,St.,,,,Grenih
7865,625,1895,Trows,762.0,Restaurants,Griffin Maurice J.,226  8 Ave.,Manhattan,New York,New York,226,8,,,,Ave.,,,,Griffin
7866,626,1895,Trows,762.0,Restaurants,Grimm Richard,1461  3 Ave.,Manhattan,New York,New York,1461,3,,,,Ave.,,,,Grimm
7867,627,1895,Trows,762.0,Restaurants,Gross Samuel,88  Ridge St.,Manhattan,New York,New York,88,Ridge,,,,St.,,,,Gross
7868,628,1895,Trows,762.0,Restaurants,Grossmann Adolph,122  Greene St.,Manhattan,New York,New York,122,Greene,,,,St.,,,,Grossmann
7869,629,1895,Trows,762.0,Restaurants,Grossmann Adolph,184 E. Broadway,Manhattan,New York,New York,184,Broadway,,,E.,,,,,Grossmann
7870,630,1895,Trows,762.0,Restaurants,Groves & Balley,244 W. 14 St.,Manhattan,New York,New York,244,14,,,W.,St.,,,,Groves
7871,631,1895,Trows,762.0,Restaurants,Grube Nicholas,301 W. 38 St.,Manhattan,New York,New York,301,38,,,W.,St.,,,,Grube
7872,632,1895,Trows,762.0,Restaurants,Gubser Albert V.,109  8 Ave.,Manhattan,New York,New York,109,8,,,,Ave.,,,,Gubser
7873,633,1895,Trows,762.0,Restaurants,Guerin Michael,206  Washington St.,Manhattan,New York,New York,206,Washington,,,,St.,,,,Guerin
7874,634,1895,Trows,762.0,Restaurants,Guldner Frank P.,167  William St.,Manhattan,New York,New York,167,William,,,,St.,,,,Guldner
7875,635,1895,Trows,762.0,Restaurants,Gumbashi G.,276 E. Houston St.,Manhattan,New York,New York,276,Houston,,,E.,St.,,,,Gumbashi
7876,636,1895,Trows,762.0,Restaurants,Gunst Bernhard,387  Grand St.,Manhattan,New York,New York,387,Grand,,,,St.,,,,Gunst
7877,637,1895,Trows,762.0,Restaurants,Gunther Joseph,107  3 Ave.,Manhattan,New York,New York,107,3,,,,Ave.,,,,Gunther
7878,638,1895,Trows,762.0,Restaurants,Guttin Jean Baptiste,109 W. 25 St.,Manhattan,New York,New York,109,25,,,W.,St.,,,,Guttin
7879,639,1895,Trows,762.0,Restaurants,Haag Conrad,36 E. 4 St.,Manhattan,New York,New York,36,4,,,E.,St.,,,,Haag
7880,640,1895,Trows,762.0,Restaurants,Haas John,100  Centre St.,Manhattan,New York,New York,100,Centre,,,,St.,,,,Haas
7881,641,1895,Trows,762.0,Restaurants,Haasemann Louis,862  3 Ave.,Manhattan,New York,New York,862,3,,,,Ave.,,,,Haasemann
7882,642,1895,Trows,762.0,Restaurants,Hachtmann Andrew,63 E. 9 St.,Manhattan,New York,New York,63,9,,,E.,St.,,,,Hachtmann
7883,643,1895,Trows,762.0,Restaurants,Hackett Margaret,366  Washington Mkt.,Manhattan,New York,New York,366,Washington,,,,Mkt.,,,,Hackett
7884,644,1895,Trows,762.0,Restaurants,Hagan Thomas,723  11 Ave.,Manhattan,New York,New York,723,11,,,,Ave.,,,,Hagan
7885,645,1895,Trows,762.0,Restaurants,Hagen Edward,129  Hudson St.,Manhattan,New York,New York,129,Hudson,,,,St.,,,,Hagen
7886,646,1895,Trows,762.0,Restaurants,Hagen Edward,168 W. Broadway,Manhattan,New York,New York,168,Broadway,,,W.,,,,,Hagen
7887,647,1895,Trows,762.0,Restaurants,Haggerty Cornelius,76  Tompkins Mkt.,Manhattan,New York,New York,76,Tompkins,,,,Mkt.,,,,Haggerty
7888,648,1895,Trows,762.0,Restaurants,Haggerty Fred,159  South St.,Manhattan,New York,New York,159,South,,,,St.,,,,Haggerty
7889,649,1895,Trows,762.0,Restaurants,Haggerty Fred,224  South St.,Manhattan,New York,New York,224,South,,,,St.,,,,Haggerty
7890,650,1895,Trows,762.0,Restaurants,Hahn Charles V.,347  4 Ave.,Manhattan,New York,New York,347,4,,,,Ave.,,,,Hahn
7891,651,1895,Trows,762.0,Restaurants,Hahn Samuel,45  Mercer St.,Manhattan,New York,New York,45,Mercer,,,,St.,,,,Hahn
7892,652,1895,Trows,762.0,Restaurants,Haim Louis,14  Frankfort St.,Manhattan,New York,New York,14,Frankfort,,,,St.,,,,Haim
7893,653,1895,Trows,762.0,Restaurants,Hakbonier William,154  Church St.,Manhattan,New York,New York,154,Church,,,,St.,,,,Hakbonier
7894,654,1895,Trows,762.0,Restaurants,Hall Catherine L.,49 W. 18 St.,Manhattan,New York,New York,49,18,,,W.,St.,,,,Hall
7895,655,1895,Trows,762.0,Restaurants,Hall Mary,143 E. 42 St.,Manhattan,New York,New York,143,42,,,E.,St.,,,,Hall
7896,656,1895,Trows,762.0,Restaurants,Halloran John H.,213  6 Ave.,Manhattan,New York,New York,213,6,,,,Ave.,,,,Halloran
7897,657,1895,Trows,762.0,Restaurants,Hamblen Arthur M.,29  Beaver St.,Manhattan,New York,New York,29,Beaver,,,,St.,,,,Hamblen
7898,658,1895,Trows,762.0,Restaurants,Hammerschmidt Peter,200  Avenue C St.,Manhattan,New York,New York,200,Avenue C,,,,St.,,,,Hammerschmidt
7899,659,1895,Trows,762.0,Restaurants,Han Louis,122  Allen St.,Manhattan,New York,New York,122,Allen,,,,St.,,,,Han
7900,660,1895,Trows,762.0,Restaurants,Harbonier William,132  Church St.,Manhattan,New York,New York,132,Church,,,,St.,,,,Harbonier
7901,661,1895,Trows,762.0,Restaurants,Harfst & Melchior,205  Hudson St.,Manhattan,New York,New York,205,Hudson,,,,St.,,,,Harfst
7902,662,1895,Trows,762.0,Restaurants,Harfst & Melchior,92  Varick St.,Manhattan,New York,New York,92,Varick,,,,St.,,,,Harfst
7903,663,1895,Trows,762.0,Restaurants,Harlib Morris,174  Allen St.,Manhattan,New York,New York,174,Allen,,,,St.,,,,Harlib
7904,664,1895,Trows,762.0,Restaurants,Harlow & Co.,76  Broad St.,Manhattan,New York,New York,76,Broad,,,,St.,,,,Harlow
7905,665,1895,Trows,762.0,Restaurants,Harrigan Thomas,130  1 Ave.,Manhattan,New York,New York,130,1,,,,Ave.,,,,Harrigan
7906,666,1895,Trows,762.0,Restaurants,Harriman Silvie A.,389  3 Ave.,Manhattan,New York,New York,389,3,,,,Ave.,,,,Harriman
7907,667,1895,Trows,762.0,Restaurants,Harris M. B.,828  10 Ave.,Manhattan,New York,New York,828,10,,,,Ave.,,,,Harris
7908,668,1895,Trows,762.0,Restaurants,Harris Samuel,165  Division St.,Manhattan,New York,New York,165,Division,,,,St.,,,,Harris
7909,669,1895,Trows,762.0,Restaurants,Harris William,143 W. 53 St.,Manhattan,New York,New York,143,53,,,W.,St.,,,,Harris
7910,670,1895,Trows,762.0,Restaurants,Hart John,111 E. 125 St.,Manhattan,New York,New York,111,125,,,E.,St.,,,,Hart
7911,671,1895,Trows,762.0,Restaurants,Hartmann Julius C.,1  Broadway,Manhattan,New York,New York,1,Broadway,,,,,,,,Hartmann
7912,672,1895,Trows,762.0,Restaurants,Hartmann Julius C.,15  Broad St.,Manhattan,New York,New York,15,Broad,,,,St.,,,,Hartmann
7913,673,1895,Trows,762.0,Restaurants,Hastenpflug Henry,151  Avenue A St.,Manhattan,New York,New York,151,Avenue A,,,,St.,,,,Hastenpflug
7914,674,1895,Trows,762.0,Restaurants,Hauser George,66  Delancey St.,Manhattan,New York,New York,66,Delancey,,,,St.,,,,Hauser
7915,675,1895,Trows,762.0,Restaurants,Hausmann August,437  1 Ave.,Manhattan,New York,New York,437,1,,,,Ave.,,,,Hausmann
7916,676,1895,Trows,762.0,Restaurants,Hausted John,60  Thomas St.,Manhattan,New York,New York,60,Thomas,,,,St.,,,,Hausted
7917,677,1895,Trows,762.0,Restaurants,Hayward Brothers,231  Broadway,Manhattan,New York,New York,231,Broadway,,,,,,,,Hayward
7918,678,1895,Trows,762.0,Restaurants,Hazeltine George ,38  Broad St.,Manhattan,New York,New York,38,Broad,,,,St.,,,,Hazeltine
7919,679,1895,Trows,762.0,Restaurants,Hazeltine George ,107  Water St.,Manhattan,New York,New York,107,Water,,,,St.,,,,Hazeltine
7920,680,1895,Trows,762.0,Restaurants,Hecht & Liebestein,420  3 Ave.,Manhattan,New York,New York,420,3,,,,Ave.,,,,Hecht
7921,681,1895,Trows,762.0,Restaurants,Heerdt Charles,925  3 Ave.,Manhattan,New York,New York,925,3,,,,Ave.,,,,Heerdt
7922,682,1895,Trows,762.0,Restaurants,Heeseman Lucy,300  Pearl St.,Manhattan,New York,New York,300,Pearl,,,,St.,,,,Heeseman
7923,683,1895,Trows,762.0,Restaurants,Hehune Emile,673  3 Ave.,Manhattan,New York,New York,673,3,,,,Ave.,,,,Hehune
7924,684,1895,Trows,762.0,Restaurants,Heid Peter,756  1 Ave.,Manhattan,New York,New York,756,1,,,,Ave.,,,,Heid
7925,685,1895,Trows,762.0,Restaurants,Heid Reinhard,891  2 Ave.,Manhattan,New York,New York,891,2,,,,Ave.,,,,Heid
7926,686,1895,Trows,762.0,Restaurants,Heim Catharine,29 W. 27 St.,Manhattan,New York,New York,29,27,,,W.,St.,,,,Heim
7927,687,1895,Trows,762.0,Restaurants,Hein Brothers,285  Bowery St.,Manhattan,New York,New York,285,Bowery,,,,St.,,,,Hein
7928,688,1895,Trows,762.0,Restaurants,Heinson Charles,17  South St.,Manhattan,New York,New York,17,South,,,,St.,,,,Heinson
7929,689,1895,Trows,762.0,Restaurants,Heinson John S.,113  John St.,Manhattan,New York,New York,113,John,,,,St.,,,,Heinson
7930,690,1895,Trows,762.0,Restaurants,Heinz Henry,97  Avenue A St.,Manhattan,New York,New York,97,Avenue A,,,,St.,,,,Heinz
7931,691,1895,Trows,762.0,Restaurants,Heller Adolph,5  Avenue B St.,Manhattan,New York,New York,5,Avenue B,,,,St.,,,,Heller
7932,692,1895,Trows,762.0,Restaurants,Heller Morris,191  Mercer St.,Manhattan,New York,New York,191,Mercer,,,,St.,,,,Heller
7933,693,1895,Trows,762.0,Restaurants,Hellwer August,201  Avenue A St.,Manhattan,New York,New York,201,Avenue A,,,,St.,,,,Hellwer
7934,694,1895,Trows,762.0,Restaurants,Henke George,47  Wooster St.,Manhattan,New York,New York,47,Wooster,,,,St.,,,,Henke
7935,695,1895,Trows,762.0,Restaurants,Herman Israel,93  Allen St.,Manhattan,New York,New York,93,Allen,,,,St.,,,,Herman
7936,696,1895,Trows,762.0,Restaurants,Herman Mary,262  1 Ave.,Manhattan,New York,New York,262,1,,,,Ave.,,,,Herman
7937,697,1895,Trows,762.0,Restaurants,Hermann George,159  Avenue B St.,Manhattan,New York,New York,159,Avenue B,,,,St.,,,,Hermann
7938,698,1895,Trows,762.0,Restaurants,Hermann Brothers,347 E. 10 St.,Manhattan,New York,New York,347,10,,,E.,St.,,,,Hermann
7939,699,1895,Trows,762.0,Restaurants,Herring Lewis,83  Park Row,Manhattan,New York,New York,83,Park,,,,Row,,,,Herring
7940,700,1895,Trows,762.0,Restaurants,Herring Lewis,97  Park Row,Manhattan,New York,New York,97,Park,,,,Row,,,,Herring
7941,701,1895,Trows,762.0,Restaurants,Herrmann Pauline,118 W. 15 St.,Manhattan,New York,New York,118,15,,,W.,St.,,,,Herrmann
7942,702,1895,Trows,762.0,Restaurants,Hersch Isaac,807  1 Ave.,Manhattan,New York,New York,807,1,,,,Ave.,,,,Hersch
7943,703,1895,Trows,762.0,Restaurants,Herskovits Julius,325  5 St.,Manhattan,New York,New York,325,5,,,,St.,,,,Herskovits
7944,704,1895,Trows,762.0,Restaurants,Herskovitz Joseph L.,365 E. Houston St.,Manhattan,New York,New York,365,Houston,,,E.,St.,,,,Herskovitz
7945,705,1895,Trows,762.0,Restaurants,Herzlich Michael ,275 E. Houston St.,Manhattan,New York,New York,275,Houston,,,E.,St.,,,,Herzlich
7946,706,1895,Trows,763.0,Restaurants,Hess Henry,384  Broome St.,Manhattan,New York,New York,384,Broome,,,,St.,,,,Hess
7947,707,1895,Trows,763.0,Restaurants,Hesse Albert,21 S. 5 Ave.,Manhattan,New York,New York,21,5,,,S.,Ave.,,,,Hesse
7948,708,1895,Trows,763.0,Restaurants,Heumann Michael,145 E. 58 St.,Manhattan,New York,New York,145,58,,,E.,St.,,,,Heumann
7949,709,1895,Trows,763.0,Restaurants,Hevert William F.,74  Hudson St.,Manhattan,New York,New York,74,Hudson,,,,St.,,,,Hevert
7950,710,1895,Trows,763.0,Restaurants,Heyl & Noethen,16 W. 3 St.,Manhattan,New York,New York,16,3,,,W.,St.,,,,Heyl
7951,711,1895,Trows,763.0,Restaurants,Heyner Bernhard,175 E. Houston St.,Manhattan,New York,New York,175,Houston,,,E.,St.,,,,Heyner
7952,712,1895,Trows,763.0,Restaurants,Hickey Charles W.,64  John St.,Manhattan,New York,New York,64,John,,,,St.,,,,Hickey
7953,713,1895,Trows,763.0,Restaurants,Hickey Eleanora,518 W. 27 St.,Manhattan,New York,New York,518,27,,,W.,St.,,,,Hickey
7954,714,1895,Trows,763.0,Restaurants,Hiebendahl Emil,4254  3 Ave.,Manhattan,New York,New York,4254,3,,,,Ave.,,,,Hiebendahl
7955,715,1895,Trows,763.0,Restaurants,Hild John G.,17 W. 3 St.,Manhattan,New York,New York,17,3,,,W.,St.,,,,Hild
7956,716,1895,Trows,763.0,Restaurants,Hill Fletcher ,452 E. Houston St.,Manhattan,New York,New York,452,Houston,,,E.,St.,,,,Hill
7957,717,1895,Trows,763.0,Restaurants,Hill William J.,762  6 Ave.,Manhattan,New York,New York,762,6,,,,Ave.,,,,Hill
7958,718,1895,Trows,763.0,Restaurants,Hillmeyer Frederick ,1733  Avenue A St.,Manhattan,New York,New York,1733,Avenue A,,,,St.,,,,Hillmeyer
7959,719,1895,Trows,763.0,Restaurants,Hippler Ernest A.,179  William St.,Manhattan,New York,New York,179,William,,,,St.,,,,Hippler
7960,720,1895,Trows,763.0,Restaurants,"Hitchcock's Oliver, Son",34  Park Row,Manhattan,New York,New York,34,Park,,,,Row,,,,Hitchcock's
7961,721,1895,Trows,763.0,Restaurants,Hitchens George E.,111 W. 27 St.,Manhattan,New York,New York,111,27,,,W.,St.,,,,Hitchens
7962,722,1895,Trows,763.0,Restaurants,Hitchin Joseph,166  Division St.,Manhattan,New York,New York,166,Division,,,,St.,,,,Hitchin
7963,723,1895,Trows,763.0,Restaurants,Hockey Samuel ,68  Trinity Pl.,Manhattan,New York,New York,68,Trinity,,,,Pl.,,,,Hockey
7964,724,1895,Trows,763.0,Restaurants,Hoffer Cornelia,58  11 Ave.,Manhattan,New York,New York,58,11,,,,Ave.,,,,Hoffer
7965,725,1895,Trows,763.0,Restaurants,Hoffman House (inc),60  Broadway,Manhattan,New York,New York,60,Broadway,,,,,,,,Hoffman
7966,726,1895,Trows,763.0,Restaurants,Hoffman House (inc),7  Beaver St.,Manhattan,New York,New York,7,Beaver,,,,St.,,,,Hoffman
7967,727,1895,Trows,763.0,Restaurants,Hoffman Jacob,110  Prince St.,Manhattan,New York,New York,110,Prince,,,,St.,,,,Hoffman
7968,728,1895,Trows,763.0,Restaurants,Hoffman & Mathiesen,880  3 Ave.,Manhattan,New York,New York,880,3,,,,Ave.,,,,Hoffman
7969,729,1895,Trows,763.0,Restaurants,Holland David,141  4 Ave.,Manhattan,New York,New York,141,4,,,,Ave.,,,,Holland
7970,730,1895,Trows,763.0,Restaurants,Hollender Frederick & Co.,71  Chambers St.,Manhattan,New York,New York,71,Chambers,,,,St.,,,,Hollender
7971,731,1895,Trows,763.0,Restaurants,Hollender Frederick & Co.,149 W. 125 St.,Manhattan,New York,New York,149,125,,,W.,St.,,,,Hollender
7972,732,1895,Trows,763.0,Restaurants,Hollender Frederick & Co.,1  Irving Pl.,Manhattan,New York,New York,1,Irving,,,,Pl.,,,,Hollender
7973,733,1895,Trows,763.0,Restaurants,Holliday Mary,748  6 Ave.,Manhattan,New York,New York,748,6,,,,Ave.,,,,Holliday
7974,734,1895,Trows,763.0,Restaurants,Holstein Julius,425  6 St.,Manhattan,New York,New York,425,6,,,,St.,,,,Holstein
7975,735,1895,Trows,763.0,Restaurants,Holtz Matilda,827  Washington St.,Manhattan,New York,New York,827,Washington,,,,St.,,,,Holtz
7976,736,1895,Trows,763.0,Restaurants,Holz Philip,151  Amsterdam Ave.,Manhattan,New York,New York,151,Amsterdam,,,,Ave.,,,,Holz
7977,737,1895,Trows,763.0,Restaurants,Holzkamp Louis,300  3 St.,Manhattan,New York,New York,300,3,,,,St.,,,,Holzkamp
7978,738,1895,Trows,763.0,Restaurants,Holzkamp L. & Unger,221  Bleecker St.,Manhattan,New York,New York,221,Bleecker,,,,St.,,,,Holzkamp
7979,739,1895,Trows,763.0,Restaurants,Homburger August,99  West St.,Manhattan,New York,New York,99,West,,,,St.,,,,Homburger
7980,740,1895,Trows,763.0,Restaurants,Homburger August,157  Cedar St.,Manhattan,New York,New York,157,Cedar,,,,St.,,,,Homburger
7981,741,1895,Trows,763.0,Restaurants,Honor A. W.,1533  Broadway,Manhattan,New York,New York,1533,Broadway,,,,,,,,Honor
7982,742,1895,Trows,763.0,Restaurants,Hopper George W.,730  8 Ave.,Manhattan,New York,New York,730,8,,,,Ave.,,,,Hopper
7983,743,1895,Trows,763.0,Restaurants,Horan Joseph,1049  6 Ave.,Manhattan,New York,New York,1049,6,,,,Ave.,,,,Horan
7984,744,1895,Trows,763.0,Restaurants,Horgan Daniel,210  Fulton Mkt.,Manhattan,New York,New York,210,Fulton,,,,Mkt.,,,,Horgan
7985,745,1895,Trows,763.0,Restaurants,Horix Octave ,103  Clinton Pl.,Manhattan,New York,New York,103,Clinton,,,,Pl.,,,,Horix
7986,746,1895,Trows,763.0,Restaurants,Horn Hong Low,11  Mott St.,Manhattan,New York,New York,11,Mott,,,,St.,,,,Horn
7987,747,1895,Trows,763.0,Restaurants,Horner Herbert W.,647  8 Ave.,Manhattan,New York,New York,647,8,,,,Ave.,,,,Horner
7988,748,1895,Trows,763.0,Restaurants,Horowitz Bernhard,396 E. Houston St.,Manhattan,New York,New York,396,Houston,,,E.,St.,,,,Horowitz
7989,749,1895,Trows,763.0,Restaurants,Horowitz Hyman,111  Delancey St.,Manhattan,New York,New York,111,Delancey,,,,St.,,,,Horowitz
7990,750,1895,Trows,763.0,Restaurants,Horth Anton,408 E. 102 St.,Manhattan,New York,New York,408,102,,,E.,St.,,,,Horth
7991,751,1895,Trows,763.0,Restaurants,Hot E. Jules,46  Broad St.,Manhattan,New York,New York,46,Broad,,,,St.,,,,Hot
7992,752,1895,Trows,763.0,Restaurants,Hough William A.,36  Church St.,Manhattan,New York,New York,36,Church,,,,St.,,,,Hough
7993,753,1895,Trows,763.0,Restaurants,Huber Andrew,248  Avenue A St.,Manhattan,New York,New York,248,Avenue A,,,,St.,,,,Huber
7994,754,1895,Trows,763.0,Restaurants,Huber Louis,148  Spring St.,Manhattan,New York,New York,148,Spring,,,,St.,,,,Huber
7995,755,1895,Trows,763.0,Restaurants,Hubuer Gottlieb,5  Water St.,Manhattan,New York,New York,5,Water,,,,St.,,,,Hubuer
7996,756,1895,Trows,763.0,Restaurants,Hubuer Gottlieb,10  Moore St.,Manhattan,New York,New York,10,Moore,,,,St.,,,,Hubuer
7997,757,1895,Trows,763.0,Restaurants,Huehn William,540  9 Ave.,Manhattan,New York,New York,540,9,,,,Ave.,,,,Huehn
7998,758,1895,Trows,763.0,Restaurants,Hughes Augustus S.,2351  3 Ave.,Manhattan,New York,New York,2351,3,,,,Ave.,,,,Hughes
7999,759,1895,Trows,763.0,Restaurants,Hull William,505 E. Houston St.,Manhattan,New York,New York,505,Houston,,,E.,St.,,,,Hull
8000,760,1895,Trows,763.0,Restaurants,Hummer George ,119  Pearl St.,Manhattan,New York,New York,119,Pearl,,,,St.,,,,Hummer
8001,761,1895,Trows,763.0,Restaurants,Humpsch Elizabeth,57 W. 26 St.,Manhattan,New York,New York,57,26,,,W.,St.,,,,Humpsch
8002,762,1895,Trows,763.0,Restaurants,Hundertpfund William F.,542 W. 55 St.,Manhattan,New York,New York,542,55,,,W.,St.,,,,Hundertpfund
8003,763,1895,Trows,763.0,Restaurants,Hundt John,22 E. 17 St.,Manhattan,New York,New York,22,17,,,E.,St.,,,,Hundt
8004,764,1895,Trows,763.0,Restaurants,Hunter George L.,52  3 Ave.,Manhattan,New York,New York,52,3,,,,Ave.,,,,Hunter
8005,765,1895,Trows,763.0,Restaurants,Hurle James E.,45  Jay St.,Manhattan,New York,New York,45,Jay,,,,St.,,,,Hurle
8006,766,1895,Trows,763.0,Restaurants,Hurley John,168 W. 36 St.,Manhattan,New York,New York,168,36,,,W.,St.,,,,Hurley
8007,767,1895,Trows,763.0,Restaurants,Husting August,48  Hudson St.,Manhattan,New York,New York,48,Hudson,,,,St.,,,,Husting
8008,768,1895,Trows,763.0,Restaurants,Industrial Christian Alliance,170  Bleecker St.,Manhattan,New York,New York,170,Bleecker,,,,St.,,,,Industrial
8009,769,1895,Trows,763.0,Restaurants,Industrial Christian Alliance,57  Avenue C St.,Manhattan,New York,New York,57,Avenue C,,,,St.,,,,Industrial
8010,770,1895,Trows,763.0,Restaurants,Ingalis Rainsford,332  6 Ave.,Manhattan,New York,New York,332,6,,,,Ave.,,,,Ingalis
8011,771,1895,Trows,763.0,Restaurants,Innes Alfred R.,1 b  Platt St.,Manhattan,New York,New York,1 b,Platt,,,,St.,,,,Innes
8012,772,1895,Trows,763.0,Restaurants,Isaac & Sexton,Central Pk.,Manhattan,New York,New York,,Central,,,,Pk.,,,,Isaac
8013,773,1895,Trows,763.0,Restaurants,Ischi Gottfried ,613  Columbus Ave.,Manhattan,New York,New York,613,Columbus,,,,Ave.,,,,Ischi
8014,774,1895,Trows,763.0,Restaurants,Isler Abraham,133  Ridge St.,Manhattan,New York,New York,133,Ridge,,,,St.,,,,Isler
8015,775,1895,Trows,763.0,Restaurants,Itall Vincenzo,185.5  Hester St.,Manhattan,New York,New York,185.5,Hester,,,,St.,,,,Itall
8016,776,1895,Trows,763.0,Restaurants,Ittner Ernestine,Tremont av. C  Webster  Ave.,Manhattan,New York,New York,,Webster ,,,Tremont av. C ,Ave.,,,,Ittner
8017,777,1895,Trows,763.0,Restaurants,Jackson John,236 W. 41 St.,Manhattan,New York,New York,236,41,,,W.,St.,,,,Jackson
8018,778,1895,Trows,763.0,Restaurants,Jacobs David,332 E. Houston St.,Manhattan,New York,New York,332,Houston,,,E.,St.,,,,Jacobs
8019,779,1895,Trows,763.0,Restaurants,Jacobs John W.,665  11 Ave.,Manhattan,New York,New York,665,11,,,,Ave.,,,,Jacobs
8020,780,1895,Trows,763.0,Restaurants,Jacquin Charles,454  6 Ave.,Manhattan,New York,New York,454,6,,,,Ave.,,,,Jacquin
8021,781,1895,Trows,763.0,Restaurants,Jaenike William,172 E. 72 St.,Manhattan,New York,New York,172,72,,,E.,St.,,,,Jaenike
8022,782,1895,Trows,763.0,Restaurants,Jaeneke Julius,530 E. 14 St.,Manhattan,New York,New York,530,14,,,E.,St.,,,,Jaeneke
8023,783,1895,Trows,763.0,Restaurants,Jancsok John,404  2 Ave.,Manhattan,New York,New York,404,2,,,,Ave.,,,,Jancsok
8024,784,1895,Trows,763.0,Restaurants,Jaraloff George,1886  2 Ave.,Manhattan,New York,New York,1886,2,,,,Ave.,,,,Jaraloff
8025,785,1895,Trows,763.0,Restaurants,Jarossi & Lombardi,131  Mott St.,Manhattan,New York,New York,131,Mott,,,,St.,,,,Jarossi
8026,786,1895,Trows,763.0,Restaurants,Jarratt Algernon,160 W. 30 St.,Manhattan,New York,New York,160,30,,,W.,St.,,,,Jarratt
8027,787,1895,Trows,763.0,Restaurants,Jehle Adolph,139 W. 25 St.,Manhattan,New York,New York,139,25,,,W.,St.,,,,Jehle
8028,788,1895,Trows,763.0,Restaurants,Jensen Martin,335  10 Ave.,Manhattan,New York,New York,335,10,,,,Ave.,,,,Jensen
8029,789,1895,Trows,763.0,Restaurants,Jobert Henry jr.,579  1 Ave.,Manhattan,New York,New York,579,1,,,,Ave.,,,,Jobert
8030,790,1895,Trows,763.0,Restaurants,Johnson Edward,214 W. 29 St.,Manhattan,New York,New York,214,29,,,W.,St.,,,,Johnson
8031,791,1895,Trows,763.0,Restaurants,Johnson Henry,1  Hanover Sq.,Manhattan,New York,New York,1,Hanover,,,,Sq.,,,,Johnson
8032,792,1895,Trows,763.0,Restaurants,Jones Catharine ,242 W. 47 St.,Manhattan,New York,New York,242,47,,,W.,St.,,,,Jones
8033,793,1895,Trows,763.0,Restaurants,Jones Cornelius A.,742 E. 9 St.,Manhattan,New York,New York,742,9,,,E.,St.,,,,Jones
8034,794,1895,Trows,763.0,Restaurants,Jones Edward,3  Grand circle,Manhattan,New York,New York,3,Grand circle,,,,,,,,Jones
8035,795,1895,Trows,763.0,Restaurants,Jones Jane,114 W. 26 St.,Manhattan,New York,New York,114,26,,,W.,St.,,,,Jones
8036,796,1895,Trows,763.0,Restaurants,Jonson Peter,259 W. 125 St.,Manhattan,New York,New York,259,125,,,W.,St.,,,,Jonson
8037,797,1895,Trows,763.0,Restaurants,Judson T. A. & Brother,1118  3 Ave.,Manhattan,New York,New York,1118,3,,,,Ave.,,,,Judson
8038,798,1895,Trows,763.0,Restaurants,Juhren Brothers,89  Centre St.,Manhattan,New York,New York,89,Centre,,,,St.,,,,Juhren
8039,799,1895,Trows,763.0,Restaurants,Jung Christian,216.5  Bowery St.,Manhattan,New York,New York,216.5,Bowery,,,,St.,,,,Jung
8040,800,1895,Trows,763.0,Restaurants,Jung Robert C.,135  Liberty St.,Manhattan,New York,New York,135,Liberty,,,,St.,,,,Jung
8041,801,1895,Trows,763.0,Restaurants,Kaase Brothers,79  Franklin St.,Manhattan,New York,New York,79,Franklin,,,,St.,,,,Kaase
8042,802,1895,Trows,763.0,Restaurants,Kahn Charles,335  3 Ave.,Manhattan,New York,New York,335,3,,,,Ave.,,,,Kahn
8043,803,1895,Trows,763.0,Restaurants,Kaiser Paul ,468  10 Ave.,Manhattan,New York,New York,468,10,,,,Ave.,,,,Kaiser
8044,804,1895,Trows,763.0,Restaurants,Kaiser & Co.,66 W. Houston St.,Manhattan,New York,New York,66,Houston,,,W.,St.,,,,Kaiser
8045,805,1895,Trows,763.0,Restaurants,Kalenscher & Reich,200  Delancey St.,Manhattan,New York,New York,200,Delancey,,,,St.,,,,Kalenscher
8046,806,1895,Trows,763.0,Restaurants,Kalkhof Frederick,161  Pearl St.,Manhattan,New York,New York,161,Pearl,,,,St.,,,,Kalkhof
8047,807,1895,Trows,763.0,Restaurants,Kamber Michael ,138  Canal St.,Manhattan,New York,New York,138,Canal,,,,St.,,,,Kamber
8048,808,1895,Trows,763.0,Restaurants,Kandel Moritz,693  Broadway,Manhattan,New York,New York,693,Broadway,,,,,,,,Kandel
8049,809,1895,Trows,763.0,Restaurants,Kane John,189.5  South St.,Manhattan,New York,New York,189.5,South,,,,St.,,,,Kane
8050,810,1895,Trows,763.0,Restaurants,Karp Adolph,56 W. Houston St.,Manhattan,New York,New York,56,Houston,,,W.,St.,,,,Karp
8051,811,1895,Trows,763.0,Restaurants,Karstens Peter C.,46 W. 4 St.,Manhattan,New York,New York,46,4,,,W.,St.,,,,Karstens
8052,812,1895,Trows,763.0,Restaurants,Kassowitsch Moritz,143  Delancey St.,Manhattan,New York,New York,143,Delancey,,,,St.,,,,Kassowitsch
8053,813,1895,Trows,763.0,Restaurants,Kast Frederick,13 S. William St.,Manhattan,New York,New York,13,William,,,S.,St.,,,,Kast
8054,814,1895,Trows,763.0,Restaurants,Katsoniakos Elias ,8  Roosevelt St.,Manhattan,New York,New York,8,Roosevelt,,,,St.,,,,Katsoniakos
8055,815,1895,Trows,763.0,Restaurants,Kauffmann John P.,2220  3 Ave.,Manhattan,New York,New York,2220,3,,,,Ave.,,,,Kauffmann
8056,816,1895,Trows,763.0,Restaurants,Kaufman Henry W.,29  Broadway,Manhattan,New York,New York,29,Broadway,,,,,,,,Kaufman
8057,817,1895,Trows,763.0,Restaurants,Kaufman Henry W.,3  Trinity Pl.,Manhattan,New York,New York,3,Trinity,,,,Pl.,,,,Kaufman
8058,818,1895,Trows,763.0,Restaurants,Kaufmann Charles A.,71  New St.,Manhattan,New York,New York,71,New,,,,St.,,,,Kaufmann
8059,819,1895,Trows,763.0,Restaurants,Kavanagh Terence B.,1485  3 Ave.,Manhattan,New York,New York,1485,3,,,,Ave.,,,,Kavanagh
8060,820,1895,Trows,763.0,Restaurants,Keck William,441  1 Ave.,Manhattan,New York,New York,441,1,,,,Ave.,,,,Keck
8061,821,1895,Trows,763.0,Restaurants,Kehoe & Power,453  6 Ave.,Manhattan,New York,New York,453,6,,,,Ave.,,,,Kehoe
8062,822,1895,Trows,763.0,Restaurants,Kelling Henry,828  2 Ave.,Manhattan,New York,New York,828,2,,,,Ave.,,,,Kelling
8063,823,1895,Trows,763.0,Restaurants,Kelly Bridget ,6  Catharine Sl.,Manhattan,New York,New York,6,Catharine,,,,Sl.,,,,Kelly
8064,824,1895,Trows,763.0,Restaurants,Kelly John,18  Catharine Sl.,Manhattan,New York,New York,18,Catharine,,,,Sl.,,,,Kelly
8065,825,1895,Trows,763.0,Restaurants,Kelly John,Centre Mkt.,Manhattan,New York,New York,,Centre,,,,Mkt.,,,,Kelly
8066,826,1895,Trows,763.0,Restaurants,Kendall George,8  Rector St.,Manhattan,New York,New York,8,Rector,,,,St.,,,,Kendall
8067,827,1895,Trows,763.0,Restaurants,Kenney Susan H.,258 W. 23 St.,Manhattan,New York,New York,258,23,,,W.,St.,,,,Kenney
8068,828,1895,Trows,763.0,Restaurants,Keuling Henry,64  Wooster St.,Manhattan,New York,New York,64,Wooster,,,,St.,,,,Keuling
8069,829,1895,Trows,763.0,Restaurants,Kiefer Henry,72  Allen St.,Manhattan,New York,New York,72,Allen,,,,St.,,,,Kiefer
8070,830,1895,Trows,763.0,Restaurants,Kiehl Jacob ,411  Canal St.,Manhattan,New York,New York,411,Canal,,,,St.,,,,Kiehl
8071,831,1895,Trows,763.0,Restaurants,Kiernan Thomas,34  Sheriff St.,Manhattan,New York,New York,34,Sheriff,,,,St.,,,,Kiernan
8072,832,1895,Trows,763.0,Restaurants,Kilgallan Mary A.,181  Christopher St.,Manhattan,New York,New York,181,Christopher,,,,St.,,,,Kilgallan
8073,833,1895,Trows,763.0,Restaurants,Kimpel Brothers,586  8 Ave.,Manhattan,New York,New York,586,8,,,,Ave.,,,,Kimpel
8074,834,1895,Trows,763.0,Restaurants,Kindler Louis,211  Fulton Mkt.,Manhattan,New York,New York,211,Fulton,,,,Mkt.,,,,Kindler
8075,835,1895,Trows,763.0,Restaurants,King William H.,120 W. Broadway,Manhattan,New York,New York,120,Broadway,,,W.,,,,,King
8076,836,1895,Trows,763.0,Restaurants,Kiraly Joseph E.,57 E. 4 St.,Manhattan,New York,New York,57,4,,,E.,St.,,,,Kiraly
8077,837,1895,Trows,763.0,Restaurants,Kirsch & Gelb,250 W. Houston St.,Manhattan,New York,New York,250,Houston,,,W.,St.,,,,Kirsch
8078,838,1895,Trows,763.0,Restaurants,Klappert Henry J. & Co.,380  Canal St.,Manhattan,New York,New York,380,Canal,,,,St.,,,,Klappert
8079,839,1895,Trows,763.0,Restaurants,Klass Sarah,149 E. Broadway,Manhattan,New York,New York,149,Broadway,,,E.,,,,,Klass
8080,840,1895,Trows,763.0,Restaurants,Kleeman William,48  Manhattan St.,Manhattan,New York,New York,48,Manhattan,,,,St.,,,,Kleeman
8081,841,1895,Trows,763.0,Restaurants,Klees Adam,415 E. 34 St.,Manhattan,New York,New York,415,34,,,E.,St.,,,,Klees
8082,842,1895,Trows,763.0,Restaurants,Klein Amelia,469  Broadway,Manhattan,New York,New York,469,Broadway,,,,,,,,Klein
8083,843,1895,Trows,763.0,Restaurants,Klein Hannah,247 E. Houston St.,Manhattan,New York,New York,247,Houston,,,E.,St.,,,,Klein
8084,844,1895,Trows,763.0,Restaurants,Klein Herman,128  Cannon St.,Manhattan,New York,New York,128,Cannon,,,,St.,,,,Klein
8085,845,1895,Trows,763.0,Restaurants,Klein Herman,92  Prince St.,Manhattan,New York,New York,92,Prince,,,,St.,,,,Klein
8086,846,1895,Trows,763.0,Restaurants,Klein Joseph,236  Stanton St.,Manhattan,New York,New York,236,Stanton,,,,St.,,,,Klein
8087,847,1895,Trows,763.0,Restaurants,Klein Max,180  Stanton St.,Manhattan,New York,New York,180,Stanton,,,,St.,,,,Klein
8088,848,1895,Trows,763.0,Restaurants,Klein Max,150  Attorney St.,Manhattan,New York,New York,150,Attorney,,,,St.,,,,Klein
8089,849,1895,Trows,763.0,Restaurants,Klein Morris,254 E. Houston St.,Manhattan,New York,New York,254,Houston,,,E.,St.,,,,Klein
8090,850,1895,Trows,763.0,Restaurants,Klein Rosa ,130  Attorney St.,Manhattan,New York,New York,130,Attorney,,,,St.,,,,Klein
8091,851,1895,Trows,763.0,Restaurants,Klein & Schweitzer,92  Prince St.,Manhattan,New York,New York,92,Prince,,,,St.,,,,Klein
8092,852,1895,Trows,763.0,Restaurants,Kleinhenz Carl,326  Bowery St.,Manhattan,New York,New York,326,Bowery,,,,St.,,,,Kleinhenz
8093,853,1895,Trows,763.0,Restaurants,Klotz Peter,6  Bond St.,Manhattan,New York,New York,6,Bond,,,,St.,,,,Klotz
8094,854,1895,Trows,763.0,Restaurants,Kluhn Siefert J.,210  West St.,Manhattan,New York,New York,210,West,,,,St.,,,,Kluhn
8095,855,1895,Trows,763.0,Restaurants,Kneib Catharine,21 N. Moore St.,Manhattan,New York,New York,21,Moore,,,N.,St.,,,,Kneib
8096,856,1895,Trows,763.0,Restaurants,Koehler George,289  6 Ave.,Manhattan,New York,New York,289,6,,,,Ave.,,,,Koehler
8097,857,1895,Trows,763.0,Restaurants,Kohn Herman,67 E. 4 St.,Manhattan,New York,New York,67,4,,,E.,St.,,,,Kohn
8098,858,1895,Trows,763.0,Restaurants,Kolb Richard,164  Pearl St.,Manhattan,New York,New York,164,Pearl,,,,St.,,,,Kolb
8099,859,1895,Trows,763.0,Restaurants,Kolb Valentine,872  Broadway,Manhattan,New York,New York,872,Broadway,,,,,,,,Kolb
8100,860,1895,Trows,763.0,Restaurants,Kollesch August,513  11 Ave.,Manhattan,New York,New York,513,11,,,,Ave.,,,,Kollesch
8101,861,1895,Trows,763.0,Restaurants,Kolter John,1535  3 Ave.,Manhattan,New York,New York,1535,3,,,,Ave.,,,,Kolter
8102,862,1895,Trows,763.0,Restaurants,Kommer John,392  11 Ave.,Manhattan,New York,New York,392,11,,,,Ave.,,,,Kommer
8103,863,1895,Trows,763.0,Restaurants,Koopman Anna,782  8 Ave.,Manhattan,New York,New York,782,8,,,,Ave.,,,,Koopman
8104,864,1895,Trows,763.0,Restaurants,Kopferman Leon,52 W. Houston St.,Manhattan,New York,New York,52,Houston,,,W.,St.,,,,Kopferman
8105,865,1895,Trows,764.0,Restaurants,Korn Benjamin,176  Chrystie St.,Manhattan,New York,New York,176,Chrystie,,,,St.,,,,Korn
8106,866,1895,Trows,764.0,Restaurants,Korn Henrietta,9  Jeff Mkt.,Manhattan,New York,New York,9,Jeff,,,,Mkt.,,,,Korn
8107,867,1895,Trows,764.0,Restaurants,Korn Morris,25  Lispenard St.,Manhattan,New York,New York,25,Lispenard,,,,St.,,,,Korn
8108,868,1895,Trows,764.0,Restaurants,Kornfeld Michael A.,20  Stone St.,Manhattan,New York,New York,20,Stone,,,,St.,,,,Kornfeld
8109,869,1895,Trows,764.0,Restaurants,Kotsin Abraham,807 E. 9 St.,Manhattan,New York,New York,807,9,,,E.,St.,,,,Kotsin
8110,870,1895,Trows,764.0,Restaurants,Kramer Cath.,1883  Amsterdam Ave.,Manhattan,New York,New York,1883,Amsterdam,,,,Ave.,,,,Kramer
8111,871,1895,Trows,764.0,Restaurants,Kramer Charles,123  Allen St.,Manhattan,New York,New York,123,Allen,,,,St.,,,,Kramer
8112,872,1895,Trows,764.0,Restaurants,Kramer Herman,246  Grand St.,Manhattan,New York,New York,246,Grand,,,,St.,,,,Kramer
8113,873,1895,Trows,764.0,Restaurants,Kramer Theodore,259 W. 116 St.,Manhattan,New York,New York,259,116,,,W.,St.,,,,Kramer
8114,874,1895,Trows,764.0,Restaurants,Kramer Theodore W.,37  Elm St.,Manhattan,New York,New York,37,Elm,,,,St.,,,,Kramer
8115,875,1895,Trows,764.0,Restaurants,Kramrisch M. & W. Leibowitz,87  Ridge St.,Manhattan,New York,New York,87,Ridge,,,,St.,,,,Kramrisch
8116,876,1895,Trows,764.0,Restaurants,Krans Fred.,473  Amsterdam Ave.,Manhattan,New York,New York,473,Amsterdam,,,,Ave.,,,,Krans
8117,877,1895,Trows,764.0,Restaurants,Kraus William ,315  Avenue A St.,Manhattan,New York,New York,315,Avenue A,,,,St.,,,,Kraus
8118,878,1895,Trows,764.0,Restaurants,Krause Charles,60  Harrison St.,Manhattan,New York,New York,60,Harrison,,,,St.,,,,Krause
8119,879,1895,Trows,764.0,Restaurants,Krause Hugo,18  Division St.,Manhattan,New York,New York,18,Division,,,,St.,,,,Krause
8120,880,1895,Trows,764.0,Restaurants,Krausz John W.,102  Barclay St.,Manhattan,New York,New York,102,Barclay,,,,St.,,,,Krausz
8121,881,1895,Trows,764.0,Restaurants,Kress Henry,72  Nassau St.,Manhattan,New York,New York,72,Nassau,,,,St.,,,,Kress
8122,882,1895,Trows,764.0,Restaurants,Kress Henry,33  John St.,Manhattan,New York,New York,33,John,,,,St.,,,,Kress
8123,883,1895,Trows,764.0,Restaurants,Kress Henry,157  Greene St.,Manhattan,New York,New York,157,Greene,,,,St.,,,,Kress
8124,884,1895,Trows,764.0,Restaurants,Kreter August,32 W. Houston St.,Manhattan,New York,New York,32,Houston,,,W.,St.,,,,Kreter
8125,885,1895,Trows,764.0,Restaurants,Krisch Julius L.,41  Franklin St.,Manhattan,New York,New York,41,Franklin,,,,St.,,,,Krisch
8126,886,1895,Trows,764.0,Restaurants,Kronman Regina,130 E. Houston St.,Manhattan,New York,New York,130,Houston,,,E.,St.,,,,Kronman
8127,887,1895,Trows,764.0,Restaurants,Krope Magdalene,1007  3 Ave.,Manhattan,New York,New York,1007,3,,,,Ave.,,,,Krope
8128,888,1895,Trows,764.0,Restaurants,Krueger Max,48 E. 13 St.,Manhattan,New York,New York,48,13,,,E.,St.,,,,Krueger
8129,889,1895,Trows,764.0,Restaurants,Krueger Max,411 W. 125 St.,Manhattan,New York,New York,411,125,,,W.,St.,,,,Krueger
8130,890,1895,Trows,764.0,Restaurants,Kruers Anne,518  11 Ave.,Manhattan,New York,New York,518,11,,,,Ave.,,,,Kruers
8131,891,1895,Trows,764.0,Restaurants,Krug Harry,37.5  Grand St.,Manhattan,New York,New York,37.5,Grand,,,,St.,,,,Krug
8132,892,1895,Trows,764.0,Restaurants,Kuehne Emil,673  3 Ave.,Manhattan,New York,New York,673,3,,,,Ave.,,,,Kuehne
8133,893,1895,Trows,764.0,Restaurants,Kuhner Lena,157 E. Houston St.,Manhattan,New York,New York,157,Houston,,,E.,St.,,,,Kuhner
8134,894,1895,Trows,764.0,Restaurants,Kunold Christian,413 E. Houston St.,Manhattan,New York,New York,413,Houston,,,E.,St.,,,,Kunold
8135,895,1895,Trows,764.0,Restaurants,Kuntz Joseph,1641  3 Ave.,Manhattan,New York,New York,1641,3,,,,Ave.,,,,Kuntz
8136,896,1895,Trows,764.0,Restaurants,Kupfrian Matilda,2046  3 Ave.,Manhattan,New York,New York,2046,3,,,,Ave.,,,,Kupfrian
8137,897,1895,Trows,764.0,Restaurants,Lademann William,792  9 Ave.,Manhattan,New York,New York,792,9,,,,Ave.,,,,Lademann
8138,898,1895,Trows,764.0,Restaurants,Lagrange George C.,117  34 St.,Manhattan,New York,New York,117,34,,,,St.,,,,Lagrange
8139,899,1895,Trows,764.0,Restaurants,Lagrange George C.,127 W. 34 St.,Manhattan,New York,New York,127,34,,,W.,St.,,,,Lagrange
8140,900,1895,Trows,764.0,Restaurants,Lake Irving W.,407 W. 59 St.,Manhattan,New York,New York,407,59,,,W.,St.,,,,Lake
8141,901,1895,Trows,764.0,Restaurants,Lake John P.,1001  3 Ave.,Manhattan,New York,New York,1001,3,,,,Ave.,,,,Lake
8142,902,1895,Trows,764.0,Restaurants,Lake Minard,375  Bowery St.,Manhattan,New York,New York,375,Bowery,,,,St.,,,,Lake
8143,903,1895,Trows,764.0,Restaurants,Lalonde Alice,163 W. 27 St.,Manhattan,New York,New York,163,27,,,W.,St.,,,,Lalonde
8144,904,1895,Trows,764.0,Restaurants,Lamuro Francesco,144  Baxter St.,Manhattan,New York,New York,144,Baxter,,,,St.,,,,Lamuro
8145,905,1895,Trows,764.0,Restaurants,Landers John J.,225  Grand St.,Manhattan,New York,New York,225,Grand,,,,St.,,,,Landers
8146,906,1895,Trows,764.0,Restaurants,Lang Edward F.,139  8 St.,Manhattan,New York,New York,139,8,,,,St.,,,,Lang
8147,907,1895,Trows,764.0,Restaurants,Lang John W.,157 E. 42 St.,Manhattan,New York,New York,157,42,,,E.,St.,,,,Lang
8148,908,1895,Trows,764.0,Restaurants,Lange Charles,534  Pearl St.,Manhattan,New York,New York,534,Pearl,,,,St.,,,,Lange
8149,909,1895,Trows,764.0,Restaurants,Lange Herman,47  9 Ave.,Manhattan,New York,New York,47,9,,,,Ave.,,,,Lange
8150,910,1895,Trows,764.0,Restaurants,Lantelme Joseph,47  Ann St.,Manhattan,New York,New York,47,Ann,,,,St.,,,,Lantelme
8151,911,1895,Trows,764.0,Restaurants,Lantelme Lucy M.,58 W. 33 St.,Manhattan,New York,New York,58,33,,,W.,St.,,,,Lantelme
8152,912,1895,Trows,764.0,Restaurants,Laplatte Pierre,75  Christopher St.,Manhattan,New York,New York,75,Christopher,,,,St.,,,,Laplatte
8153,913,1895,Trows,764.0,Restaurants,Latta Frederick F.,14  Cortlandt St.,Manhattan,New York,New York,14,Cortlandt,,,,St.,,,,Latta
8154,914,1895,Trows,764.0,Restaurants,Laughlin & Co.,140  Nassau St.,Manhattan,New York,New York,140,Nassau,,,,St.,,,,Laughlin
8155,915,1895,Trows,764.0,Restaurants,Lavery John,163  Broadway,Manhattan,New York,New York,163,Broadway,,,,,,,,Lavery
8156,916,1895,Trows,764.0,Restaurants,Lawson Samuel Q.,79  Clinton Mkt.,Manhattan,New York,New York,79,Clinton,,,,Mkt.,,,,Lawson
8157,917,1895,Trows,764.0,Restaurants,Leaf William & Moritz Weiss,91  Delancey St.,Manhattan,New York,New York,91,Delancey,,,,St.,,,,Leaf
8158,918,1895,Trows,764.0,Restaurants,Leahy Timothy,749  3 Ave.,Manhattan,New York,New York,749,3,,,,Ave.,,,,Leahy
8159,919,1895,Trows,764.0,Restaurants,Lebovitz & Frank,87  Eldridge St.,Manhattan,New York,New York,87,Eldridge,,,,St.,,,,Lebovitz
8160,920,1895,Trows,764.0,Restaurants,Lederer Philip,738  Lexington Ave.,Manhattan,New York,New York,738,Lexington,,,,Ave.,,,,Lederer
8161,921,1895,Trows,764.0,Restaurants,Lederman Eliza,133  Water St.,Manhattan,New York,New York,133,Water,,,,St.,,,,Lederman
8162,922,1895,Trows,764.0,Restaurants,Lee Catharine,869  1 Ave.,Manhattan,New York,New York,869,1,,,,Ave.,,,,Lee
8163,923,1895,Trows,764.0,Restaurants,Lefebvre Jules,76 W. Houston St.,Manhattan,New York,New York,76,Houston,,,W.,St.,,,,Lefebvre
8164,924,1895,Trows,764.0,Restaurants,Lefkovits Regina,286 E. Houston St.,Manhattan,New York,New York,286,Houston,,,E.,St.,,,,Lefkovits
8165,925,1895,Trows,764.0,Restaurants,Lefkovitz Joseph,54  Norfolk St.,Manhattan,New York,New York,54,Norfolk,,,,St.,,,,Lefkovitz
8166,926,1895,Trows,764.0,Restaurants,Lehman August,1100  3 Ave.,Manhattan,New York,New York,1100,3,,,,Ave.,,,,Lehman
8167,927,1895,Trows,764.0,Restaurants,Lehmann William,172  Mercer  St.,Manhattan,New York,New York,172,Mercer ,,,,St.,,,,Lehmann
8168,928,1895,Trows,764.0,Restaurants,Lenner Henry,34 W. 13 St.,Manhattan,New York,New York,34,13,,,W.,St.,,,,Lenner
8169,929,1895,Trows,764.0,Restaurants,Lents Augusta,8  Wooster St.,Manhattan,New York,New York,8,Wooster,,,,St.,,,,Lents
8170,930,1895,Trows,764.0,Restaurants,Leontarakis John,22  Albany St.,Manhattan,New York,New York,22,Albany,,,,St.,,,,Leontarakis
8171,931,1895,Trows,764.0,Restaurants,Le Provost Francis,376  8 Ave.,Manhattan,New York,New York,376,8,,,,Ave.,,,,Le
8172,932,1895,Trows,764.0,Restaurants,Leschborn Carl,212  Broadway,Manhattan,New York,New York,212,Broadway,,,,,,,,Leschborn
8173,933,1895,Trows,764.0,Restaurants,Lesser Emil,107  Church St.,Manhattan,New York,New York,107,Church,,,,St.,,,,Lesser
8174,934,1895,Trows,764.0,Restaurants,Lesser Wolf,128  Church St.,Manhattan,New York,New York,128,Church,,,,St.,,,,Lesser
8175,935,1895,Trows,764.0,Restaurants,Leventhal H.,109  Allen St.,Manhattan,New York,New York,109,Allen,,,,St.,,,,Leventhal
8176,936,1895,Trows,764.0,Restaurants,Levin George,15  Montgomery  St.,Manhattan,New York,New York,15,Montgomery ,,,,St.,,,,Levin
8177,937,1895,Trows,764.0,Restaurants,Levitten Rebecca ,229  Monroe St.,Manhattan,New York,New York,229,Monroe,,,,St.,,,,Levitten
8178,938,1895,Trows,764.0,Restaurants,Levy Michael & Co.,58  Walker St.,Manhattan,New York,New York,58,Walker,,,,St.,,,,Levy
8179,939,1895,Trows,764.0,Restaurants,Levy M & M Cass,211 E. Broadway,Manhattan,New York,New York,211,Broadway,,,E.,,,,,Levy
8180,940,1895,Trows,764.0,Restaurants,Lewis Herman,155  Grand St.,Manhattan,New York,New York,155,Grand,,,,St.,,,,Lewis
8181,941,1895,Trows,764.0,Restaurants,Lewis James W.,414  West St.,Manhattan,New York,New York,414,West,,,,St.,,,,Lewis
8182,942,1895,Trows,764.0,Restaurants,Lewis James W.,204  9 Ave.,Manhattan,New York,New York,204,9,,,,Ave.,,,,Lewis
8183,943,1895,Trows,764.0,Restaurants,Lewy Joseph,126  2 Ave.,Manhattan,New York,New York,126,2,,,,Ave.,,,,Lewy
8184,944,1895,Trows,764.0,Restaurants,Libby Demorin,59  Murray St.,Manhattan,New York,New York,59,Murray,,,,St.,,,,Libby
8185,945,1895,Trows,764.0,Restaurants,Libby Oliver,143  Fulton St.,Manhattan,New York,New York,143,Fulton,,,,St.,,,,Libby
8186,946,1895,Trows,764.0,Restaurants,Liebeknecht Augusta,104  Spring St.,Manhattan,New York,New York,104,Spring,,,,St.,,,,Liebeknecht
8187,947,1895,Trows,764.0,Restaurants,Liebenow John,75  2 Ave.,Manhattan,New York,New York,75,2,,,,Ave.,,,,Liebenow
8188,948,1895,Trows,764.0,Restaurants,Lies Frank,58 W. Broadway,Manhattan,New York,New York,58,Broadway,,,W.,,,,,Lies
8189,949,1895,Trows,764.0,Restaurants,Ligeth Aaron,129 S. 5 Ave.,Manhattan,New York,New York,129,5,,,S.,Ave.,,,,Ligeth
8190,950,1895,Trows,764.0,Restaurants,Light Max,45  Canal St.,Manhattan,New York,New York,45,Canal,,,,St.,,,,Light
8191,951,1895,Trows,764.0,Restaurants,Linden James,151  Boulevard  St.,Manhattan,New York,New York,151,Boulevard ,,,,St.,,,,Linden
8192,952,1895,Trows,764.0,Restaurants,Link Emil,237 E. 127 St.,Manhattan,New York,New York,237,127,,,E.,St.,,,,Link
8193,953,1895,Trows,764.0,Restaurants,Lintig Henry,81  Mercer  St.,Manhattan,New York,New York,81,Mercer ,,,,St.,,,,Lintig
8194,954,1895,Trows,764.0,Restaurants,Lischer Mary,1662  Avenue A St.,Manhattan,New York,New York,1662,Avenue A,,,,St.,,,,Lischer
8195,955,1895,Trows,764.0,Restaurants,Littoz Joseph,636  3 Ave.,Manhattan,New York,New York,636,3,,,,Ave.,,,,Littoz
8196,956,1895,Trows,764.0,Restaurants,Litvinow Joseph,131  Canal St.,Manhattan,New York,New York,131,Canal,,,,St.,,,,Litvinow
8197,957,1895,Trows,764.0,Restaurants,Litzky Abraham,70 W. Houston St.,Manhattan,New York,New York,70,Houston,,,W.,St.,,,,Litzky
8198,958,1895,Trows,764.0,Restaurants,Livingston Robert,116  Maiden La.,Manhattan,New York,New York,116,Maiden,,,,La.,,,,Livingston
8199,959,1895,Trows,764.0,Restaurants,Loeb Joseph S.,61  Park Row,Manhattan,New York,New York,61,Park,,,,Row,,,,Loeb
8200,960,1895,Trows,764.0,Restaurants,Loeffke Otto E.,137  Grand St.,Manhattan,New York,New York,137,Grand,,,,St.,,,,Loeffke
8201,961,1895,Trows,764.0,Restaurants,Loewenstein Max M.,572  10 Ave.,Manhattan,New York,New York,572,10,,,,Ave.,,,,Loewenstein
8202,962,1895,Trows,764.0,Restaurants,Logan William J.,33  3 Ave.,Manhattan,New York,New York,33,3,,,,Ave.,,,,Logan
8203,963,1895,Trows,764.0,Restaurants,Logeling Charles W.,239 E. 57 St.,Manhattan,New York,New York,239,57,,,E.,St.,,,,Logeling
8204,964,1895,Trows,764.0,Restaurants,Lollo Frank,357  Broome St.,Manhattan,New York,New York,357,Broome,,,,St.,,,,Lollo
8205,965,1895,Trows,764.0,Restaurants,Long David C.,423  6 Ave.,Manhattan,New York,New York,423,6,,,,Ave.,,,,Long
8206,966,1895,Trows,764.0,Restaurants,Long William,216  Spring St.,Manhattan,New York,New York,216,Spring,,,,St.,,,,Long
8207,967,1895,Trows,764.0,Restaurants,Lonic Michael,82  Oliver St.,Manhattan,New York,New York,82,Oliver,,,,St.,,,,Lonic
8208,968,1895,Trows,764.0,Restaurants,Lorosa Giuseppe,211  Elizabeth St.,Manhattan,New York,New York,211,Elizabeth,,,,St.,,,,Lorosa
8209,969,1895,Trows,764.0,Restaurants,Lorties Emilie,105 W. 28 St.,Manhattan,New York,New York,105,28,,,W.,St.,,,,Lorties
8210,970,1895,Trows,764.0,Restaurants,Loryea Sarah,527  Pearl St.,Manhattan,New York,New York,527,Pearl,,,,St.,,,,Loryea
8211,971,1895,Trows,764.0,Restaurants,Loster John,69  Ann St.,Manhattan,New York,New York,69,Ann,,,,St.,,,,Loster
8212,972,1895,Trows,764.0,Restaurants,Lotter Leo,1813  Amsterdam Ave.,Manhattan,New York,New York,1813,Amsterdam,,,,Ave.,,,,Lotter
8213,973,1895,Trows,764.0,Restaurants,Louis Morris,44  Essex St.,Manhattan,New York,New York,44,Essex,,,,St.,,,,Louis
8214,974,1895,Trows,764.0,Restaurants,Lowenstein Herman,32  Rivington St.,Manhattan,New York,New York,32,Rivington,,,,St.,,,,Lowenstein
8215,975,1895,Trows,764.0,Restaurants,Lubbe John P.,65  Cortlandt St.,Manhattan,New York,New York,65,Cortlandt,,,,St.,,,,Lubbe
8216,976,1895,Trows,764.0,Restaurants,Lubin & Goldin,140 E. Broadway,Manhattan,New York,New York,140,Broadway,,,E.,,,,,Lubin
8217,977,1895,Trows,764.0,Restaurants,Lund Harold D.,791  7 Ave.,Manhattan,New York,New York,791,7,,,,Ave.,,,,Lund
8218,978,1895,Trows,764.0,Restaurants,Lustgarten Oscar,44  Delancey St.,Manhattan,New York,New York,44,Delancey,,,,St.,,,,Lustgarten
8219,979,1895,Trows,764.0,Restaurants,Lustgarten S. & F. Nadel,150  Allen St.,Manhattan,New York,New York,150,Allen,,,,St.,,,,Lustgarten
8220,980,1895,Trows,764.0,Restaurants,Luster Abraham,5  St. Mark's Pl.,Manhattan,New York,New York,5,St. Mark's,,,,Pl.,,,,Luster
8221,981,1895,Trows,764.0,Restaurants,Lustig Max,69  Ludlow St.,Manhattan,New York,New York,69,Ludlow,,,,St.,,,,Lustig
8222,982,1895,Trows,764.0,Restaurants,Lyman Ernest,395  4 Ave.,Manhattan,New York,New York,395,4,,,,Ave.,,,,Lyman
8223,983,1895,Trows,764.0,Restaurants,Lynch Thomas F.,334  8 Ave.,Manhattan,New York,New York,334,8,,,,Ave.,,,,Lynch
8224,984,1895,Trows,764.0,Restaurants,Lyons James S.,754  7 Ave.,Manhattan,New York,New York,754,7,,,,Ave.,,,,Lyons
8225,985,1895,Trows,764.0,Restaurants,Lyons Michael F.,259  Bowery St.,Manhattan,New York,New York,259,Bowery,,,,St.,,,,Lyons
8226,986,1895,Trows,764.0,Restaurants,McCarthy William,2809  3 Ave.,Manhattan,New York,New York,2809,3,,,,Ave.,,,,McCarthy
8227,987,1895,Trows,764.0,Restaurants,McCauley & Hughes,139 E. 12 St.,Manhattan,New York,New York,139,12,,,E.,St.,,,,McCauley
8228,988,1895,Trows,764.0,Restaurants,McCoy Maria,186.5  South St.,Manhattan,New York,New York,186.5,South,,,,St.,,,,McCoy
8229,989,1895,Trows,764.0,Restaurants,McCusker Robert J.,346  Hudson St.,Manhattan,New York,New York,346,Hudson,,,,St.,,,,McCusker
8230,990,1895,Trows,764.0,Restaurants,McDermott Terence,254  10 Ave.,Manhattan,New York,New York,254,10,,,,Ave.,,,,McDermott
8231,991,1895,Trows,764.0,Restaurants,McDermott William J.,82  Centre St.,Manhattan,New York,New York,82,Centre,,,,St.,,,,McDermott
8232,992,1895,Trows,764.0,Restaurants,McDevitt Sarah,355  West St.,Manhattan,New York,New York,355,West,,,,St.,,,,McDevitt
8233,993,1895,Trows,764.0,Restaurants,McDonald Edward H.,310  Bowery St.,Manhattan,New York,New York,310,Bowery,,,,St.,,,,McDonald
8234,994,1895,Trows,764.0,Restaurants,McDonald James,206  Front St.,Manhattan,New York,New York,206,Front,,,,St.,,,,McDonald
8235,995,1895,Trows,764.0,Restaurants,McDonald Patrick J.,1446  Broadway,Manhattan,New York,New York,1446,Broadway,,,,,,,,McDonald
8236,996,1895,Trows,764.0,Restaurants,McEwan John,452  8 Ave.,Manhattan,New York,New York,452,8,,,,Ave.,,,,McEwan
8237,997,1895,Trows,764.0,Restaurants,McGeary John,26  Walker St.,Manhattan,New York,New York,26,Walker,,,,St.,,,,McGeary
8238,998,1895,Trows,764.0,Restaurants,McGiniey James,2012  3 Ave.,Manhattan,New York,New York,2012,3,,,,Ave.,,,,McGiniey
8239,999,1895,Trows,764.0,Restaurants,McGuiness Owen,105  South St.,Manhattan,New York,New York,105,South,,,,St.,,,,McGuiness
8240,1000,1895,Trows,764.0,Restaurants,McGuinness Michael,293  3 Ave.,Manhattan,New York,New York,293,3,,,,Ave.,,,,McGuinness
8241,1001,1895,Trows,764.0,Restaurants,McGuire Patrick,2397  3 Ave.,Manhattan,New York,New York,2397,3,,,,Ave.,,,,McGuire
8242,1002,1895,Trows,764.0,Restaurants,McIntosh Robert,448  Hudson St.,Manhattan,New York,New York,448,Hudson,,,,St.,,,,McIntosh
8243,1003,1895,Trows,764.0,Restaurants,McKean Charles F.,246  Bowery St.,Manhattan,New York,New York,246,Bowery,,,,St.,,,,McKean
8244,1004,1895,Trows,764.0,Restaurants,McKibbin Andrew D.,494 W. 14 St.,Manhattan,New York,New York,494,14,,,W.,St.,,,,McKibbin
8245,1005,1895,Trows,764.0,Restaurants,McLean Mary ,1460  Broadway,Manhattan,New York,New York,1460,Broadway,,,,,,,,McLean
8246,1006,1895,Trows,764.0,Restaurants,McLeer Edward ,90  Beaver St.,Manhattan,New York,New York,90,Beaver,,,,St.,,,,McLeer
8247,1007,1895,Trows,764.0,Restaurants,McMahon James F.,472  6 Ave.,Manhattan,New York,New York,472,6,,,,Ave.,,,,McMahon
8248,1008,1895,Trows,764.0,Restaurants,McMahon John,28  Manhattan St.,Manhattan,New York,New York,28,Manhattan,,,,St.,,,,McMahon
8249,1009,1895,Trows,764.0,Restaurants,McMahon Peter,124  3 Ave.,Manhattan,New York,New York,124,3,,,,Ave.,,,,McMahon
8250,1010,1895,Trows,764.0,Restaurants,McMahon Terence ,499  3 Ave.,Manhattan,New York,New York,499,3,,,,Ave.,,,,McMahon
8251,1011,1895,Trows,764.0,Restaurants,McManus Charles,358  Boulevard  St.,Manhattan,New York,New York,358,Boulevard ,,,,St.,,,,McManus
8252,1012,1895,Trows,764.0,Restaurants,McManus M.,1503  3 Ave.,Manhattan,New York,New York,1503,3,,,,Ave.,,,,McManus
8253,1013,1895,Trows,764.0,Restaurants,McManus Terence,52  University Pl.,Manhattan,New York,New York,52,University,,,,Pl.,,,,McManus
8254,1014,1895,Trows,764.0,Restaurants,McVey George H.,482  Hudson St.,Manhattan,New York,New York,482,Hudson,,,,St.,,,,McVey
8255,1015,1895,Trows,764.0,Restaurants,McWilliams John,924  9 Ave.,Manhattan,New York,New York,924,9,,,,Ave.,,,,McWilliams
8256,1016,1895,Trows,764.0,Restaurants,Mackee & Downey ,36 W. 18 St.,Manhattan,New York,New York,36,18,,,W.,St.,,,,Mackee
8257,1017,1895,Trows,764.0,Restaurants,Macon Sylvester,408  Greenwich St.,Manhattan,New York,New York,408,Greenwich,,,,St.,,,,Macon
8258,1018,1895,Trows,764.0,Restaurants,Madasor Antonio,6  James Sl.,Manhattan,New York,New York,6,James,,,,Sl.,,,,Madasor
8259,1019,1895,Trows,764.0,Restaurants,Madinson Sq. Church House,384  3 Ave.,Manhattan,New York,New York,384,3,,,,Ave.,,,,Madinson
8260,1020,1895,Trows,764.0,Restaurants,Maggiolo Jose,90  Murray St.,Manhattan,New York,New York,90,Murray,,,,St.,,,,Maggiolo
8261,1021,1895,Trows,764.0,Restaurants,Maggiolo Jose,300  Bowery St.,Manhattan,New York,New York,300,Bowery,,,,St.,,,,Maggiolo
8262,1022,1895,Trows,764.0,Restaurants,Magonl Henry,142 W. 25 St.,Manhattan,New York,New York,142,25,,,W.,St.,,,,Magonl
8263,1023,1895,Trows,764.0,Restaurants,Mahoney John F.,605  1 Ave.,Manhattan,New York,New York,605,1,,,,Ave.,,,,Mahoney
8264,1024,1895,Trows,764.0,Restaurants,Mahoney John F.,309 E. 34 St.,Manhattan,New York,New York,309,34,,,E.,St.,,,,Mahoney
8265,1025,1895,Trows,764.0,Restaurants,Maling S. P.,250 W. 125 St.,Manhattan,New York,New York,250,125,,,W.,St.,,,,Maling
8266,1026,1895,Trows,764.0,Restaurants,Mangel Henry,461 W. 52 St.,Manhattan,New York,New York,461,52,,,W.,St.,,,,Mangel
8267,1027,1895,Trows,765.0,Restaurants,Manhattan East Side Mission,416 E. 26 St.,Manhattan,New York,New York,416,26,,,E.,St.,,,,Manhattan
8268,1028,1895,Trows,765.0,Restaurants,Mann Edward,1356  1 Ave.,Manhattan,New York,New York,1356,1,,,,Ave.,,,,Mann
8269,1029,1895,Trows,765.0,Restaurants,Manzoni B. & Co.,5  Barclay St.,Manhattan,New York,New York,5,Barclay,,,,St.,,,,Manzoni
8270,1030,1895,Trows,765.0,Restaurants,Marchand Auguste,147  Duane St.,Manhattan,New York,New York,147,Duane,,,,St.,,,,Marchand
8271,1031,1895,Trows,765.0,Restaurants,Marett John,712  7 Ave.,Manhattan,New York,New York,712,7,,,,Ave.,,,,Marett
8272,1032,1895,Trows,765.0,Restaurants,Margaret Louisa Home,14 E. 16 St.,Manhattan,New York,New York,14,16,,,E.,St.,,,,Margaret
8273,1033,1895,Trows,765.0,Restaurants,Margulies Herman,22  Orchard St.,Manhattan,New York,New York,22,Orchard,,,,St.,,,,Margulies
8274,1034,1895,Trows,765.0,Restaurants,Marion John B.,157  Christopher St.,Manhattan,New York,New York,157,Christopher,,,,St.,,,,Marion
8275,1035,1895,Trows,765.0,Restaurants,Mariotti Frederick,72 W. 50 St.,Manhattan,New York,New York,72,50,,,W.,St.,,,,Mariotti
8276,1036,1895,Trows,765.0,Restaurants,Markus Abraham,210  6 St.,Manhattan,New York,New York,210,6,,,,St.,,,,Markus
8277,1037,1895,Trows,765.0,Restaurants,Marootian Nahabed,388  3 Ave.,Manhattan,New York,New York,388,3,,,,Ave.,,,,Marootian
8278,1038,1895,Trows,765.0,Restaurants,Marquardt Frederick,46  Grand St.,Manhattan,New York,New York,46,Grand,,,,St.,,,,Marquardt
8279,1039,1895,Trows,765.0,Restaurants,Martin Joseph,150  3 Ave.,Manhattan,New York,New York,150,3,,,,Ave.,,,,Martin
8280,1040,1895,Trows,765.0,Restaurants,Martin Samuel W.,1437  Broadway,Manhattan,New York,New York,1437,Broadway,,,,,,,,Martin
8281,1041,1895,Trows,765.0,Restaurants,Martinez Lino,192  Pearl St.,Manhattan,New York,New York,192,Pearl,,,,St.,,,,Martinez
8282,1042,1895,Trows,765.0,Restaurants,Marty I.,79 W. 12 St.,Manhattan,New York,New York,79,12,,,W.,St.,,,,Marty
8283,1043,1895,Trows,765.0,Restaurants,Marx Felix,193  Mercer  St.,Manhattan,New York,New York,193,Mercer ,,,,St.,,,,Marx
8284,1044,1895,Trows,765.0,Restaurants,Mathews Edward jr.,1  West St.,Manhattan,New York,New York,1,West,,,,St.,,,,Mathews
8285,1045,1895,Trows,765.0,Restaurants,Maurier Frank,134 W. 28 St.,Manhattan,New York,New York,134,28,,,W.,St.,,,,Maurier
8286,1046,1895,Trows,765.0,Restaurants,May Ernest S.,50 W. 28 St.,Manhattan,New York,New York,50,28,,,W.,St.,,,,May
8287,1047,1895,Trows,765.0,Restaurants,Mayer Simon,27  Mercer  St.,Manhattan,New York,New York,27,Mercer ,,,,St.,,,,Mayer
8288,1048,1895,Trows,765.0,Restaurants,Mayer Simon,237  Mercer  St.,Manhattan,New York,New York,237,Mercer ,,,,St.,,,,Mayer
8289,1049,1895,Trows,765.0,Restaurants,Mead Irving,553  8 Ave.,Manhattan,New York,New York,553,8,,,,Ave.,,,,Mead
8290,1050,1895,Trows,765.0,Restaurants,Mecca Luigi,250  Mulberry St.,Manhattan,New York,New York,250,Mulberry,,,,St.,,,,Mecca
8291,1051,1895,Trows,765.0,Restaurants,Mecca Pietro,135  Mott St.,Manhattan,New York,New York,135,Mott,,,,St.,,,,Mecca
8292,1052,1895,Trows,765.0,Restaurants,Meckauer Bruno,17  Howard St.,Manhattan,New York,New York,17,Howard,,,,St.,,,,Meckauer
8293,1053,1895,Trows,765.0,Restaurants,Meehan Bernard,150  West St.,Manhattan,New York,New York,150,West,,,,St.,,,,Meehan
8294,1054,1895,Trows,765.0,Restaurants,Mehlich & Ruckert,21  Park Row,Manhattan,New York,New York,21,Park,,,,Row,,,,Mehlich
8295,1055,1895,Trows,765.0,Restaurants,Mellen John L.,152  South St.,Manhattan,New York,New York,152,South,,,,St.,,,,Mellen
8296,1056,1895,Trows,765.0,Restaurants,Mellen Peter F.,614  Grand St.,Manhattan,New York,New York,614,Grand,,,,St.,,,,Mellen
8297,1057,1895,Trows,765.0,Restaurants,Merkel William,224  Chrystie St.,Manhattan,New York,New York,224,Chrystie,,,,St.,,,,Merkel
8298,1058,1895,Trows,765.0,Restaurants,Merser Isaac P.,183  6 Ave.,Manhattan,New York,New York,183,6,,,,Ave.,,,,Merser
8299,1059,1895,Trows,765.0,Restaurants,Messet John,17 E. 134 St.,Manhattan,New York,New York,17,134,,,E.,St.,,,,Messet
8300,1060,1895,Trows,765.0,Restaurants,Messner & Freienstein,811  8 Ave.,Manhattan,New York,New York,811,8,,,,Ave.,,,,Messner
8301,1061,1895,Trows,765.0,Restaurants,Mestaniz Liubomir ,416  Lexington Ave.,Manhattan,New York,New York,416,Lexington,,,,Ave.,,,,Mestaniz
8302,1062,1895,Trows,765.0,Restaurants,Metiotos Antonio,6  James Sl.,Manhattan,New York,New York,6,James,,,,Sl.,,,,Metiotos
8303,1063,1895,Trows,765.0,Restaurants,Mensburger Bernard,109  Nassau St.,Manhattan,New York,New York,109,Nassau,,,,St.,,,,Mensburger
8304,1064,1895,Trows,765.0,Restaurants,Meyer Anna,36  Desbrosses St.,Manhattan,New York,New York,36,Desbrosses,,,,St.,,,,Meyer
8305,1065,1895,Trows,765.0,Restaurants,Meyer Frederick,119  Broadway,Manhattan,New York,New York,119,Broadway,,,,,,,,Meyer
8306,1066,1895,Trows,765.0,Restaurants,Meyer Frederick M.,74 E. 4 St.,Manhattan,New York,New York,74,4,,,E.,St.,,,,Meyer
8307,1067,1895,Trows,765.0,Restaurants,Meyer Gustav,1 W. 3 St.,Manhattan,New York,New York,1,3,,,W.,St.,,,,Meyer
8308,1068,1895,Trows,765.0,Restaurants,Meyer Henry K.,13 Little W. 12 St.,Manhattan,New York,New York,13,12,,,Little W.,St.,,,,Meyer
8309,1069,1895,Trows,765.0,Restaurants,Meyer Herman,176  West St.,Manhattan,New York,New York,176,West,,,,St.,,,,Meyer
8310,1070,1895,Trows,765.0,Restaurants,Meyer John H.,517  Lexington Ave.,Manhattan,New York,New York,517,Lexington,,,,Ave.,,,,Meyer
8311,1071,1895,Trows,765.0,Restaurants,Michaelis Herman,118  Prince St.,Manhattan,New York,New York,118,Prince,,,,St.,,,,Michaelis
8312,1072,1895,Trows,765.0,Restaurants,Middleton Solomon S.,84  William St.,Manhattan,New York,New York,84,William,,,,St.,,,,Middleton
8313,1073,1895,Trows,765.0,Restaurants,Milbert Leonard,300  Stanton St.,Manhattan,New York,New York,300,Stanton,,,,St.,,,,Milbert
8314,1074,1895,Trows,765.0,Restaurants,Miller Adam,388  Canal St.,Manhattan,New York,New York,388,Canal,,,,St.,,,,Miller
8315,1075,1895,Trows,765.0,Restaurants,Miller Frederick,199  Forsyth St.,Manhattan,New York,New York,199,Forsyth,,,,St.,,,,Miller
