Unnamed: 0,ID,YR,DIR,PG,TYPE,NAME,ADDY,BOROUGH,CITY,STATE,HOUSENO,STNAME,STNAME.1,STNAME.2,ST_PREFIX,ST_SUFFIX,AdrMod,STNAME.3,STNAME.4,last_name
13818,,1920.0,Phillip's,1186.0,,Lutes Restaurant Inc.,51 W 14 St.,,New York,New York,51,W,14,St.,,,,,,Lutes
13819,,1920.0,Phillip's,1186.0,,Lux J. B. ,4 Union Square  ,,New York,New York,4,Union Square,,,,,,,,Lux
13820,,1920.0,Phillip's,1186.0,,McCormick M. J.,475 4 Ave. ,,New York,New York,475,4,Ave.,,,,,,,McCormick
13821,,1920.0,Phillip's,1186.0,,McDonald E. H.,380 W 125 St.,,New York,New York,380,W,125,St.,,,,,,McDonald
13822,,1920.0,Phillip's,1186.0,,McKinley Square Casino,775 E 169 St.,,New York,New York,775,E,169,St.,,,,,,McKinley
13823,,1920.0,Phillip's,1186.0,,MacFadden,141 Fulton St. ,,New York,New York,141,Fulton,St.,,,,,,,MacFadden
13824,,1920.0,Phillip's,1186.0,,Mackee H.,204 9 Ave. ,,New York,New York,204,9,Ave.,,,,,,,Mackee
13825,,1920.0,Phillip's,1186.0,,Madison Buffet Lunch,145 Madison Ave. ,,New York,New York,145,Madison,Ave.,,,,,,,Madison
13826,,1920.0,Phillip's,1186.0,,Madison Sq. Restaurant Co.,6 E 23 St.,,New York,New York,6,E,23,St.,,,,,,Madison
13827,,1920.0,Phillip's,1186.0,,Maggi H. ,103 W 38 St.,,New York,New York,103,W,38,St.,,,,,,Maggi
13828,,1920.0,Phillip's,1186.0,,Magnet Lunch,130 W 36 St.,,New York,New York,130,W,36,St.,,,,,,Magnet
13829,,1920.0,Phillip's,1186.0,,Mahnken's Lunch,167 William St. ,,New York,New York,167,William,St.,,,,,,,Mahnken's
13830,,1920.0,Phillip's,1186.0,,Maison Chevalier,528 7 Ave. ,,New York,New York,528,7,Ave.,,,,,,,Maison
13831,,1920.0,Phillip's,1186.0,,Maloney J. J. ,791 7 Ave. ,,New York,New York,791,7,Ave.,,,,,,,Maloney
13832,,1920.0,Phillip's,1186.0,,Mandl J.,31 W 26 St.,,New York,New York,31,W,26,St.,,,,,,Mandl
13833,,1920.0,Phillip's,1186.0,,Manhattan Dairy Restaurant,160 W 24 St.,,New York,New York,160,W,24,St.,,,,,,Manhattan
13834,,1920.0,Phillip's,1186.0,,Manisof Hy.,37 W 19 St.,,New York,New York,37,W,19,St.,,,,,,Manisof
13835,,1920.0,Phillip's,1186.0,,Maple Leaf Dairy,70 Wall St. ,,New York,New York,70,Wall,St.,,,,,,,Maple
13836,,1920.0,Phillip's,1186.0,,Markos Michl.,228 Lenox Ave. ,,New York,New York,228,Lenox,Ave.,,,,,,,Markos
13837,,1920.0,Phillip's,1186.0,,Maros & Terzoglos,300 E 23 St.,,New York,New York,300,E,23,St.,,,,,,Maros
13838,,1920.0,Phillip's,1186.0,,Marsullo D.,133 W 49 St.,,New York,New York,133,W,49,St.,,,,,,Marsullo
13839,,1920.0,Phillip's,1186.0,,Martera ,2130 Broadway  ,,New York,New York,2130,Broadway,,,,,,,,Martera
13840,,1920.0,Phillip's,1186.0,,Martin ,150 W 44 St.,,New York,New York,150,W,44,St.,,,,,,Martin
13841,,1920.0,Phillip's,1186.0,,Mary Elizabeth,392 5 Ave. ,,New York,New York,392,5,Ave.,,,,,,,Mary
13842,,1920.0,Phillip's,1186.0,,Marz Fred,136 W 42 St.,,New York,New York,136,W,42,St.,,,,,,Marz
13843,,1920.0,Phillip's,1186.0,,Matlin & Spiwack,22 W 17 St.,,New York,New York,22,W,17,St.,,,,,,Matlin
13844,,1920.0,Phillip's,1186.0,,Mayer Martin,177 W Broadway ,,New York,New York,177,W,Broadway,,,,,,,Mayer
13845,,1920.0,Phillip's,1186.0,,Maxim's ,108 W 38 St.,,New York,New York,108,W,38,St.,,,,,,Maxim's
13846,,1920.0,Phillip's,1186.0,,Mazzini Restaurant,557 W Broadway ,,New York,New York,557,W,Broadway,,,,,,,Mazzini
13847,,1920.0,Phillip's,1186.0,,Mecca Restaurant,3550 Broadway  ,,New York,New York,3550,Broadway,,,,,,,,Mecca
13848,,1920.0,Phillip's,1186.0,,Meilen & Krieger,100 Nassau St. ,,New York,New York,100,Nassau,St.,,,,,,,Meilen
13849,,1920.0,Phillip's,1186.0,,Meises Morris & Son,13 E Broadway ,,New York,New York,13,E,Broadway,,,,,,,Meises
13850,,1920.0,Phillip's,1186.0,,Meisner Chas. L. & Son,19 Beaver St. ,,New York,New York,19,Beaver,St.,,,,,,,Meisner
13851,,1920.0,Phillip's,1186.0,,Mendel Stores Inc,10 Vanderbilt  Ave. ,,New York,New York,10,Vanderbilt ,Ave.,,,,,,,Mendel
13852,,1920.0,Phillip's,1186.0,,Mentasti Peter G.,40 Broad St. ,,New York,New York,40,Broad,St.,,,,,,,Mentasti
13853,,1920.0,Phillip's,1186.0,,Mercantile Lunch Co. office,187 Broadway  ,,New York,New York,187,Broadway,,,,,,,,Mercantile
13854,,1920.0,Phillip's,1186.0,,Merchants' Dining Rooms Co.,350 Broadway  ,,New York,New York,350,Broadway,,,,,,,,Merchants'
13855,,1920.0,Phillip's,1186.0,,Metchik's ,24 W 31 St.,,New York,New York,24,W,31,St.,,,,,,Metchik's
13856,,1920.0,Phillip's,1186.0,,Metropolis M. B. Buffet,859 Broadwa  ,,New York,New York,859,Broadwa,,,,,,,,Metropolis
13857,,1920.0,Phillip's,1186.0,,Meyer A. H. ,8 Park Pl ,,New York,New York,8,Park,Pl,,,,,,,Meyer
13858,,1920.0,Phillip's,1186.0,,Meyers A. P.,2844 Broadway  ,,New York,New York,2844,Broadway,,,,,,,,Meyers
13859,,1920.0,Phillip's,1186.0,Chinese Restaurant,Mi Chan's,610 8 Ave. ,,New York,New York,610,8,Ave.,,,,,,,Mi
13860,,1920.0,Phillip's,1186.0,,Mignon & Piscetta,304 W 125 St.,,New York,New York,304,W,125,St.,,,,,,Mignon
13861,,1920.0,Phillip's,1186.0,,Milano Restaurant & Café,39 Beaver St. ,,New York,New York,39,Beaver,St.,,,,,,,Milano
13862,,1920.0,Phillip's,1186.0,,Miller H.,14 W 22 St.,,New York,New York,14,W,22,St.,,,,,,Miller
13863,,1920.0,Phillip's,1186.0,,Miller's Restaurant & Café,115 Nassau St. ,,New York,New York,115,Nassau,St.,,,,,,,Miller's
13864,,1920.0,Phillip's,1186.0,,Milstein  A.,108 W 116 St.,,New York,New York,108,W,116,St.,,,,,,Milstein
13865,,1920.0,Phillip's,1186.0,Chinese Restaurant,Ming T. H.,26 E 23 St.,,New York,New York,26,E,23,St.,,,,,,Ming
13866,,1920.0,Phillip's,1186.0,,Miserocchi Felix,29 W 27 St.,,New York,New York,29,W,27,St.,,,,,,Miserocchi
13867,,1920.0,Phillip's,1186.0,,Mock's Restaurant,749 8 Ave. ,,New York,New York,749,8,Ave.,,,,,,,Mock's
13868,,1920.0,Phillip's,1186.0,,Moenk Wm.,120 White St. ,,New York,New York,120,White,St.,,,,,,,Moenk
13869,,1920.0,Phillip's,1186.0,,Monte Carlo,246 W 40 St.,,New York,New York,246,W,40,St.,,,,,,Monte
13870,,1920.0,Phillip's,1186.0,,Monteverde,139 W 41 St.,,New York,New York,139,W,41,St.,,,,,,Monteverde
13871,,1920.0,Phillip's,1186.0,,Monza C.,104 W 43 St.,,New York,New York,104,W,43,St.,,,,,,Monza
13872,,1920.0,Phillip's,1186.0,,Moretti's ,51 W 35 St.,,New York,New York,51,W,35,St.,,,,,,Moretti's
13873,,1920.0,Phillip's,1186.0,,Moses R.,21 E 21 St.,,New York,New York,21,E,21,St.,,,,,,Moses
13874,,1920.0,Phillip's,1186.0,,Moskowitz S.,282 Lenox Ave. ,,New York,New York,282,Lenox,Ave.,,,,,,,Moskowitz
13875,,1920.0,Phillip's,1186.0,,Mouquin Restaurant & Wine Co,454 6 Ave. ,,New York,New York,454,6,Ave.,,,,,,,Mouquin
13876,,1920.0,Phillip's,1186.0,,Muhs F.,56 John St. ,,New York,New York,56,John,St.,,,,,,,Muhs
13877,,1920.0,Phillip's,1186.0,,Muldoon J. F.,1045 6 Ave. ,,New York,New York,1045,6,Ave.,,,,,,,Muldoon
13878,,1920.0,Phillip's,1186.0,,Muller F.,42 E 23 St.,,New York,New York,42,E,23,St.,,,,,,Muller
13879,,1920.0,Phillip's,1187.0,,Muller Theo.,642 6 Ave. ,,New York,New York,642,6,Ave.,,,,,,,Muller
13880,,1920.0,Phillip's,1187.0,,Muller's Restaurant,33 Maiden La ,,New York,New York,33,Maiden,La,,,,,,,Muller's
13881,,1920.0,Phillip's,1187.0,,Mundorff Albert,226 W 125 St.,,New York,New York,226,W,125,St.,,,,,,Mundorff
13882,,1920.0,Phillip's,1187.0,,Murray J. W.,1027 6 Ave. ,,New York,New York,1027,6,Ave.,,,,,,,Murray
13883,,1920.0,Phillip's,1187.0,,Murray V. C.,70 Pine St. ,,New York,New York,70,Pine,St.,,,,,,,Murray
13884,,1920.0,Phillip's,1187.0,,Murray W. H.,107 Broad St. ,,New York,New York,107,Broad,St.,,,,,,,Murray
13885,,1920.0,Phillip's,1187.0,,Murray's ,228 W 42 St.,,New York,New York,228,W,42,St.,,,,,,Murray's
13886,,1920.0,Phillip's,1187.0,,Nadal's Café,113 Water St. ,,New York,New York,113,Water,St.,,,,,,,Nadal's
13887,,1920.0,Phillip's,1187.0,,Naomi Dining Room,129 Fulton St. ,,New York,New York,129,Fulton,St.,,,,,,,Naomi
13888,,1920.0,Phillip's,1187.0,,Nassau Café Inc,63 Nassau St. ,,New York,New York,63,Nassau,St.,,,,,,,Nassau
13889,,1920.0,Phillip's,1187.0,,Nassau Cafeteria,77 Nassau St. ,,New York,New York,77,Nassau,St.,,,,,,,Nassau
13890,,1920.0,Phillip's,1187.0,,Nassau Lunch,49 Nassau St. ,,New York,New York,49,Nassau,St.,,,,,,,Nassau
13891,,1920.0,Phillip's,1187.0,,Napolitano Andrea,114 W 31 St.,,New York,New York,114,W,31,St.,,,,,,Napolitano
13892,,1920.0,Phillip's,1187.0,,National Lunch,123 Park Row  ,,New York,New York,123,Park Row,,,,,,,,National
13893,,1920.0,Phillip's,1187.0,,National Lunch Co,124 6 Ave. ,,New York,New York,124,6,Ave.,,,,,,,National
13894,,1920.0,Phillip's,1187.0,,Naughton J.,82 Duane St. ,,New York,New York,82,Duane,St.,,,,,,,Naughton
13895,,1920.0,Phillip's,1187.0,,Neidhardt Theo.,936 8 Ave. ,,New York,New York,936,8,Ave.,,,,,,,Neidhardt
13896,,1920.0,Phillip's,1187.0,,Nelson S. E.,69 Grand St. ,,New York,New York,69,Grand,St.,,,,,,,Nelson
13897,,1920.0,Phillip's,1187.0,,Neumann Bros.,387 Canal St. ,,New York,New York,387,Canal,St.,,,,,,,Neumann
13898,,1920.0,Phillip's,1187.0,,Neumann Bros.,141 W Broadway ,,New York,New York,141,W,Broadway,,,,,,,Neumann
13899,,1920.0,Phillip's,1187.0,,N. Y. Lunch,261 W 42 St.,,New York,New York,261,W,42,St.,,,,,,N.
13900,,1920.0,Phillip's,1187.0,,Newman D.,6 W 21 St.,,New York,New York,6,W,21,St.,,,,,,Newman
13901,,1920.0,Phillip's,1187.0,,Newman Sam'l,182 5 Ave. ,,New York,New York,182,5,Ave.,,,,,,,Newman
13902,,1920.0,Phillip's,1187.0,,Nicholas Restaurant,1365 St. Nicholas  Ave. ,,New York,New York,1365,St. Nicholas ,Ave.,,,,,,,Nicholas
13903,,1920.0,Phillip's,1187.0,,Nichthauser C.,11 W 31 St.,,New York,New York,11,W,31,St.,,,,,,Nichthauser
13904,,1920.0,Phillip's,1187.0,,Nichthauser B. ,32 W 38 St.,,New York,New York,32,W,38,St.,,,,,,Nichthauser
13905,,1920.0,Phillip's,1187.0,,Nickel Alfred,2585 Broadway  ,,New York,New York,2585,Broadway,,,,,,,,Nickel
13906,,1920.0,Phillip's,1187.0,,Niedzwicki S.,327 E 14 St.,,New York,New York,327,E,14,St.,,,,,,Niedzwicki
13907,,1920.0,Phillip's,1187.0,,Nields J. W.D.,202 Hudson St. ,,New York,New York,202,Hudson,St.,,,,,,,Nields
13908,,1920.0,Phillip's,1187.0,,Noon Hour,53 Nassau St. ,,New York,New York,53,Nassau,St.,,,,,,,Noon
13909,,1920.0,Phillip's,1187.0,,Nova Tea Room,47 Church St. ,,New York,New York,47,Church,St.,,,,,,,Nova
13910,,1920.0,Phillip's,1187.0,,Nussdorf Abe,249 W 35 St.,,New York,New York,249,W,35,St.,,,,,,Nussdorf
13911,,1920.0,Phillip's,1187.0,,Nussdorf H.,117 W 21 St.,,New York,New York,117,W,21,St.,,,,,,Nussdorf
13912,,1920.0,Phillip's,1187.0,,Nussdorf Bros.,99 W 27 St.,,New York,New York,99,W,27,St.,,,,,,Nussdorf
13913,,1920.0,Phillip's,1187.0,,Nutman M.  ,2015 Boston Rd ,,New York,New York,2015,Boston,Rd,,,,,,,Nutman
13914,,1920.0,Phillip's,1187.0,,O. & D. Lunch,448 4 Ave. ,,New York,New York,448,4,Ave.,,,,,,,O.
13915,,1920.0,Phillip's,1187.0,,Ockendon Richeard,53 W 3 St.,,New York,New York,53,W,3,St.,,,,,,Ockendon
13916,,1920.0,Phillip's,1187.0,,O'Connor & Wulfers,9 W 32 St.,,New York,New York,9,W,32,St.,,,,,,O'Connor
13917,,1920.0,Phillip's,1187.0,,Odde Otto P.,59 W 27 St.,,New York,New York,59,W,27,St.,,,,,,Odde
13918,,1920.0,Phillip's,1187.0,,Offer C.,102 W 38 St.,,New York,New York,102,W,38,St.,,,,,,Offer
13919,,1920.0,Phillip's,1187.0,,Ohio Lunch,9 W 35 St.,,New York,New York,9,W,35,St.,,,,,,Ohio
13920,,1920.0,Phillip's,1187.0,,Ohmeis P. M. & Co,140 Fulton St. ,,New York,New York,140,Fulton,St.,,,,,,,Ohmeis
13921,,1920.0,Phillip's,1187.0,,Old Crow,1162 Broadway  ,,New York,New York,1162,Broadway,,,,,,,,Old
13922,,1920.0,Phillip's,1187.0,,Olivari & Poggi,403 W 14 St.,,New York,New York,403,W,14,St.,,,,,,Olivari
13923,,1920.0,Phillip's,1187.0,,Olnick Bros. ,1125 Amsterdam Ave. ,,New York,New York,1125,Amsterdam,Ave.,,,,,,,Olnick
13924,,1920.0,Phillip's,1187.0,,Olnick Bros. ,2332 Broadway  ,,New York,New York,2332,Broadway,,,,,,,,Olnick
13925,,1920.0,Phillip's,1187.0,,Olnick Bros. ,2546 Broadway  ,,New York,New York,2546,Broadway,,,,,,,,Olnick
13926,,1920.0,Phillip's,1187.0,,Oneto J.,90 Murray St. ,,New York,New York,90,Murray,St.,,,,,,,Oneto
13927,,1920.0,Phillip's,1187.0,,Opera Lunch,34 E 28 St.,,New York,New York,34,E,28,St.,,,,,,Opera
13928,,1920.0,Phillip's,1187.0,,Oppenheimer E.,4255 Broadway  ,,New York,New York,4255,Broadway,,,,,,,,Oppenheimer
13929,,1920.0,Phillip's,1187.0,,Oriole ,56 W 39 St.,,New York,New York,56,W,39,St.,,,,,,Oriole
13930,,1920.0,Phillip's,1187.0,,Ortelli C & A. Cipriani ,51 W 35 St.,,New York,New York,51,W,35,St.,,,,,,Ortelli
13931,,1920.0,Phillip's,1187.0,,Oxford Lunch,199 6 Ave. ,,New York,New York,199,6,Ave.,,,,,,,Oxford
13932,,1920.0,Phillip's,1187.0,,Pabst Van Cortlandt Park Restaurant,Broadway  & 242 St.,,New York,New York,Broadway ,&,242,St.,,,,,,Pabst
13933,,1920.0,Phillip's,1187.0,,Paddell T. F.,8 E 23 St.,,New York,New York,8,E,23,St.,,,,,,Paddell
13934,,1920.0,Phillip's,1187.0,,Pagoda Restaurant,554 W 146 St.,,New York,New York,554,W,146,St.,,,,,,Pagoda
13935,,1920.0,Phillip's,1187.0,,Palace,160 W 23 St.,,New York,New York,160,W,23,St.,,,,,,Palace
13936,,1920.0,Phillip's,1187.0,,Palais De Danse,Broadway & 48 St.,,New York,New York,Broadway,&,48,St.,,,,,,Palais
13937,,1920.0,Phillip's,1187.0,,Palais Royal ,Broadway & 48 St.,,New York,New York,Broadway,&,48,St.,,,,,,Palais
13938,,1920.0,Phillip's,1187.0,,Palm Tree,62 Broad St. ,,New York,New York,62,Broad,St.,,,,,,,Palm
13939,,1920.0,Phillip's,1187.0,,Palmer John ,488 8 Ave. ,,New York,New York,488,8,Ave.,,,,,,,Palmer
13940,,1920.0,Phillip's,1187.0,,Pappatheodorois,723 7 Ave. ,,New York,New York,723,7,Ave.,,,,,,,Pappatheodorois
13941,,1920.0,Phillip's,1187.0,,Parisian Rotisserie Co.,2824 Broadway  ,,New York,New York,2824,Broadway,,,,,,,,Parisian
13942,,1920.0,Phillip's,1187.0,,Parisien Café,8 Ave & 56,,New York,New York,8,Ave,&,56,,,,,,Parisien
13943,,1920.0,Phillip's,1187.0,,Pascale T.,2508 Hughes Ave. ,,New York,New York,2508,Hughes,Ave.,,,,,,,Pascale
13944,,1920.0,Phillip's,1187.0,,Pasini Frank,348 Washington St. ,,New York,New York,348,Washington,St.,,,,,,,Pasini
13945,,1920.0,Phillip's,1187.0,,Paul ,62 W 9 St.,,New York,New York,62,W,9,St.,,,,,,Paul
13946,,1920.0,Phillip's,1187.0,,Pause Max,72 University Pl ,,New York,New York,72,University,Pl,,,,,,,Pause
13947,,1920.0,Phillip's,1187.0,,Pearl A.,111 Lafayette St. ,,New York,New York,111,Lafayette,St.,,,,,,,Pearl
13948,,1920.0,Phillip's,1187.0,,Pechar's Vienna Restaurant,658 6 Ave. ,,New York,New York,658,6,Ave.,,,,,,,Pechar's
13949,,1920.0,Phillip's,1187.0,,Peck J.,140 Fulton St. ,,New York,New York,140,Fulton,St.,,,,,,,Peck
13950,,1920.0,Phillip's,1187.0,,Peck & Zucca,116 W 49 St.,,New York,New York,116,W,49,St.,,,,,,Peck
13951,,1920.0,Phillip's,1187.0,,Peerless Lunch,201 Fulton St. ,,New York,New York,201,Fulton,St.,,,,,,,Peerless
13952,,1920.0,Phillip's,1187.0,,Pekin,1576 Broadway  ,,New York,New York,1576,Broadway,,,,,,,,Pekin
13953,,1920.0,Phillip's,1187.0,,Peg Woffington Coffee House,11 E 44 St.,,New York,New York,11,E,44,St.,,,,,,Peg
13954,,1920.0,Phillip's,1187.0,,Pellerano & Co,3 Hamilton Pl ,,New York,New York,3,Hamilton,Pl,,,,,,,Pellerano
13955,,1920.0,Phillip's,1187.0,,Pellerano & Olivari,463 Columbus Ave. ,,New York,New York,463,Columbus,Ave.,,,,,,,Pellerano
13956,,1920.0,Phillip's,1187.0,,Peltz S.,31 Bridge St. ,,New York,New York,31,Bridge,St.,,,,,,,Peltz
13957,,1920.0,Phillip's,1187.0,,Peragallo L.,366 W 23 St.,,New York,New York,366,W,23,St.,,,,,,Peragallo
13958,,1920.0,Phillip's,1187.0,,Perlman & Burnstein,62 W 114 St.,,New York,New York,62,W,114,St.,,,,,,Perlman
13959,,1920.0,Phillip's,1187.0,,Peter's,165 W 49 St.,,New York,New York,165,W,49,St.,,,,,,Peter's
13960,,1920.0,Phillip's,1187.0,,Physical Culture Restaurant Co. Inc.,949 Broadway  ,,New York,New York,949,Broadway,,,,,,,,Physical
13961,,1920.0,Phillip's,1187.0,,Piccadilly,170 W Broadway ,,New York,New York,170,W,Broadway,,,,,,,Piccadilly
13962,,1920.0,Phillip's,1187.0,,Pieper John C. ,192 William St. ,,New York,New York,192,William,St.,,,,,,,Pieper
13963,,1920.0,Phillip's,1187.0,,Pietrantoni F.,165 W 97 St.,,New York,New York,165,W,97,St.,,,,,,Pietrantoni
13964,,1920.0,Phillip's,1187.0,,Pillitoff H.,35 W 20 St.,,New York,New York,35,W,20,St.,,,,,,Pillitoff
13965,,1920.0,Phillip's,1187.0,,Pilmer Max,5 E 14 St.,,New York,New York,5,E,14,St.,,,,,,Pilmer
13966,,1920.0,Phillip's,1187.0,,Pinsky J. & A.,148 W 49 St.,,New York,New York,148,W,49,St.,,,,,,Pinsky
13967,,1920.0,Phillip's,1187.0,,Pinto A. P.,28 W 3 St.,,New York,New York,28,W,3,St.,,,,,,Pinto
13968,,1920.0,Phillip's,1187.0,,Planos Andrew,637 6 Ave. ,,New York,New York,637,6,Ave.,,,,,,,Planos
13969,,1920.0,Phillip's,1187.0,,Playa's Restaurant,550 W 165 St.,,New York,New York,550,W,165,St.,,,,,,Playa's
13970,,1920.0,Phillip's,1187.0,,Plaza Lunch,1017 6 Ave. ,,New York,New York,1017,6,Ave.,,,,,,,Plaza
13971,,1920.0,Phillip's,1187.0,,Plaza Restaurant,875 W 181 St.,,New York,New York,875,W,181,St.,,,,,,Plaza
13972,,1920.0,Phillip's,1187.0,,Pogosky Max ,865 6 Ave. ,,New York,New York,865,6,Ave.,,,,,,,Pogosky
13973,,1920.0,Phillip's,1187.0,,Poliakoff & Shapiro,2858 3 Ave. ,,New York,New York,2858,3,Ave.,,,,,,,Poliakoff
13974,,1920.0,Phillip's,1187.0,,Pontin's ,47 Franklin St. ,,New York,New York,47,Franklin,St.,,,,,,,Pontin's
13975,,1920.0,Phillip's,1187.0,,Popkin I.,957 6 Ave. ,,New York,New York,957,6,Ave.,,,,,,,Popkin
13976,,1920.0,Phillip's,1187.0,,Popkin L.,755 7 Ave. ,,New York,New York,755,7,Ave.,,,,,,,Popkin
13977,,1920.0,Phillip's,1187.0,,Popp E.,131 W 33 St.,,New York,New York,131,W,33,St.,,,,,,Popp
13978,,1920.0,Phillip's,1187.0,,Popper S.,280 Broome St. ,,New York,New York,280,Broome,St.,,,,,,,Popper
13979,,1920.0,Phillip's,1187.0,,Port Arthur,7 Mott St. ,,New York,New York,7,Mott,St.,,,,,,,Port
13980,,1920.0,Phillip's,1187.0,,Posilipo Restaurant,225 E 116 St.,,New York,New York,225,E,116,St.,,,,,,Posilipo
13981,,1920.0,Phillip's,1187.0,,Post C. F.,147 W 23 St.,,New York,New York,147,W,23,St.,,,,,,Post
13982,,1920.0,Phillip's,1187.0,,Postal Buffet Lunch,54 Liberty St. ,,New York,New York,54,Liberty,St.,,,,,,,Postal
13983,,1920.0,Phillip's,1187.0,,Prago Louis,1385 5 Ave. ,,New York,New York,1385,5,Ave.,,,,,,,Prago
13984,,1920.0,Phillip's,1187.0,,Pre-Catelan Inc.,110 W 39 St.,,New York,New York,110,W,39,St.,,,,,,Pre-Catelan
13985,,1920.0,Phillip's,1187.0,,Price A.,381 Greenwich St. ,,New York,New York,381,Greenwich,St.,,,,,,,Price
13986,,1920.0,Phillip's,1187.0,,Prince George Hotel,5 Ave & 28,,New York,New York,5,Ave,&,28,,,,,,Prince
13987,,1920.0,Phillip's,1187.0,,Princess Restaurant Inc.,1845 Broadway  ,,New York,New York,1845,Broadway,,,,,,,,Princess
13988,,1920.0,Phillip's,1187.0,,Proctor's Restaurant Inc,96 Broadway  ,,New York,New York,96,Broadway,,,,,,,,Proctor's
13989,,1920.0,Phillip's,1187.0,,Progressive Dairy Restaurant,39 W 25 St.,,New York,New York,39,W,25,St.,,,,,,Progressive
13990,,1920.0,Phillip's,1187.0,,Progressive Lunch Inc.,1151 Broadway  ,,New York,New York,1151,Broadway,,,,,,,,Progressive
13991,,1920.0,Phillip's,1187.0,,Prohaska P.,56 West St. ,,New York,New York,56,West,St.,,,,,,,Prohaska
13992,,1920.0,Phillip's,1187.0,,Prospect Bakery & Lunch Co.,857 Prospect Ave. ,,New York,New York,857,Prospect,Ave.,,,,,,,Prospect
13993,,1920.0,Phillip's,1187.0,,Pucciatti John,302 E 12 St.,,New York,New York,302,E,12,St.,,,,,,Pucciatti
13994,,1920.0,Phillip's,1187.0,,Pullman Cafeteria Inc.,431 7 Ave. ,,New York,New York,431,7,Ave.,,,,,,,Pullman
13995,,1920.0,Phillip's,1187.0,,Pullman Dairy Lunch Co,401 Lexington Ave. ,,New York,New York,401,Lexington,Ave.,,,,,,,Pullman
13996,,1920.0,Phillip's,1187.0,,Purchase W. D.,205 Hudson St. ,,New York,New York,205,Hudson,St.,,,,,,,Purchase
13997,,1920.0,Phillip's,1187.0,,Pushkin J.,104 E 110 St.,,New York,New York,104,E,110,St.,,,,,,Pushkin
13998,,1920.0,Phillip's,1187.0,,Quality Lunch,8 W Broadway ,,New York,New York,8,W,Broadway,,,,,,,Quality
13999,,1920.0,Phillip's,1187.0,,Quinn & O'hara,1413 St. Nicholas Ave. ,,New York,New York,1413,St. Nicholas,Ave.,,,,,,,Quinn
14000,,1920.0,Phillip's,1187.0,,Rasche William H.,123 Worth St. ,,New York,New York,123,Worth,St.,,,,,,,Rasche
14001,,1920.0,Phillip's,1187.0,,Rau Arnold,303 4 Ave. ,,New York,New York,303,4,Ave.,,,,,,,Rau
14002,,1920.0,Phillip's,1187.0,,Razzetti & Cella Inc.,1599 Broadway  ,,New York,New York,1599,Broadway,,,,,,,,Razzetti
14003,,1920.0,Phillip's,1187.0,,Rebhan C.,644 6 Ave. ,,New York,New York,644,6,Ave.,,,,,,,Rebhan
14004,,1920.0,Phillip's,1187.0,,Recess Club,60 Broadway  ,,New York,New York,60,Broadway,,,,,,,,Recess
14005,,1920.0,Phillip's,1187.0,,Redwood Dairy Lunch ,159 Greenwich St. ,,New York,New York,159,Greenwich,St.,,,,,,,Redwood
14006,,1920.0,Phillip's,1187.0,,"Regent, The",12 Reade St. ,,New York,New York,12,Reade,St.,,,,,,,"Regent,"
14007,,1920.0,Phillip's,1187.0,,Reinhard R.,102 Fulton St. ,,New York,New York,102,Fulton,St.,,,,,,,Reinhard
14008,,1920.0,Phillip's,1187.0,,Reisenweber's,987 8 Ave. ,,New York,New York,987,8,Ave.,,,,,,,Reisenweber's
14009,,1920.0,Phillip's,1187.0,,Renault,230 W 36 St.,,New York,New York,230,W,36,St.,,,,,,Renault
14010,,1920.0,Phillip's,1187.0,,Richelieu,41 W 24 St.,,New York,New York,41,W,24,St.,,,,,,Richelieu
14011,,1920.0,Phillip's,1187.0,,Richmond H.,1993 Broadway  ,,New York,New York,1993,Broadway,,,,,,,,Richmond
14012,,1920.0,Phillip's,1187.0,,Rigg's ,43 W 33 St.,,New York,New York,43,W,33,St.,,,,,,Rigg's
14013,,1920.0,Phillip's,1187.0,,Rigoletto Restaurant,149 Mulberry St. ,,New York,New York,149,Mulberry,St.,,,,,,,Rigoletto
14014,,1920.0,Phillip's,1187.0,,Rip Van Winkle Tea Room,17 W 37 St.,,New York,New York,17,W,37,St.,,,,,,Rip
14015,,1920.0,Phillip's,1187.0,,Rising Sun Restaurant Co.,783 8 Ave. ,,New York,New York,783,8,Ave.,,,,,,,Rising
14016,,1920.0,Phillip's,1188.0,,Risos A.,109 Cherry St. ,,New York,New York,109,Cherry,St.,,,,,,,Risos
14017,,1920.0,Phillip's,1188.0,,Rissetto B. A.,110 W 44 St.,,New York,New York,110,W,44,St.,,,,,,Rissetto
14018,,1920.0,Phillip's,1188.0,,Ritter S.,1411 Wilkins Ave. ,,New York,New York,1411,Wilkins,Ave.,,,,,,,Ritter
14019,,1920.0,Phillip's,1188.0,,Ritz-Carlton,374 Madison Ave. ,,New York,New York,374,Madison,Ave.,,,,,,,Ritz-Carlton
14020,,1920.0,Phillip's,1188.0,,Riverside Dining Rooms Inc.,229 8 Ave. ,,New York,New York,229,8,Ave.,,,,,,,Riverside
14021,,1920.0,Phillip's,1188.0,,Riverside Lunch,2566 Broadway  ,,New York,New York,2566,Broadway,,,,,,,,Riverside
14022,,1920.0,Phillip's,1188.0,,Robert's Lunch,165 William St. ,,New York,New York,165,William,St.,,,,,,,Robert's
14023,,1920.0,Phillip's,1188.0,,Robins S. M. Co.,54 Broad St. ,,New York,New York,54,Broad,St.,,,,,,,Robins
14024,,1920.0,Phillip's,1188.0,,Robins S. M. Co.,17 New St. ,,New York,New York,17,New,St.,,,,,,,Robins
14025,,1920.0,Phillip's,1188.0,,Robins S. M. Co.,125 Broadway  ,,New York,New York,125,Broadway,,,,,,,,Robins
14026,,1920.0,Phillip's,1188.0,,Rocking Stone Restaurant,Bronx Park   ,,New York,New York,Bronx Park,,,,,,,,,Rocking
14027,,1920.0,Phillip's,1188.0,,Rockwell Restaurant Co.,24 E 42 St.,,New York,New York,24,E,42,St.,,,,,,Rockwell
14028,,1920.0,Phillip's,1188.0,,Rodenberg Ida,25 Thames St. ,,New York,New York,25,Thames,St.,,,,,,,Rodenberg
14029,,1920.0,Phillip's,1188.0,,Roemer Albert J.,71 John St. ,,New York,New York,71,John,St.,,,,,,,Roemer
14030,,1920.0,Phillip's,1188.0,,Roey Samuel,151 E 14 St.,,New York,New York,151,E,14,St.,,,,,,Roey
14031,,1920.0,Phillip's,1188.0,,Rogers,45 St. & 6,,New York,New York,45,St.,&,6,,,,,,Rogers
14032,,1920.0,Phillip's,1188.0,,Rogers M.,801 6 Ave. ,,New York,New York,801,6,Ave.,,,,,,,Rogers
14033,,1920.0,Phillip's,1188.0,,Rohde E.,1307 Amsterdam Ave. ,,New York,New York,1307,Amsterdam,Ave.,,,,,,,Rohde
14034,,1920.0,Phillip's,1188.0,,Rohrs F.,176 Christopher St. ,,New York,New York,176,Christopher,St.,,,,,,,Rohrs
14035,,1920.0,Phillip's,1188.0,,Rolfe's,42 John St. ,,New York,New York,42,John,St.,,,,,,,Rolfe's
14036,,1920.0,Phillip's,1188.0,,Romanelli Restaurant Co.,2 Bond St. ,,New York,New York,2,Bond,St.,,,,,,,Romanelli
14037,,1920.0,Phillip's,1188.0,,Romano & Taormina,142 W Houston St.,,New York,New York,142,W,Houston,St.,,,,,,Romano
14038,,1920.0,Phillip's,1188.0,,Romas George,198 8 Ave. ,,New York,New York,198,8,Ave.,,,,,,,Romas
14039,,1920.0,Phillip's,1188.0,,Ronnfeldt Henry,56 West St. ,,New York,New York,56,West,St.,,,,,,,Ronnfeldt
14040,,1920.0,Phillip's,1188.0,,Roof Tree Inn Garden,5 W 28 St.,,New York,New York,5,W,28,St.,,,,,,Roof
14041,,1920.0,Phillip's,1188.0,,Rorer Restaurant,55 New St. ,,New York,New York,55,New,St.,,,,,,,Rorer
14042,,1920.0,Phillip's,1188.0,,Rosa Restaurant Co.,432 Lafayette St. ,,New York,New York,432,Lafayette,St.,,,,,,,Rosa
14043,,1920.0,Phillip's,1188.0,,Rose Garden Tea Shop,36 Central Park South,,New York,New York,36,Central,Park,South,,,,,,Rose
14044,,1920.0,Phillip's,1188.0,,Rosenbaum J.,224 Delancey St. ,,New York,New York,224,Delancey,St.,,,,,,,Rosenbaum
14045,,1920.0,Phillip's,1188.0,,Rosenbaum R.,57 W 37 St.,,New York,New York,57,W,37,St.,,,,,,Rosenbaum
14046,,1920.0,Phillip's,1188.0,,Rosenhek's Restaurant,17 E 12 St.,,New York,New York,17,E,12,St.,,,,,,Rosenhek's
14047,,1920.0,Phillip's,1188.0,,Rosenthal Carl,88 11 Ave. ,,New York,New York,88,11,Ave.,,,,,,,Rosenthal
14048,,1920.0,Phillip's,1188.0,,Rosenzweig Charles,480 6 Ave. ,,New York,New York,480,6,Ave.,,,,,,,Rosenzweig
14049,,1920.0,Phillip's,1188.0,,Rosenzweig Chas.,149 W 27 St.,,New York,New York,149,W,27,St.,,,,,,Rosenzweig
14050,,1920.0,Phillip's,1188.0,,Rosensweig & Friedman,69 2 Ave. ,,New York,New York,69,2,Ave.,,,,,,,Rosensweig
14051,,1920.0,Phillip's,1188.0,,Rosoff Lunch Co. Inc,452 6 Ave. ,,New York,New York,452,6,Ave.,,,,,,,Rosoff
14052,,1920.0,Phillip's,1188.0,,Rossi Louis,71 Centre St. ,,New York,New York,71,Centre,St.,,,,,,,Rossi
14053,,1920.0,Phillip's,1188.0,,Rosoff's Restaurant,781 6 Ave. ,,New York,New York,781,6,Ave.,,,,,,,Rosoff's
14054,,1920.0,Phillip's,1188.0,,Roth B. ,1 E 52 St.,,New York,New York,1,E,52,St.,,,,,,Roth
14055,,1920.0,Phillip's,1188.0,,Roth Bros.,36 W 26 St.,,New York,New York,36,W,26,St.,,,,,,Roth
14056,,1920.0,Phillip's,1188.0,,Roth Sam,161 W 23 St.,,New York,New York,161,W,23,St.,,,,,,Roth
14057,,1920.0,Phillip's,1188.0,,Roth & Reiss,16 W 4 St.,,New York,New York,16,W,4,St.,,,,,,Roth
14058,,1920.0,Phillip's,1188.0,,Roth's Dairy Lunch Inc.,3508 Broadway  ,,New York,New York,3508,Broadway,,,,,,,,Roth's
14059,,1920.0,Phillip's,1188.0,,Rottenberg Wm.,724 Broadway  ,,New York,New York,724,Broadway,,,,,,,,Rottenberg
14060,,1920.0,Phillip's,1188.0,,Roumanian Restaurant Co.,110 Rivington St. ,,New York,New York,110,Rivington,St.,,,,,,,Roumanian
14061,,1920.0,Phillip's,1188.0,,Roux C.,962 6 Ave. ,,New York,New York,962,6,Ave.,,,,,,,Roux
14062,,1920.0,Phillip's,1188.0,,Rovere Julius,135 3 Ave. ,,New York,New York,135,3,Ave.,,,,,,,Rovere
14063,,1920.0,Phillip's,1188.0,,Roversi Hotel,29 W 27 St.,,New York,New York,29,W,27,St.,,,,,,Roversi
14064,,1920.0,Phillip's,1188.0,,Rowan M.,26 W 33 St.,,New York,New York,26,W,33,St.,,,,,,Rowan
14065,,1920.0,Phillip's,1188.0,,Royal Bakery & Restaurant,45 Maiden La ,,New York,New York,45,Maiden,La,,,,,,,Royal
14066,,1920.0,Phillip's,1188.0,,Royal Hungarian,17 W 24 St.,,New York,New York,17,W,24,St.,,,,,,Royal
14067,,1920.0,Phillip's,1188.0,,Royal Lunch Inc.,401 8 Ave. ,,New York,New York,401,8,Ave.,,,,,,,Royal
14068,,1920.0,Phillip's,1188.0,,Royal Restaurant,2834 Broadway  ,,New York,New York,2834,Broadway,,,,,,,,Royal
14069,,1920.0,Phillip's,1188.0,,Rubekas James E.,463 Columbus  Ave. ,,New York,New York,463,Columbus ,Ave.,,,,,,,Rubekas
14070,,1920.0,Phillip's,1188.0,,Rubel M.,513 E 174 St.,,New York,New York,513,E,174,St.,,,,,,Rubel
14071,,1920.0,Phillip's,1188.0,,Rubenfeld D.,9 E 22 St.,,New York,New York,9,E,22,St.,,,,,,Rubenfeld
14072,,1920.0,Phillip's,1188.0,,Rudner S. ,262 Lenox Ave. ,,New York,New York,262,Lenox,Ave.,,,,,,,Rudner
14073,,1920.0,Phillip's,1188.0,,Rufe J.,669 6 Ave. ,,New York,New York,669,6,Ave.,,,,,,,Rufe
14074,,1920.0,Phillip's,1188.0,,"Russin Inn, The",57 W 37 St.,,New York,New York,57,W,37,St.,,,,,,Russin
14075,,1920.0,Phillip's,1188.0,,Ruvo Del Monte Inc.,145 W 49 St.,,New York,New York,145,W,49,St.,,,,,,Ruvo
14076,,1920.0,Phillip's,1188.0,,S. & S. Bakery & Restaurant,55 W 24 St.,,New York,New York,55,W,24,St.,,,,,,S.
14077,,1920.0,Phillip's,1188.0,,S. & L. Wenig's Restaurant Co. Inc,146 5 Ave. ,,New York,New York,146,5,Ave.,,,,,,,S.
14078,,1920.0,Phillip's,1188.0,,S. & S. Restaurant ,2152 Broadway  ,,New York,New York,2152,Broadway,,,,,,,,S.
14079,,1920.0,Phillip's,1188.0,,S. M. Lunch Co. Inc. ,348 4 Ave. ,,New York,New York,348,4,Ave.,,,,,,,S.
14080,,1920.0,Phillip's,1188.0,,Sabiro Max,7 W 21 St.,,New York,New York,7,W,21,St.,,,,,,Sabiro
14081,,1920.0,Phillip's,1188.0,,Sachs Isidore,86 Canal St. ,,New York,New York,86,Canal,St.,,,,,,,Sachs
14082,,1920.0,Phillip's,1188.0,,Sachs Philip,54 W 23 St.,,New York,New York,54,W,23,St.,,,,,,Sachs
14083,,1920.0,Phillip's,1188.0,,Sachs Robert,126 Pearl St. ,,New York,New York,126,Pearl,St.,,,,,,,Sachs
14084,,1920.0,Phillip's,1188.0,,Sachs Wm.,264 Grand St. ,,New York,New York,264,Grand,St.,,,,,,,Sachs
14085,,1920.0,Phillip's,1188.0,,Sachs & Stadler,64 Madison Ave. ,,New York,New York,64,Madison,Ave.,,,,,,,Sachs
14086,,1920.0,Phillip's,1188.0,,Sack & Co.,46 W 21 St.,,New York,New York,46,W,21,St.,,,,,,Sack
14087,,1920.0,Phillip's,1188.0,,St. Clair ,356 Canal St. ,,New York,New York,356,Canal,St.,,,,,,,St.
14088,,1920.0,Phillip's,1188.0,,St. Gall Restaurant Co. Inc.,136 5 Ave. ,,New York,New York,136,5,Ave.,,,,,,,St.
14089,,1920.0,Phillip's,1188.0,,St. George Restaurant,2680 Broadway  ,,New York,New York,2680,Broadway,,,,,,,,St.
14090,,1920.0,Phillip's,1188.0,,St. James ,1587 Broadway  ,,New York,New York,1587,Broadway,,,,,,,,St.
14091,,1920.0,Phillip's,1188.0,,St. James Bakery & Restaurant,618 W 181 St.,,New York,New York,618,W,181,St.,,,,,,St.
14092,,1920.0,Phillip's,1188.0,,St. Marks Restaurant,3785 Broadway  ,,New York,New York,3785,Broadway,,,,,,,,St.
14093,,1920.0,Phillip's,1188.0,,St. Mihiel Restaurant,1287 Lexington Ave. ,,New York,New York,1287,Lexington,Ave.,,,,,,,St.
14094,,1920.0,Phillip's,1188.0,,St. Nicholas Restaurant,127 Columbus Ave. ,,New York,New York,127,Columbus,Ave.,,,,,,,St.
14095,,1920.0,Phillip's,1188.0,,St. Paul Restaurant & Baking Co.,477 4 Ave. ,,New York,New York,477,4,Ave.,,,,,,,St.
14096,,1920.0,Phillip's,1188.0,,St. Quentin Inc,295 6 Ave. ,,New York,New York,295,6,Ave.,,,,,,,St.
14097,,1920.0,Phillip's,1188.0,,St. Quentin Restaurant Co.,2394 Broadway  ,,New York,New York,2394,Broadway,,,,,,,,St.
14098,,1920.0,Phillip's,1188.0,,St. Regis ,1226 Broadway  ,,New York,New York,1226,Broadway,,,,,,,,St.
14099,,1920.0,Phillip's,1188.0,,Salgado John L.,511 Greenwich St. ,,New York,New York,511,Greenwich,St.,,,,,,,Salgado
14100,,1920.0,Phillip's,1188.0,,Salmon J. W.,19 Beaver St. ,,New York,New York,19,Beaver,St.,,,,,,,Salmon
14101,,1920.0,Phillip's,1188.0,,Saloustros P.,25 Washington St. ,,New York,New York,25,Washington,St.,,,,,,,Saloustros
14102,,1920.0,Phillip's,1188.0,,Saltiel J.,156 Forsyth St. ,,New York,New York,156,Forsyth,St.,,,,,,,Saltiel
14103,,1920.0,Phillip's,1188.0,,Salzman & Braunstein,34 W 38 St.,,New York,New York,34,W,38,St.,,,,,,Salzman
14104,,1920.0,Phillip's,1188.0,,Saltzmans,14 Thomas St. ,,New York,New York,14,Thomas,St.,,,,,,,Saltzmans
14105,,1920.0,Phillip's,1188.0,,Saltzmans,105 Duane St.  ,,New York,New York,105,Duane,St. ,,,,,,,Saltzmans
14106,,1920.0,Phillip's,1188.0,,Sandel Bros.,251 W Broadway ,,New York,New York,251,W,Broadway,,,,,,,Sandel
14107,,1920.0,Phillip's,1188.0,,Sanft Samuel,562 W 207 St.,,New York,New York,562,W,207,St.,,,,,,Sanft
14108,,1920.0,Phillip's,1188.0,,Santiccioli & Laurenzio,197 Mulberry St. ,,New York,New York,197,Mulberry,St.,,,,,,,Santiccioli
14109,,1920.0,Phillip's,1188.0,,Savoy Bakery & Restaurant,12 W 27 St.,,New York,New York,12,W,27,St.,,,,,,Savoy
14110,,1920.0,Phillip's,1188.0,,Savoy Lunch,800 6 Ave. ,,New York,New York,800,6,Ave.,,,,,,,Savoy
14111,,1920.0,Phillip's,1188.0,,Sayetta Wolf,1993 Broadway  ,,New York,New York,1993,Broadway,,,,,,,,Sayetta
14112,,1920.0,Phillip's,1188.0,,Sazer B.,419 6 Ave. ,,New York,New York,419,6,Ave.,,,,,,,Sazer
14113,,1920.0,Phillip's,1188.0,,Sazer H.,146 5 Ave. ,,New York,New York,146,5,Ave.,,,,,,,Sazer
14114,,1920.0,Phillip's,1188.0,,Scandia Restaurant Co.,701 7 Ave. ,,New York,New York,701,7,Ave.,,,,,,,Scandia
14115,,1920.0,Phillip's,1188.0,,Scanlon D. P.,55 Reade St. ,,New York,New York,55,Reade,St.,,,,,,,Scanlon
14116,,1920.0,Phillip's,1188.0,,Scarmalis John,632 8 Ave. ,,New York,New York,632,8,Ave.,,,,,,,Scarmalis
14117,,1920.0,Phillip's,1188.0,,Schaffer David,713 6 Ave. ,,New York,New York,713,6,Ave.,,,,,,,Schaffer
14118,,1920.0,Phillip's,1188.0,,Schaffer Sam,24 Fulton St. ,,New York,New York,24,Fulton,St.,,,,,,,Schaffer
14119,,1920.0,Phillip's,1188.0,,Schane L.,12 W 19 St.,,New York,New York,12,W,19,St.,,,,,,Schane
14120,,1920.0,Phillip's,1188.0,,Schanno-Willy Co,118 William St. ,,New York,New York,118,William,St.,,,,,,,Schanno-Willy
14121,,1920.0,Phillip's,1188.0,,Schanzer G.,233 E 14 St.,,New York,New York,233,E,14,St.,,,,,,Schanzer
14122,,1920.0,Phillip's,1188.0,,Scharf Samuel,344 West St. ,,New York,New York,344,West,St.,,,,,,,Scharf
14123,,1920.0,Phillip's,1188.0,,Scheer Max,9 W 28 St.,,New York,New York,9,W,28,St.,,,,,,Scheer
14124,,1920.0,Phillip's,1188.0,,Scheidecker August,2637 8 Ave. ,,New York,New York,2637,8,Ave.,,,,,,,Scheidecker
14125,,1920.0,Phillip's,1188.0,,Schepps John,810 6 Ave. ,,New York,New York,810,6,Ave.,,,,,,,Schepps
14126,,1920.0,Phillip's,1188.0,,Scherrible Ernest C.,351 Hudson St. ,,New York,New York,351,Hudson,St.,,,,,,,Scherrible
14127,,1920.0,Phillip's,1188.0,,Schiaffino David,450 W Broadway ,,New York,New York,450,W,Broadway,,,,,,,Schiaffino
14128,,1920.0,Phillip's,1188.0,,Schildkraut H.,200 E Broadway ,,New York,New York,200,E,Broadway,,,,,,,Schildkraut
14129,,1920.0,Phillip's,1188.0,,Schleifer Arnold,603 Broadway  ,,New York,New York,603,Broadway,,,,,,,,Schleifer
14130,,1920.0,Phillip's,1188.0,,Schmelzer J.,1034 South Blvd ,,New York,New York,1034,South,Blvd,,,,,,,Schmelzer
14131,,1920.0,Phillip's,1188.0,,Schmidt F.,503 W 23 St.,,New York,New York,503,W,23,St.,,,,,,Schmidt
14132,,1920.0,Phillip's,1188.0,,Schneider R.,111 E 125 St.,,New York,New York,111,E,125,St.,,,,,,Schneider
14133,,1920.0,Phillip's,1188.0,,Schneider & Schweizer,883 7 Ave. ,,New York,New York,883,7,Ave.,,,,,,,Schneider
14134,,1920.0,Phillip's,1188.0,,Schneider M.,15 Thames St. ,,New York,New York,15,Thames,St.,,,,,,,Schneider
14135,,1920.0,Phillip's,1188.0,,Schoeniger C.,115 Canal St. ,,New York,New York,115,Canal,St.,,,,,,,Schoeniger
14136,,1920.0,Phillip's,1188.0,,Schulz C.,38 St. & Broadway,,New York,New York,38,St.,&,Broadway,,,,,,Schulz
14137,,1920.0,Phillip's,1188.0,,Schulze Edward,23 William St. ,,New York,New York,23,William,St.,,,,,,,Schulze
14138,,1920.0,Phillip's,1188.0,,Schur Richard R.,74 Beaver St. ,,New York,New York,74,Beaver,St.,,,,,,,Schur
14139,,1920.0,Phillip's,1188.0,,Schur & Riemenschneider,38 Fulton St. ,,New York,New York,38,Fulton,St.,,,,,,,Schur
14140,,1920.0,Phillip's,1188.0,,Schwab Bros.,732 Broadway  ,,New York,New York,732,Broadway,,,,,,,,Schwab
14141,,1920.0,Phillip's,1188.0,,Schwartz Bros.,139 2 Ave. ,,New York,New York,139,2,Ave.,,,,,,,Schwartz
14142,,1920.0,Phillip's,1188.0,,Schwartz J. H. ,51 W 19 St.,,New York,New York,51,W,19,St.,,,,,,Schwartz
14143,,1920.0,Phillip's,1188.0,,Schwartz L.,411 E 149 St.,,New York,New York,411,E,149,St.,,,,,,Schwartz
14144,,1920.0,Phillip's,1188.0,,Schwartz L.,105 South Blvd ,,New York,New York,105,South,Blvd,,,,,,,Schwartz
14145,,1920.0,Phillip's,1188.0,,Schwartz M. ,117 Avenue A  ,,New York,New York,117,Avenue A,,,,,,,,Schwartz
14146,,1920.0,Phillip's,1188.0,,Schwartz Max,63 W 125 St.,,New York,New York,63,W,125,St.,,,,,,Schwartz
14147,,1920.0,Phillip's,1188.0,,Schwartz S.,22 Dey St. ,,New York,New York,22,Dey,St.,,,,,,,Schwartz
14148,,1920.0,Phillip's,1188.0,,Schwartz & Davis,864 Broadway  ,,New York,New York,864,Broadway,,,,,,,,Schwartz
14149,,1920.0,Phillip's,1188.0,,Schwartz & Salzman,121 Chambers St. ,,New York,New York,121,Chambers,St.,,,,,,,Schwartz
14150,,1920.0,Phillip's,1188.0,,Schwartz & Salzman,103 Reade St. ,,New York,New York,103,Reade,St.,,,,,,,Schwartz
14151,,1920.0,Phillip's,1188.0,,Scotti C.,144 W 23 St.,,New York,New York,144,W,23,St.,,,,,,Scotti
14152,,1920.0,Phillip's,1189.0,,Sculler B.,19 Fulton St. ,,New York,New York,19,Fulton,St.,,,,,,,Sculler
14153,,1920.0,Phillip's,1189.0,,Seibel & Share,106 W 46 St.,,New York,New York,106,W,46,St.,,,,,,Seibel
14154,,1920.0,Phillip's,1189.0,,Seid Harry,373 Canal St. ,,New York,New York,373,Canal,St.,,,,,,,Seid
14155,,1920.0,Phillip's,1189.0,,Seidl D.,1278 3 Ave. ,,New York,New York,1278,3,Ave.,,,,,,,Seidl
14156,,1920.0,Phillip's,1189.0,,Seif Julius,32 W 28 St.,,New York,New York,32,W,28,St.,,,,,,Seif
14157,,1920.0,Phillip's,1189.0,,Seigle & Goldstein,138 5 Ave. ,,New York,New York,138,5,Ave.,,,,,,,Seigle
14158,,1920.0,Phillip's,1189.0,,Seltzer Samuel,121 University Pl ,,New York,New York,121,University,Pl,,,,,,,Seltzer
14159,,1920.0,Phillip's,1189.0,,Semprini Q.,154 W 50 St.,,New York,New York,154,W,50,St.,,,,,,Semprini
14160,,1920.0,Phillip's,1189.0,,Sens Edmund,676 8 Ave. ,,New York,New York,676,8,Ave.,,,,,,,Sens
14161,,1920.0,Phillip's,1189.0,,Sexton M. E.,6  Columbus Ave. ,,New York,New York,6, Columbus,Ave.,,,,,,,Sexton
14162,,1920.0,Phillip's,1189.0,,Sgardelis J.,203 W 38 St.,,New York,New York,203,W,38,St.,,,,,,Sgardelis
14163,,1920.0,Phillip's,1189.0,,Shanley Bros. Co.,117 W 42 St.,,New York,New York,117,W,42,St.,,,,,,Shanley
14164,,1920.0,Phillip's,1189.0,,Shanley Co.,1493 Broadway  ,,New York,New York,1493,Broadway,,,,,,,,Shanley
14165,,1920.0,Phillip's,1189.0,,Shapiro F.,360 Grand St. ,,New York,New York,360,Grand,St.,,,,,,,Shapiro
14166,,1920.0,Phillip's,1189.0,,Shapiro H.,444 7 Ave. ,,New York,New York,444,7,Ave.,,,,,,,Shapiro
14167,,1920.0,Phillip's,1189.0,,Shapiro & Lader,1050 South Blvd ,,New York,New York,1050,South,Blvd,,,,,,,Shapiro
14168,,1920.0,Phillip's,1189.0,,Sharlet L. ,26 W Houston St.,,New York,New York,26,W,Houston,St.,,,,,,Sharlet
14169,,1920.0,Phillip's,1189.0,,Sharp S.,19 E 59 St.,,New York,New York,19,E,59,St.,,,,,,Sharp
14170,,1920.0,Phillip's,1189.0,,Sharrot D.,49 Broad St. ,,New York,New York,49,Broad,St.,,,,,,,Sharrot
14171,,1920.0,Phillip's,1189.0,,Shefrin N.,173 Park Row  ,,New York,New York,173,Park Row,,,,,,,,Shefrin
14172,,1920.0,Phillip's,1189.0,,Shefrin Wm.,203 Chambers St. ,,New York,New York,203,Chambers,St.,,,,,,,Shefrin
14173,,1920.0,Phillip's,1189.0,,Shein Harry,219 W Broadway ,,New York,New York,219,W,Broadway,,,,,,,Shein
14174,,1920.0,Phillip's,1189.0,,Sheinberg S.,949 6 Ave. ,,New York,New York,949,6,Ave.,,,,,,,Sheinberg
14175,,1920.0,Phillip's,1189.0,,Shelburne Inc.,28 E 14 St.,,New York,New York,28,E,14,St.,,,,,,Shelburne
14176,,1920.0,Phillip's,1189.0,,Shelburne Restaurant & Bakery,1127 Broadway  ,,New York,New York,1127,Broadway,,,,,,,,Shelburne
14177,,1920.0,Phillip's,1189.0,,Sheirdan Catherine,39 Lexington Ave. ,,New York,New York,39,Lexington,Ave.,,,,,,,Sheirdan
14178,,1920.0,Phillip's,1189.0,,Shibata T.,517 Columbus Ave. ,,New York,New York,517,Columbus,Ave.,,,,,,,Shibata
14179,,1920.0,Phillip's,1189.0,,Shine T. J.,426 7 Ave. ,,New York,New York,426,7,Ave.,,,,,,,Shine
14180,,1920.0,Phillip's,1189.0,,Shore & Son,94.5 Greenwich St. ,,New York,New York,94.5,Greenwich,St.,,,,,,,Shore
14181,,1920.0,Phillip's,1189.0,,Shore & Son,823 Church St.  ,,New York,New York,823,Church,St. ,,,,,,,Shore
14182,,1920.0,Phillip's,1189.0,,Shull D.,314 E 5 St.,,New York,New York,314,E,5,St.,,,,,,Shull
14183,,1920.0,Phillip's,1189.0,,Shuman J. L.,88 Washington Pl ,,New York,New York,88,Washington,Pl,,,,,,,Shuman
14184,,1920.0,Phillip's,1189.0,,Siebert K.,491 10 Ave. ,,New York,New York,491,10,Ave.,,,,,,,Siebert
14185,,1920.0,Phillip's,1189.0,,Sieburgs Liberty Tower Restaurant Co,45 Nassau St. ,,New York,New York,45,Nassau,St.,,,,,,,Sieburgs
14186,,1920.0,Phillip's,1189.0,,Siegel Bros.,124 6 Ave. ,,New York,New York,124,6,Ave.,,,,,,,Siegel
14187,,1920.0,Phillip's,1189.0,,Siegel Daniel,451 Columbus Ave. ,,New York,New York,451,Columbus,Ave.,,,,,,,Siegel
14188,,1920.0,Phillip's,1189.0,,Siegel L.,16 E 23 St.,,New York,New York,16,E,23,St.,,,,,,Siegel
14189,,1920.0,Phillip's,1189.0,,Siegel & Greenberg,164 5 Ave. ,,New York,New York,164,5,Ave.,,,,,,,Siegel
14190,,1920.0,Phillip's,1189.0,,Siegel & Silberman,116 University Pl ,,New York,New York,116,University,Pl,,,,,,,Siegel
14191,,1920.0,Phillip's,1189.0,,Siegel's,248 Broome St. ,,New York,New York,248,Broome,St.,,,,,,,Siegel's
14192,,1920.0,Phillip's,1189.0,,Siegman Louis,150 5 Ave. ,,New York,New York,150,5,Ave.,,,,,,,Siegman
14193,,1920.0,Phillip's,1189.0,,Silva G. N. & H.,139 W 33 St.,,New York,New York,139,W,33,St.,,,,,,Silva
14194,,1920.0,Phillip's,1189.0,,Silver A.,1935 Broadway  ,,New York,New York,1935,Broadway,,,,,,,,Silver
14195,,1920.0,Phillip's,1189.0,,Silver A.,903 8 Ave. ,,New York,New York,903,8,Ave.,,,,,,,Silver
14196,,1920.0,Phillip's,1189.0,,Silver A.,977 8 Ave. ,,New York,New York,977,8,Ave.,,,,,,,Silver
14197,,1920.0,Phillip's,1189.0,,Silver Lunch co (office),510 W 53 St.,,New York,New York,510,W,53,St.,,,,,,Silver
14198,,1920.0,Phillip's,1189.0,,Silverman A.,2708 Broadway  ,,New York,New York,2708,Broadway,,,,,,,,Silverman
14199,,1920.0,Phillip's,1189.0,,Silverman Alex H.,2824 Broadway  ,,New York,New York,2824,Broadway,,,,,,,,Silverman
14200,,1920.0,Phillip's,1189.0,,Silverman D.,22 E 30 St.,,New York,New York,22,E,30,St.,,,,,,Silverman
14201,,1920.0,Phillip's,1189.0,,Simon & Yohannan,134 Hamilton Pl ,,New York,New York,134,Hamilton,Pl,,,,,,,Simon
14202,,1920.0,Phillip's,1189.0,,Simons P.,144 Bowery St. ,,New York,New York,144,Bowery,St.,,,,,,,Simons
14203,,1920.0,Phillip's,1189.0,,Simonson G.,118 W 43 St.,,New York,New York,118,W,43,St.,,,,,,Simonson
14204,,1920.0,Phillip's,1189.0,,Sims B.,74 Canal St. ,,New York,New York,74,Canal,St.,,,,,,,Sims
14205,,1920.0,Phillip's,1189.0,,Sinclair Bakery & Lunch Co.,217 6 Ave. ,,New York,New York,217,6,Ave.,,,,,,,Sinclair
14206,,1920.0,Phillip's,1189.0,,Sinclair Restaurant,134 E 8 St.,,New York,New York,134,E,8,St.,,,,,,Sinclair
14207,,1920.0,Phillip's,1189.0,,Singer Karl & Son,171 E 86 St.,,New York,New York,171,E,86,St.,,,,,,Singer
14208,,1920.0,Phillip's,1189.0,,Sisters Three,511 Madison Ave. ,,New York,New York,511,Madison,Ave.,,,,,,,Sisters
14209,,1920.0,Phillip's,1189.0,,Skopas Louis,137 E 42 St.,,New York,New York,137,E,42,St.,,,,,,Skopas
14210,,1920.0,Phillip's,1189.0,,Slavin M. A.,26 W 115 St.,,New York,New York,26,W,115,St.,,,,,,Slavin
14211,,1920.0,Phillip's,1189.0,,Slavitsky A.,169 2 St. ,,New York,New York,169,2,St.,,,,,,,Slavitsky
14212,,1920.0,Phillip's,1189.0,,Sloman A.,217 W 19 St.,,New York,New York,217,W,19,St.,,,,,,Sloman
14213,,1920.0,Phillip's,1189.0,,Smile Kassam,243 W 42 St.,,New York,New York,243,W,42,St.,,,,,,Smile
14214,,1920.0,Phillip's,1189.0,,Smith M. K. Co. Inc,456 Greenwich St. ,,New York,New York,456,Greenwich,St.,,,,,,,Smith
14215,,1920.0,Phillip's,1189.0,,Smith Mercer & Posnansky ,724 9 Ave. ,,New York,New York,724,9,Ave.,,,,,,,Smith
14216,,1920.0,Phillip's,1189.0,,Sobel L.,101 W 27 St.,,New York,New York,101,W,27,St.,,,,,,Sobel
14217,,1920.0,Phillip's,1189.0,,Soffer S.,151 E Broadway ,,New York,New York,151,E,Broadway,,,,,,,Soffer
14218,,1920.0,Phillip's,1189.0,,Solomon Bros.,628 8 Ave. ,,New York,New York,628,8,Ave.,,,,,,,Solomon
14219,,1920.0,Phillip's,1189.0,,Solomon M.,133 Park Row  ,,New York,New York,133,Park Row,,,,,,,,Solomon
14220,,1920.0,Phillip's,1189.0,,Solowey I.,144 E 14 St.,,New York,New York,144,E,14,St.,,,,,,Solowey
14221,,1920.0,Phillip's,1189.0,,Solowey S.,201 6 Ave. ,,New York,New York,201,6,Ave.,,,,,,,Solowey
14222,,1920.0,Phillip's,1189.0,,Solowey's Restaurant,403 6 Ave. ,,New York,New York,403,6,Ave.,,,,,,,Solowey's
14223,,1920.0,Phillip's,1189.0,Chinese Restaurant,Soon Wong ,403 6 Ave. ,,New York,New York,403,6,Ave.,,,,,,,Soon
14224,,1920.0,Phillip's,1189.0,,Soule John B.,124 W 58 St.,,New York,New York,124,W,58,St.,,,,,,Soule
14225,,1920.0,Phillip's,1189.0,,Spector E.,156 E Broadway ,,New York,New York,156,E,Broadway,,,,,,,Spector
14226,,1920.0,Phillip's,1189.0,,Spelakis S.,237 E 45 St.,,New York,New York,237,E,45,St.,,,,,,Spelakis
14227,,1920.0,Phillip's,1189.0,,Spellos Bros.,4218 3 Ave. ,,New York,New York,4218,3,Ave.,,,,,,,Spellos
14228,,1920.0,Phillip's,1189.0,,Spielberg Benj.,364 Greenwich St. ,,New York,New York,364,Greenwich,St.,,,,,,,Spielberg
14229,,1920.0,Phillip's,1189.0,,Spielberger J.,619 E 6 St.,,New York,New York,619,E,6,St.,,,,,,Spielberger
14230,,1920.0,Phillip's,1189.0,,Spigel M.,169 E Broadway ,,New York,New York,169,E,Broadway,,,,,,,Spigel
14231,,1920.0,Phillip's,1189.0,,Spilker C. A.,33 Cortlandt St. ,,New York,New York,33,Cortlandt,St.,,,,,,,Spilker
14232,,1920.0,Phillip's,1189.0,,Spinelli D.,284 Mulberry St. ,,New York,New York,284,Mulberry,St.,,,,,,,Spinelli
14233,,1920.0,Phillip's,1189.0,,Spinning Wheel Tea Room,1257 Amsterdam Ave. ,,New York,New York,1257,Amsterdam,Ave.,,,,,,,Spinning
14234,,1920.0,Phillip's,1189.0,,Spiro Philip,6 Carlisle St. ,,New York,New York,6,Carlisle,St.,,,,,,,Spiro
14235,,1920.0,Phillip's,1189.0,,Springer Charles,37 W 21 St.,,New York,New York,37,W,21,St.,,,,,,Springer
14236,,1920.0,Phillip's,1189.0,,Square Lunch Co. Inc.,113 E 14 St.,,New York,New York,113,E,14,St.,,,,,,Square
14237,,1920.0,Phillip's,1189.0,,Stadler & Zankel,434 Broome St. ,,New York,New York,434,Broome,St.,,,,,,,Stadler
14238,,1920.0,Phillip's,1189.0,,Stadler's Restaurant,120 W 25 St.,,New York,New York,120,W,25,St.,,,,,,Stadler's
14239,,1920.0,Phillip's,1189.0,,Stampl Joseph,163 W 34 St.,,New York,New York,163,W,34,St.,,,,,,Stampl
14240,,1920.0,Phillip's,1189.0,,Stampler I.,30 W 19 St.,,New York,New York,30,W,19,St.,,,,,,Stampler
14241,,1920.0,Phillip's,1189.0,,Standard Lunch,348 4 Ave. ,,New York,New York,348,4,Ave.,,,,,,,Standard
14242,,1920.0,Phillip's,1189.0,,Standard Lunch Co.,124 Chambers St. ,,New York,New York,124,Chambers,St.,,,,,,,Standard
14243,,1920.0,Phillip's,1189.0,,Stanley Lunch,2084 Broadway  ,,New York,New York,2084,Broadway,,,,,,,,Stanley
14244,,1920.0,Phillip's,1189.0,,Star Restaurant,164 W 36 St.,,New York,New York,164,W,36,St.,,,,,,Star
14245,,1920.0,Phillip's,1189.0,,Stark Max,125 W 26 St.,,New York,New York,125,W,26,St.,,,,,,Stark
14246,,1920.0,Phillip's,1189.0,,Stark N.,436 Broome St. ,,New York,New York,436,Broome,St.,,,,,,,Stark
14247,,1920.0,Phillip's,1189.0,,Stark & Benenson,701 Broadway  ,,New York,New York,701,Broadway,,,,,,,,Stark
14248,,1920.0,Phillip's,1189.0,,Stark & Korn,19 E Broadway ,,New York,New York,19,E,Broadway,,,,,,,Stark
14249,,1920.0,Phillip's,1189.0,,Stark & Shimel,1 2 Ave ,,New York,New York,1,2,Ave,,,,,,,Stark
14250,,1920.0,Phillip's,1189.0,,State Lunch Co.,141 2 Ave. ,,New York,New York,141,2,Ave.,,,,,,,State
14251,,1920.0,Phillip's,1189.0,,Stathopoulos M.,304 W 37 St.,,New York,New York,304,W,37,St.,,,,,,Stathopoulos
14252,,1920.0,Phillip's,1189.0,,Stefanoff B.,100 West St. ,,New York,New York,100,West,St.,,,,,,,Stefanoff
14253,,1920.0,Phillip's,1189.0,,Steidl Louis,501 3 Ave. ,,New York,New York,501,3,Ave.,,,,,,,Steidl
14254,,1920.0,Phillip's,1189.0,,Steiermann M. H.,189 7 Ave. ,,New York,New York,189,7,Ave.,,,,,,,Steiermann
14255,,1920.0,Phillip's,1189.0,,Stein Harry,57 E Broadway ,,New York,New York,57,E,Broadway,,,,,,,Stein
14256,,1920.0,Phillip's,1189.0,,Stein L.,57 E Broadway ,,New York,New York,57,E,Broadway,,,,,,,Stein
14257,,1920.0,Phillip's,1189.0,,Stein Ph.,162 W Broadway ,,New York,New York,162,W,Broadway,,,,,,,Stein
14258,,1920.0,Phillip's,1189.0,,Steinberg J.,6 Lenox Ave. ,,New York,New York,6,Lenox,Ave.,,,,,,,Steinberg
14259,,1920.0,Phillip's,1189.0,,Stelzer S.,329 E 14 St.,,New York,New York,329,E,14,St.,,,,,,Stelzer
14260,,1920.0,Phillip's,1189.0,,Stern Bros.,22 Beaver St. ,,New York,New York,22,Beaver,St.,,,,,,,Stern
14261,,1920.0,Phillip's,1189.0,,Stern David,4 W 18 St.,,New York,New York,4,W,18,St.,,,,,,Stern
14262,,1920.0,Phillip's,1189.0,,Stern L.,1 Essex St. ,,New York,New York,1,Essex,St.,,,,,,,Stern
14263,,1920.0,Phillip's,1189.0,,Stern N. ,29 Coenties sl ,,New York,New York,29,Coenties,sl,,,,,,,Stern
14264,,1920.0,Phillip's,1189.0,,Stern & Brill,24 W 31 St.,,New York,New York,24,W,31,St.,,,,,,Stern
14265,,1920.0,Phillip's,1189.0,,Sternlicht A.,43 E 21 St.,,New York,New York,43,E,21,St.,,,,,,Sternlicht
14266,,1920.0,Phillip's,1189.0,,Sternlieb L.,686 3 Ave. ,,New York,New York,686,3,Ave.,,,,,,,Sternlieb
14267,,1920.0,Phillip's,1189.0,,Stewart's,26 Park Pl ,,New York,New York,26,Park,Pl,,,,,,,Stewart's
14268,,1920.0,Phillip's,1189.0,,Still's Oyster House,195 3 Ave. ,,New York,New York,195,3,Ave.,,,,,,,Still's
14269,,1920.0,Phillip's,1189.0,,Stoetzel C. M.,2068 7 Ave. ,,New York,New York,2068,7,Ave.,,,,,,,Stoetzel
14270,,1920.0,Phillip's,1189.0,,Stoger Bros.,111 Watts St. ,,New York,New York,111,Watts,St.,,,,,,,Stoger
14271,,1920.0,Phillip's,1189.0,,Stolzberg Max,827 Broadway  ,,New York,New York,827,Broadway,,,,,,,,Stolzberg
14272,,1920.0,Phillip's,1189.0,,Storch J.,40 E 10 St.,,New York,New York,40,E,10,St.,,,,,,Storch
14273,,1920.0,Phillip's,1189.0,,Strand Roof Restaurant,1583 Broadway  ,,New York,New York,1583,Broadway,,,,,,,,Strand
14274,,1920.0,Phillip's,1189.0,,Strashun Isidor,886 8 Ave. ,,New York,New York,886,8,Ave.,,,,,,,Strashun
14275,,1920.0,Phillip's,1189.0,,Strates Costas,91 Cherry St. ,,New York,New York,91,Cherry,St.,,,,,,,Strates
14276,,1920.0,Phillip's,1189.0,,Stratos & Pappas,785 7 Ave. ,,New York,New York,785,7,Ave.,,,,,,,Stratos
14277,,1920.0,Phillip's,1189.0,,Straty & Cosinos,82 Cherry St.  ,,New York,New York,82,Cherry,St. ,,,,,,,Straty
14278,,1920.0,Phillip's,1189.0,,Strauss & Burram,252 W 14 St.,,New York,New York,252,W,14,St.,,,,,,Strauss
14279,,1920.0,Phillip's,1189.0,,Streifer Bros.,105 W 44 St.,,New York,New York,105,W,44,St.,,,,,,Streifer
14280,,1920.0,Phillip's,1189.0,,Streifer J.,44 Maiden La ,,New York,New York,44,Maiden,La,,,,,,,Streifer
14281,,1920.0,Phillip's,1189.0,,Strothmann F.,16 E 13 St.,,New York,New York,16,E,13,St.,,,,,,Strothmann
14282,,1920.0,Phillip's,1189.0,,Stroub Bros.,153 E 125 St.,,New York,New York,153,E,125,St.,,,,,,Stroub
14283,,1920.0,Phillip's,1189.0,,Strunsky M.,34 W 35 St.,,New York,New York,34,W,35,St.,,,,,,Strunsky
14284,,1920.0,Phillip's,1189.0,,Studio Tea Room,130 W 57 St.,,New York,New York,130,W,57,St.,,,,,,Studio
14285,,1920.0,Phillip's,1189.0,,Stukitz John,1677 2 Ave. ,,New York,New York,1677,2,Ave.,,,,,,,Stukitz
14286,,1920.0,Phillip's,1189.0,,Stuyvessant Square Restaurant,201 2 Ave. ,,New York,New York,201,2,Ave.,,,,,,,Stuyvessant
14287,,1920.0,Phillip's,1189.0,,Subway Lunch ,2100 Broadway  ,,New York,New York,2100,Broadway,,,,,,,,Subway
14288,,1920.0,Phillip's,1189.0,,Sudzin H.,254 Broome St. ,,New York,New York,254,Broome,St.,,,,,,,Sudzin
14289,,1920.0,Phillip's,1189.0,,Suerken J. P. & Bro.,27 Park Pl ,,New York,New York,27,Park,Pl,,,,,,,Suerken
14290,,1920.0,Phillip's,1189.0,Chinese Restaurant,Suey Jan Low,14 Mott St. ,,New York,New York,14,Mott,St.,,,,,,,Suey
14291,,1920.0,Phillip's,1189.0,,Sunflower Tea Room,6 E 36 St.,,New York,New York,6,E,36,St.,,,,,,Sunflower
14292,,1920.0,Phillip's,1189.0,Chinese Restaurant,Sun Hing Co.,999 3 Ave. ,,New York,New York,999,3,Ave.,,,,,,,Sun
14293,,1920.0,Phillip's,1189.0,,Sunrise Bakery & Lunch Room,374 Grand St. ,,New York,New York,374,Grand,St.,,,,,,,Sunrise
14294,,1920.0,Phillip's,1189.0,,Sunset café & Restaurant,4198 Broadway  ,,New York,New York,4198,Broadway,,,,,,,,Sunset
14295,,1920.0,Phillip's,1189.0,,Surwertz & Wasserman,24 W 17 St.,,New York,New York,24,W,17,St.,,,,,,Surwertz
14296,,1920.0,Phillip's,1189.0,,Swanson & Frost,423 Lexington Ave. ,,New York,New York,423,Lexington,Ave.,,,,,,,Swanson
14297,,1920.0,Phillip's,1189.0,,Swanson & Frost,445 Lexington Ave. ,,New York,New York,445,Lexington,Ave.,,,,,,,Swanson
14298,,1920.0,Phillip's,1189.0,,Sweeney Jas. J.,37 Beaver St. ,,New York,New York,37,Beaver,St.,,,,,,,Sweeney
14299,,1920.0,Phillip's,1189.0,,Sweeney John J.,511 3 Ave. ,,New York,New York,511,3,Ave.,,,,,,,Sweeney
14300,,1920.0,Phillip's,1190.0,,Sygros ,149 Amsterdam Ave. ,,New York,New York,149,Amsterdam,Ave.,,,,,,,Sygros
14301,,1920.0,Phillip's,1190.0,Chinese Restaurant,Sy Hing,1401 Broadway  ,,New York,New York,1401,Broadway,,,,,,,,Sy
14302,,1920.0,Phillip's,1190.0,,Syrop Saul M.,107 W 116 St.,,New York,New York,107,W,116,St.,,,,,,Syrop
14303,,1920.0,Phillip's,1190.0,,Taksler & Baum,11 W 18 St.,,New York,New York,11,W,18,St.,,,,,,Taksler
14304,,1920.0,Phillip's,1190.0,,Tally-Ho,20 E 34 St.,,New York,New York,20,E,34,St.,,,,,,Tally-Ho
14305,,1920.0,Phillip's,1190.0,,Tannenbaum Maurice C.,49 Broad St. ,,New York,New York,49,Broad,St.,,,,,,,Tannenbaum
14306,,1920.0,Phillip's,1190.0,,Tarr & Kaminsky ,972 8 Ave. ,,New York,New York,972,8,Ave.,,,,,,,Tarr
14307,,1920.0,Phillip's,1190.0,,Tashjian M. Co.,88 Lexington Ave. ,,New York,New York,88,Lexington,Ave.,,,,,,,Tashjian
14308,,1920.0,Phillip's,1190.0,,Taubman & Zeiger,2463 Broadway  ,,New York,New York,2463,Broadway,,,,,,,,Taubman
14309,,1920.0,Phillip's,1190.0,,Tauer & Lins,56 3 Ave. ,,New York,New York,56,3,Ave.,,,,,,,Tauer
14310,,1920.0,Phillip's,1190.0,,Taupier's Restaurant,23 William St. ,,New York,New York,23,William,St.,,,,,,,Taupier's
14311,,1920.0,Phillip's,1190.0,,Terminal Lunch Co.,60 John St. ,,New York,New York,60,John,St.,,,,,,,Terminal
14312,,1920.0,Phillip's,1190.0,,Terzian H.,151 E 26 St.,,New York,New York,151,E,26,St.,,,,,,Terzian
14313,,1920.0,Phillip's,1190.0,,Terzoglos N.,410 3 Ave. ,,New York,New York,410,3,Ave.,,,,,,,Terzoglos
14314,,1920.0,Phillip's,1190.0,,Thau D.,43 2 Ave. ,,New York,New York,43,2,Ave.,,,,,,,Thau
14315,,1920.0,Phillip's,1190.0,,Thebner William,40 Peck sl ,,New York,New York,40,Peck,sl,,,,,,,Thebner
14316,,1920.0,Phillip's,1190.0,,38th St. Restaurant,c Broadway & 38,,New York,New York,c,Broadway,&,38,,,,,,38th
14317,,1920.0,Phillip's,1190.0,,Thistle The,180 Madison Ave. ,,New York,New York,180,Madison,Ave.,,,,,,,Thistle
