Unnamed: 0,ID,YR,DIR,PG,TYPE,NAME,ADDY,BOROUGH,CITY,STATE,HOUSENO,STNAME,STNAME.1,STNAME.2,ST_PREFIX,ST_SUFFIX,AdrMod,STNAME.3,STNAME.4,last_name
8316,1076,1895,Trows,765.0,Restaurants,Miller James,53  Carmine St.,Manhattan,New York,New York,53.0,Carmine,,,,St.,,,,Miller
8317,1077,1895,Trows,765.0,Restaurants,Milligan Philip,1259  Broadway,Manhattan,New York,New York,1259.0,Broadway,,,,,,,,Milligan
8318,1078,1895,Trows,765.0,Restaurants,Milligan Philip,526  6 Ave.,Manhattan,New York,New York,526.0,6,,,,Ave.,,,,Milligan
8319,1079,1895,Trows,765.0,Restaurants,Minder Conrad,101 E. 53 St.,Manhattan,New York,New York,101.0,53,,,E.,St.,,,,Minder
8320,1080,1895,Trows,765.0,Restaurants,Mischler Wendel,156  Spring St.,Manhattan,New York,New York,156.0,Spring,,,,St.,,,,Mischler
8321,1081,1895,Trows,765.0,Restaurants,Mock Philip,742  8 Ave.,Manhattan,New York,New York,742.0,8,,,,Ave.,,,,Mock
8322,1082,1895,Trows,765.0,Restaurants,Moewes Charles,70  9 Ave.,Manhattan,New York,New York,70.0,9,,,,Ave.,,,,Moewes
8323,1083,1895,Trows,765.0,Restaurants,Moll Bano,308 E. 113 St.,Manhattan,New York,New York,308.0,113,,,E.,St.,,,,Moll
8324,1084,1895,Trows,765.0,Restaurants,Moll John,218  5 St.,Manhattan,New York,New York,218.0,5,,,,St.,,,,Moll
8325,1085,1895,Trows,765.0,Restaurants,Monaghan John,21  West St.,Manhattan,New York,New York,21.0,West,,,,St.,,,,Monaghan
8326,1086,1895,Trows,765.0,Restaurants,Monahan John,151 W. 15 St.,Manhattan,New York,New York,151.0,15,,,W.,St.,,,,Monahan
8327,1087,1895,Trows,765.0,Restaurants,Moore Abliah L.,80  Varick St.,Manhattan,New York,New York,80.0,Varick,,,,St.,,,,Moore
8328,1088,1895,Trows,765.0,Restaurants,Moore E. S.,235  Canal St.,Manhattan,New York,New York,235.0,Canal,,,,St.,,,,Moore
8329,1089,1895,Trows,765.0,Restaurants,Moore Jesse E.,10  Horatio St.,Manhattan,New York,New York,10.0,Horatio,,,,St.,,,,Moore
8330,1090,1895,Trows,765.0,Restaurants,Moore John H.,169 E. Broadway,Manhattan,New York,New York,169.0,Broadway,,,E.,,,,,Moore
8331,1091,1895,Trows,765.0,Restaurants,Morello Angelo,4 W. 29 St.,Manhattan,New York,New York,4.0,29,,,W.,St.,,,,Morello
8332,1092,1895,Trows,765.0,Restaurants,Moretti Stephen,22 E. 21 St.,Manhattan,New York,New York,22.0,21,,,E.,St.,,,,Moretti
8333,1093,1895,Trows,765.0,Restaurants,Morgan Joseph,131  Sullivan St.,Manhattan,New York,New York,131.0,Sullivan,,,,St.,,,,Morgan
8334,1094,1895,Trows,765.0,Restaurants,Morgan William,80  University Pl.,Manhattan,New York,New York,80.0,University,,,,Pl.,,,,Morgan
8335,1095,1895,Trows,765.0,Restaurants,Moritz Herman O.,39  Ann St.,Manhattan,New York,New York,39.0,Ann,,,,St.,,,,Moritz
8336,1096,1895,Trows,765.0,Restaurants,Morrell Eugene,386  West St.,Manhattan,New York,New York,386.0,West,,,,St.,,,,Morrell
8337,1097,1895,Trows,765.0,Restaurants,Morris Patrick,530  8 Ave.,Manhattan,New York,New York,530.0,8,,,,Ave.,,,,Morris
8338,1098,1895,Trows,765.0,Restaurants,Morrison Clara,123 E. 23 St.,Manhattan,New York,New York,123.0,23,,,E.,St.,,,,Morrison
8339,1099,1895,Trows,765.0,Restaurants,Morrison James,85  Christopher St.,Manhattan,New York,New York,85.0,Christopher,,,,St.,,,,Morrison
8340,1100,1895,Trows,765.0,Restaurants,Morrison & Guryan,51  Bowery St.,Manhattan,New York,New York,51.0,Bowery,,,,St.,,,,Morrison
8341,1101,1895,Trows,765.0,Restaurants,Morton John J.,Sedgwick av. N Depot Pl.,Manhattan,New York,New York,,Depot,,,Sedgwick av. N,Pl.,,,,Morton
8342,1102,1895,Trows,765.0,Restaurants,Morton A. & J. Apple,126  Ludlow St.,Manhattan,New York,New York,126.0,Ludlow,,,,St.,,,,Morton
8343,1103,1895,Trows,765.0,Restaurants,Morton & Obermeier,9  Murray St.,Manhattan,New York,New York,9.0,Murray,,,,St.,,,,Morton
8344,1104,1895,Trows,765.0,Restaurants,Moschcowitz Max,95  Essex St.,Manhattan,New York,New York,95.0,Essex,,,,St.,,,,Moschcowitz
8345,1105,1895,Trows,765.0,Restaurants,Moses Hirsch ,78  Ridge St.,Manhattan,New York,New York,78.0,Ridge,,,,St.,,,,Moses
8346,1106,1895,Trows,765.0,Restaurants,Mostovnitzky Davis,65  Canal St.,Manhattan,New York,New York,65.0,Canal,,,,St.,,,,Mostovnitzky
8347,1107,1895,Trows,765.0,Restaurants,Mothes Emile,322 W. 59 St.,Manhattan,New York,New York,322.0,59,,,W.,St.,,,,Mothes
8348,1108,1895,Trows,765.0,Restaurants,Mott James R.,211  Bowery St.,Manhattan,New York,New York,211.0,Bowery,,,,St.,,,,Mott
8349,1109,1895,Trows,765.0,Restaurants,Mouquin Restaurant & Wine Co. (Ltd),149  Fulton St.,Manhattan,New York,New York,149.0,Fulton,,,,St.,,,,Mouquin
8350,1110,1895,Trows,765.0,Restaurants,Mouquin Restaurant & Wine Co. (Ltd),20  Ann St.,Manhattan,New York,New York,20.0,Ann,,,,St.,,,,Mouquin
8351,1111,1895,Trows,765.0,Restaurants,Mouquin Restaurant & Wine Co. (Ltd),438  6 Ave.,Manhattan,New York,New York,438.0,6,,,,Ave.,,,,Mouquin
8352,1112,1895,Trows,765.0,Restaurants,Mozer Otto,551  Pearl St.,Manhattan,New York,New York,551.0,Pearl,,,,St.,,,,Mozer
8353,1113,1895,Trows,765.0,Restaurants,Mueller Gustav,229  Avenue C St.,Manhattan,New York,New York,229.0,Avenue C,,,,St.,,,,Mueller
8354,1114,1895,Trows,765.0,Restaurants,Muhlkofer George,203  Chrystie St.,Manhattan,New York,New York,203.0,Chrystie,,,,St.,,,,Muhlkofer
8355,1115,1895,Trows,765.0,Restaurants,Muldowney Wm.,168.5 E. 129 St.,Manhattan,New York,New York,168.5,129,,,E.,St.,,,,Muldowney
8356,1116,1895,Trows,765.0,Restaurants,Muller Emil,88  Park Row,Manhattan,New York,New York,88.0,Park,,,,Row,,,,Muller
8357,1117,1895,Trows,765.0,Restaurants,Muller Frank,135 E. Houston St.,Manhattan,New York,New York,135.0,Houston,,,E.,St.,,,,Muller
8358,1118,1895,Trows,765.0,Restaurants,Muller Frederick,38  Crosby St.,Manhattan,New York,New York,38.0,Crosby,,,,St.,,,,Muller
8359,1119,1895,Trows,765.0,Restaurants,Muller Theodore,548  Grand St.,Manhattan,New York,New York,548.0,Grand,,,,St.,,,,Muller
8360,1120,1895,Trows,765.0,Restaurants,Murley Lawrence & Co.,434  Washington Mkt.,Manhattan,New York,New York,434.0,Washington,,,,Mkt.,,,,Murley
8361,1121,1895,Trows,765.0,Restaurants,Murphy Richard E.,6  South St.,Manhattan,New York,New York,6.0,South,,,,St.,,,,Murphy
8362,1122,1895,Trows,765.0,Restaurants,Murray Ann,388  1 Ave.,Manhattan,New York,New York,388.0,1,,,,Ave.,,,,Murray
8363,1123,1895,Trows,765.0,Restaurants,Murray John,154 E. 129 St.,Manhattan,New York,New York,154.0,129,,,E.,St.,,,,Murray
8364,1124,1895,Trows,765.0,Restaurants,Murray Matthew,2373  3 Ave.,Manhattan,New York,New York,2373.0,3,,,,Ave.,,,,Murray
8365,1125,1895,Trows,765.0,Restaurants,Myers Luther L.,153  Centre St.,Manhattan,New York,New York,153.0,Centre,,,,St.,,,,Myers
8366,1126,1895,Trows,765.0,Restaurants,Nadolsky Leopold,101  Allen St.,Manhattan,New York,New York,101.0,Allen,,,,St.,,,,Nadolsky
8367,1127,1895,Trows,765.0,Restaurants,Naething William H.,33  Cortlandt St.,Manhattan,New York,New York,33.0,Cortlandt,,,,St.,,,,Naething
8368,1128,1895,Trows,765.0,Restaurants,Naething Brothers,118  Fulton St.,Manhattan,New York,New York,118.0,Fulton,,,,St.,,,,Naething
8369,1129,1895,Trows,765.0,Restaurants,Naething Brothers,360  Canal St.,Manhattan,New York,New York,360.0,Canal,,,,St.,,,,Naething
8370,1130,1895,Trows,765.0,Restaurants,Naething Brothers,19  Lispenard St.,Manhattan,New York,New York,19.0,Lispenard,,,,St.,,,,Naething
8371,1131,1895,Trows,765.0,Restaurants,Naftllowitz Morris,168  Wooster St.,Manhattan,New York,New York,168.0,Wooster,,,,St.,,,,Naftllowitz
8372,1132,1895,Trows,765.0,Restaurants,Nassau Buffet,83  Nassau St.,Manhattan,New York,New York,83.0,Nassau,,,,St.,,,,Nassau
8373,1133,1895,Trows,765.0,Restaurants,Nassauer Marie,23  Washington Pl.,Manhattan,New York,New York,23.0,Washington,,,,Pl.,,,,Nassauer
8374,1134,1895,Trows,765.0,Restaurants,Nathan Jacob,1200  Mercer  St.,Manhattan,New York,New York,1200.0,Mercer ,,,,St.,,,,Nathan
8375,1135,1895,Trows,765.0,Restaurants,Nathanson Samuel,125  John St.,Manhattan,New York,New York,125.0,John,,,,St.,,,,Nathanson
8376,1136,1895,Trows,765.0,Restaurants,Natoli Joseph,86  West St.,Manhattan,New York,New York,86.0,West,,,,St.,,,,Natoli
8377,1137,1895,Trows,765.0,Restaurants,Natoli Joseph,323  3 Ave.,Manhattan,New York,New York,323.0,3,,,,Ave.,,,,Natoli
8378,1138,1895,Trows,765.0,Restaurants,Natoli Joseph,364  3 Ave.,Manhattan,New York,New York,364.0,3,,,,Ave.,,,,Natoli
8379,1139,1895,Trows,765.0,Restaurants,Natoli Joseph,2184  3 Ave.,Manhattan,New York,New York,2184.0,3,,,,Ave.,,,,Natoli
8380,1140,1895,Trows,765.0,Restaurants,Natoli Joseph,370  Washington Mkt.,Manhattan,New York,New York,370.0,Washington,,,,Mkt.,,,,Natoli
8381,1141,1895,Trows,765.0,Restaurants,Nehr Jacob,83  Allen St.,Manhattan,New York,New York,83.0,Allen,,,,St.,,,,Nehr
8382,1142,1895,Trows,765.0,Restaurants,Neidhardt Theodore,271  3 Ave.,Manhattan,New York,New York,271.0,3,,,,Ave.,,,,Neidhardt
8383,1143,1895,Trows,765.0,Restaurants,Nerhood Jacob C.,416 E. 23 St.,Manhattan,New York,New York,416.0,23,,,E.,St.,,,,Nerhood
8384,1144,1895,Trows,765.0,Restaurants,Neubauer Alexander,316  Broome St.,Manhattan,New York,New York,316.0,Broome,,,,St.,,,,Neubauer
8385,1145,1895,Trows,765.0,Restaurants,Neumann Brothers,43 W. Broadway,Manhattan,New York,New York,43.0,Broadway,,,W.,,,,,Neumann
8386,1146,1895,Trows,765.0,Restaurants,Neumann Brothers,387  Canal St.,Manhattan,New York,New York,387.0,Canal,,,,St.,,,,Neumann
8387,1147,1895,Trows,765.0,Restaurants,Neumayer Jeanette,196  Allen St.,Manhattan,New York,New York,196.0,Allen,,,,St.,,,,Neumayer
8388,1148,1895,Trows,765.0,Restaurants,Neuwelt Ignatz,258 E. Houston St.,Manhattan,New York,New York,258.0,Houston,,,E.,St.,,,,Neuwelt
8389,1149,1895,Trows,765.0,Restaurants,N. Y. Bullet Co.,167  Broadway,Manhattan,New York,New York,167.0,Broadway,,,,,,,,N.
8390,1150,1895,Trows,765.0,Restaurants,N. Y. Diet Kitchen Assn.,137  Centre St.,Manhattan,New York,New York,137.0,Centre,,,,St.,,,,N.
8391,1151,1895,Trows,765.0,Restaurants,N. Y. Hotel & Restaurant Co. (Ltd),130  Broadway,Manhattan,New York,New York,130.0,Broadway,,,,,,,,N.
8392,1152,1895,Trows,765.0,Restaurants,N. Y. Hotel & Restaurant Co. (Ltd),13  Cortlandt St.,Manhattan,New York,New York,13.0,Cortlandt,,,,St.,,,,N.
8393,1153,1895,Trows,765.0,Restaurants,N. Y. Two Cent Diet Kitchen,300  Avenue A St.,Manhattan,New York,New York,300.0,Avenue A,,,,St.,,,,N.
8394,1154,1895,Trows,765.0,Restaurants,N. Y. Vegetarian Soc.,240 W. 23 St.,Manhattan,New York,New York,240.0,23,,,W.,St.,,,,N.
8395,1155,1895,Trows,765.0,Restaurants,Newald Henry,77  Nassau St.,Manhattan,New York,New York,77.0,Nassau,,,,St.,,,,Newald
8396,1156,1895,Trows,765.0,Restaurants,Newman Michael J.,14  Delancey St.,Manhattan,New York,New York,14.0,Delancey,,,,St.,,,,Newman
8397,1157,1895,Trows,765.0,Restaurants,Newton John,645  3 Ave.,Manhattan,New York,New York,645.0,3,,,,Ave.,,,,Newton
8398,1158,1895,Trows,765.0,Restaurants,Nichles John,303 W. 13 St.,Manhattan,New York,New York,303.0,13,,,W.,St.,,,,Nichles
8399,1159,1895,Trows,765.0,Restaurants,Nichols William H.,100  Front St.,Manhattan,New York,New York,100.0,Front,,,,St.,,,,Nichols
8400,1160,1895,Trows,765.0,Restaurants,Nickel William,60  Beekman St.,Manhattan,New York,New York,60.0,Beekman,,,,St.,,,,Nickel
8401,1161,1895,Trows,765.0,Restaurants,Nickel William A.,242  West St.,Manhattan,New York,New York,242.0,West,,,,St.,,,,Nickel
8402,1162,1895,Trows,765.0,Restaurants,Nicollet August,43 S. 5 Ave.,Manhattan,New York,New York,43.0,5,,,S.,Ave.,,,,Nicollet
8403,1163,1895,Trows,765.0,Restaurants,Niegsch August,214  Canal St.,Manhattan,New York,New York,214.0,Canal,,,,St.,,,,Niegsch
8404,1164,1895,Trows,765.0,Restaurants,Nitschke Henry,211  Broadway,Manhattan,New York,New York,211.0,Broadway,,,,,,,,Nitschke
8405,1165,1895,Trows,765.0,Restaurants,Noakes George jr.,67  Park Pl.,Manhattan,New York,New York,67.0,Park,,,,Pl.,,,,Noakes
8406,1166,1895,Trows,765.0,Restaurants,Nocentl D.,86  Macdougal St.,Manhattan,New York,New York,86.0,Macdougal,,,,St.,,,,Nocentl
8407,1167,1895,Trows,765.0,Restaurants,Noelte Charles F.,77  Grand St.,Manhattan,New York,New York,77.0,Grand,,,,St.,,,,Noelte
8408,1168,1895,Trows,765.0,Restaurants,Novarini & Lantelme,118 W. 27 St.,Manhattan,New York,New York,118.0,27,,,W.,St.,,,,Novarini
8409,1169,1895,Trows,765.0,Restaurants,Nuis Henry,1568  2 Ave.,Manhattan,New York,New York,1568.0,2,,,,Ave.,,,,Nuis
8410,1170,1895,Trows,765.0,Restaurants,Nunziante Forienzo,40  Mulberry St.,Manhattan,New York,New York,40.0,Mulberry,,,,St.,,,,Nunziante
8411,1171,1895,Trows,765.0,Restaurants,Nussbaum Philip,42  Avenue B St.,Manhattan,New York,New York,42.0,Avenue B,,,,St.,,,,Nussbaum
8412,1172,1895,Trows,765.0,Restaurants,O'Brien Michael,2342  8 Ave.,Manhattan,New York,New York,2342.0,8,,,,Ave.,,,,O'Brien
8413,1173,1895,Trows,765.0,Restaurants,O'Brien & Ginocchio,165  Worth St.,Manhattan,New York,New York,165.0,Worth,,,,St.,,,,O'Brien
8414,1174,1895,Trows,765.0,Restaurants,Ockendon William T.,53 W. 3 St.,Manhattan,New York,New York,53.0,3,,,W.,St.,,,,Ockendon
8415,1175,1895,Trows,765.0,Restaurants,O'Connell Sophia,61  Watts St.,Manhattan,New York,New York,61.0,Watts,,,,St.,,,,O'Connell
8416,1176,1895,Trows,765.0,Restaurants,O'Connell & Tighe,724  10 Ave.,Manhattan,New York,New York,724.0,10,,,,Ave.,,,,O'Connell
8417,1177,1895,Trows,765.0,Restaurants,O'Connor James F.,15  Fulton St.,Manhattan,New York,New York,15.0,Fulton,,,,St.,,,,O'Connor
8418,1178,1895,Trows,765.0,Restaurants,O'Donnell Catharine,5  Pell St.,Manhattan,New York,New York,5.0,Pell,,,,St.,,,,O'Donnell
8419,1179,1895,Trows,765.0,Restaurants,Oehsen Edward,154.5  Christopher St.,Manhattan,New York,New York,154.5,Christopher,,,,St.,,,,Oehsen
8420,1180,1895,Trows,765.0,Restaurants,O'Hare Thomas,152  Prince St.,Manhattan,New York,New York,152.0,Prince,,,,St.,,,,O'Hare
8421,1181,1895,Trows,765.0,Restaurants,Ohmels P. M. & Co.,146  Fulton St.,Manhattan,New York,New York,146.0,Fulton,,,,St.,,,,Ohmels
8422,1182,1895,Trows,765.0,Restaurants,O'Leary Jane,36  3 Ave.,Manhattan,New York,New York,36.0,3,,,,Ave.,,,,O'Leary
8423,1183,1895,Trows,765.0,Restaurants,Oliver George A.,830  3 Ave.,Manhattan,New York,New York,830.0,3,,,,Ave.,,,,Oliver
8424,1184,1895,Trows,765.0,Restaurants,Olsen Martin,53  Park St.,Manhattan,New York,New York,53.0,Park,,,,St.,,,,Olsen
8425,1185,1895,Trows,765.0,Restaurants,O'Neill Andrew F. ,53  Clinton Mkt.,Manhattan,New York,New York,53.0,Clinton,,,,Mkt.,,,,O'Neill
8426,1186,1895,Trows,765.0,Restaurants,O'Neill Andrew F. ,385  3 Ave.,Manhattan,New York,New York,385.0,3,,,,Ave.,,,,O'Neill
8427,1187,1895,Trows,765.0,Restaurants,O'Neill John,358  6 Ave.,Manhattan,New York,New York,358.0,6,,,,Ave.,,,,O'Neill
8428,1188,1895,Trows,765.0,Restaurants,O'Neill John,366  6 Ave.,Manhattan,New York,New York,366.0,6,,,,Ave.,,,,O'Neill
8429,1189,1895,Trows,765.0,Restaurants,Orcutt Edwin B.,200  Broadway,Manhattan,New York,New York,200.0,Broadway,,,,,,,,Orcutt
8430,1190,1895,Trows,765.0,Restaurants,Orcutt Frank E.,159  Hudson St.,Manhattan,New York,New York,159.0,Hudson,,,,St.,,,,Orcutt
8431,1191,1895,Trows,765.0,Restaurants,Orth Henry,115  Broad St.,Manhattan,New York,New York,115.0,Broad,,,,St.,,,,Orth
8432,1192,1895,Trows,766.0,Restaurants,Osborn J. Harvey,240  3 Ave.,Manhattan,New York,New York,240.0,3,,,,Ave.,,,,Osborn
8433,1193,1895,Trows,766.0,Restaurants,Osborn J. Harvey,489  Pearl St.,Manhattan,New York,New York,489.0,Pearl,,,,St.,,,,Osborn
8434,1194,1895,Trows,766.0,Restaurants,Osborne Anne,587  Hudson St.,Manhattan,New York,New York,587.0,Hudson,,,,St.,,,,Osborne
8435,1195,1895,Trows,766.0,Restaurants,Ossi Emilia,161  Bleecker St.,Manhattan,New York,New York,161.0,Bleecker,,,,St.,,,,Ossi
8436,1196,1895,Trows,766.0,Restaurants,Ost George,1085  1 Ave.,Manhattan,New York,New York,1085.0,1,,,,Ave.,,,,Ost
8437,1197,1895,Trows,766.0,Restaurants,Ost George,695  Morris Ave.,Manhattan,New York,New York,695.0,Morris,,,,Ave.,,,,Ost
8438,1198,1895,Trows,766.0,Restaurants,Oswald Fidelius,1106  2 Ave.,Manhattan,New York,New York,1106.0,2,,,,Ave.,,,,Oswald
8439,1199,1895,Trows,766.0,Restaurants,Otte Emma,7  St. Marks  Pl.,Manhattan,New York,New York,7.0,St. Marks ,,,,Pl.,,,,Otte
8440,1200,1895,Trows,766.0,Restaurants,Pacifico Luigi,91  Mulberry St.,Manhattan,New York,New York,91.0,Mulberry,,,,St.,,,,Pacifico
8441,1201,1895,Trows,766.0,Restaurants,Packhard Robert L.,15 W. Houston St.,Manhattan,New York,New York,15.0,Houston,,,W.,St.,,,,Packhard
8442,1202,1895,Trows,766.0,Restaurants,Page Louis,48 E. 12 St.,Manhattan,New York,New York,48.0,12,,,E.,St.,,,,Page
8443,1203,1895,Trows,766.0,Restaurants,Page Philip,78  1 Ave.,Manhattan,New York,New York,78.0,1,,,,Ave.,,,,Page
8444,1204,1895,Trows,766.0,Restaurants,Pahl Charles,78 E. 9 St.,Manhattan,New York,New York,78.0,9,,,E.,St.,,,,Pahl
8445,1205,1895,Trows,766.0,Restaurants,Paine Mary J.,41  Bowery St.,Manhattan,New York,New York,41.0,Bowery,,,,St.,,,,Paine
8446,1206,1895,Trows,766.0,Restaurants,Pappadaces Peter,66  Oliver St.,Manhattan,New York,New York,66.0,Oliver,,,,St.,,,,Pappadaces
8447,1207,1895,Trows,766.0,Restaurants,Parker Charles H.,1027  6 Ave.,Manhattan,New York,New York,1027.0,6,,,,Ave.,,,,Parker
8448,1208,1895,Trows,766.0,Restaurants,Parker Patrick ,1154  3 Ave.,Manhattan,New York,New York,1154.0,3,,,,Ave.,,,,Parker
8449,1209,1895,Trows,766.0,Restaurants,Parnes Samuel,46  Essex St.,Manhattan,New York,New York,46.0,Essex,,,,St.,,,,Parnes
8450,1210,1895,Trows,766.0,Restaurants,Pasternak Hyman,104  Attorney St.,Manhattan,New York,New York,104.0,Attorney,,,,St.,,,,Pasternak
8451,1211,1895,Trows,766.0,Restaurants,Pankschen Charles,187  Chrystie St.,Manhattan,New York,New York,187.0,Chrystie,,,,St.,,,,Pankschen
8452,1212,1895,Trows,766.0,Restaurants,Payne Wiltshire,19  Fulton St.,Manhattan,New York,New York,19.0,Fulton,,,,St.,,,,Payne
8453,1213,1895,Trows,766.0,Restaurants,Peck Julius,140  Fulton St.,Manhattan,New York,New York,140.0,Fulton,,,,St.,,,,Peck
8454,1214,1895,Trows,766.0,Restaurants,Peck Julius,107  Nassau St.,Manhattan,New York,New York,107.0,Nassau,,,,St.,,,,Peck
8455,1215,1895,Trows,766.0,Restaurants,Peck Julius,29  Ann St.,Manhattan,New York,New York,29.0,Ann,,,,St.,,,,Peck
8456,1216,1895,Trows,766.0,Restaurants,Pell Eva V.,199  Bleecker St.,Manhattan,New York,New York,199.0,Bleecker,,,,St.,,,,Pell
8457,1217,1895,Trows,766.0,Restaurants,Pell Joshua S.,10  Ann St.,Manhattan,New York,New York,10.0,Ann,,,,St.,,,,Pell
8458,1218,1895,Trows,766.0,Restaurants,Pelletteri Louis,167  Elizabeth St.,Manhattan,New York,New York,167.0,Elizabeth,,,,St.,,,,Pelletteri
8459,1219,1895,Trows,766.0,Restaurants,Pellini John,1598  3 Ave.,Manhattan,New York,New York,1598.0,3,,,,Ave.,,,,Pellini
8460,1220,1895,Trows,766.0,Restaurants,Penrose William,504  11 Ave.,Manhattan,New York,New York,504.0,11,,,,Ave.,,,,Penrose
8461,1221,1895,Trows,766.0,Restaurants,Pepper J.,34 E. 14 St.,Manhattan,New York,New York,34.0,14,,,E.,St.,,,,Pepper
8462,1222,1895,Trows,766.0,Restaurants,Perles Leon,116  Chrystie St.,Manhattan,New York,New York,116.0,Chrystie,,,,St.,,,,Perles
8463,1223,1895,Trows,766.0,Restaurants,Perpites Carl,158 E. Houston St.,Manhattan,New York,New York,158.0,Houston,,,E.,St.,,,,Perpites
8464,1224,1895,Trows,766.0,Restaurants,Pesachowitz Moses,35  Canal St.,Manhattan,New York,New York,35.0,Canal,,,,St.,,,,Pesachowitz
8465,1225,1895,Trows,766.0,Restaurants,Peter Charles,1659  3 Ave.,Manhattan,New York,New York,1659.0,3,,,,Ave.,,,,Peter
8466,1226,1895,Trows,766.0,Restaurants,Peters Sarkis,203  Broadway,Manhattan,New York,New York,203.0,Broadway,,,,,,,,Peters
8467,1227,1895,Trows,766.0,Restaurants,Peters William,38  Stanton St.,Manhattan,New York,New York,38.0,Stanton,,,,St.,,,,Peters
8468,1228,1895,Trows,766.0,Restaurants,Petersen Louis,17  1 St.,Manhattan,New York,New York,17.0,1,,,,St.,,,,Petersen
8469,1229,1895,Trows,766.0,Restaurants,Petersen John O.,193  Reade St.,Manhattan,New York,New York,193.0,Reade,,,,St.,,,,Petersen
8470,1230,1895,Trows,766.0,Restaurants,Petersen John O.,203  Chambers St.,Manhattan,New York,New York,203.0,Chambers,,,,St.,,,,Petersen
8471,1231,1895,Trows,766.0,Restaurants,Peterson Richard,167 E. 34 St.,Manhattan,New York,New York,167.0,34,,,E.,St.,,,,Peterson
8472,1232,1895,Trows,766.0,Restaurants,Petsch C. Herman,39 W. 4 St.,Manhattan,New York,New York,39.0,4,,,W.,St.,,,,Petsch
8473,1233,1895,Trows,766.0,Restaurants,Peyson Solomon,1  Pike St.,Manhattan,New York,New York,1.0,Pike,,,,St.,,,,Peyson
8474,1234,1895,Trows,766.0,Restaurants,Pfieffer John,411  Canal St.,Manhattan,New York,New York,411.0,Canal,,,,St.,,,,Pfieffer
8475,1235,1895,Trows,766.0,Restaurants,Phipps Dorcas V.,107  7 Ave.,Manhattan,New York,New York,107.0,7,,,,Ave.,,,,Phipps
8476,1236,1895,Trows,766.0,Restaurants,Pick Caroline,802  1 Ave.,Manhattan,New York,New York,802.0,1,,,,Ave.,,,,Pick
8477,1237,1895,Trows,766.0,Restaurants,Pick Henry,80  Nassau St.,Manhattan,New York,New York,80.0,Nassau,,,,St.,,,,Pick
8478,1238,1895,Trows,766.0,Restaurants,Pigano Nicholas,106 E. 125 St.,Manhattan,New York,New York,106.0,125,,,E.,St.,,,,Pigano
8479,1239,1895,Trows,766.0,Restaurants,Pigniuolo Frank,193  Mulberry St.,Manhattan,New York,New York,193.0,Mulberry,,,,St.,,,,Pigniuolo
8480,1240,1895,Trows,766.0,Restaurants,Pione Victor,118 E. 11 St.,Manhattan,New York,New York,118.0,11,,,E.,St.,,,,Pione
8481,1241,1895,Trows,766.0,Restaurants,Pitman William,324  Greenwich St.,Manhattan,New York,New York,324.0,Greenwich,,,,St.,,,,Pitman
8482,1242,1895,Trows,766.0,Restaurants,Planz Christian ,123  Park Row,Manhattan,New York,New York,123.0,Park,,,,Row,,,,Planz
8483,1243,1895,Trows,766.0,Restaurants,Plavano L.,38 W. 29 St.,Manhattan,New York,New York,38.0,29,,,W.,St.,,,,Plavano
8484,1244,1895,Trows,766.0,Restaurants,Pleger Henry,34  Broadway,Manhattan,New York,New York,34.0,Broadway,,,,,,,,Pleger
8485,1245,1895,Trows,766.0,Restaurants,Plympton Restaurant Co.,1164  Broadway,Manhattan,New York,New York,1164.0,Broadway,,,,,,,,Plympton
8486,1246,1895,Trows,766.0,Restaurants,Poggi Thomas,37  Baxter St.,Manhattan,New York,New York,37.0,Baxter,,,,St.,,,,Poggi
8487,1247,1895,Trows,766.0,Restaurants,Polegre Guillermo,214  Pearl St.,Manhattan,New York,New York,214.0,Pearl,,,,St.,,,,Polegre
8488,1248,1895,Trows,766.0,Restaurants,Pols Edward H.,173  Greenwich St.,Manhattan,New York,New York,173.0,Greenwich,,,,St.,,,,Pols
8489,1249,1895,Trows,766.0,Restaurants,Polymero & Ringa,11 E. 42 St.,Manhattan,New York,New York,11.0,42,,,E.,St.,,,,Polymero
8490,1250,1895,Trows,766.0,Restaurants,Pons G.,53 W. 28 St.,Manhattan,New York,New York,53.0,28,,,W.,St.,,,,Pons
8491,1251,1895,Trows,766.0,Restaurants,Pontin William S.,46  Franklin St.,Manhattan,New York,New York,46.0,Franklin,,,,St.,,,,Pontin
8492,1252,1895,Trows,766.0,Restaurants,Popp Christopher ,521  Lexington Ave.,Manhattan,New York,New York,521.0,Lexington,,,,Ave.,,,,Popp
8493,1253,1895,Trows,766.0,Restaurants,Popper Louis,148  Avenue C St.,Manhattan,New York,New York,148.0,Avenue C,,,,St.,,,,Popper
8494,1254,1895,Trows,766.0,Restaurants,Power John,52  Cedar St.,Manhattan,New York,New York,52.0,Cedar,,,,St.,,,,Power
8495,1255,1895,Trows,766.0,Restaurants,Powers Charles R.,287  3 Ave.,Manhattan,New York,New York,287.0,3,,,,Ave.,,,,Powers
8496,1256,1895,Trows,766.0,Restaurants,Prell Otto,206 E. Houston St.,Manhattan,New York,New York,206.0,Houston,,,E.,St.,,,,Prell
8497,1257,1895,Trows,766.0,Restaurants,Pressler Herman,310  Canal St.,Manhattan,New York,New York,310.0,Canal,,,,St.,,,,Pressler
8498,1258,1895,Trows,766.0,Restaurants,Pressler Herman,53  Lispenard St.,Manhattan,New York,New York,53.0,Lispenard,,,,St.,,,,Pressler
8499,1259,1895,Trows,766.0,Restaurants,Priester Adam,129  Spring St.,Manhattan,New York,New York,129.0,Spring,,,,St.,,,,Priester
8500,1260,1895,Trows,766.0,Restaurants,Primrose & Crane,814  Washington St.,Manhattan,New York,New York,814.0,Washington,,,,St.,,,,Primrose
8501,1261,1895,Trows,766.0,Restaurants,Prince Henry,17  Clinton Pl.,Manhattan,New York,New York,17.0,Clinton,,,,Pl.,,,,Prince
8502,1262,1895,Trows,766.0,Restaurants,Proctor William B.,5  Pine St.,Manhattan,New York,New York,5.0,Pine,,,,St.,,,,Proctor
8503,1263,1895,Trows,766.0,Restaurants,Puel Paul,601  1 Ave.,Manhattan,New York,New York,601.0,1,,,,Ave.,,,,Puel
8504,1264,1895,Trows,766.0,Restaurants,Pulver Anna C.,357  Canal St.,Manhattan,New York,New York,357.0,Canal,,,,St.,,,,Pulver
8505,1265,1895,Trows,766.0,Restaurants,Pusch George F.,731  3 Ave.,Manhattan,New York,New York,731.0,3,,,,Ave.,,,,Pusch
8506,1266,1895,Trows,766.0,Restaurants,Pustolka Anthony,114 E. 4 St.,Manhattan,New York,New York,114.0,4,,,E.,St.,,,,Pustolka
8507,1267,1895,Trows,766.0,Restaurants,Pyle Stephen D.,19  Coenties  Sl.,Manhattan,New York,New York,19.0,Coenties ,,,,Sl.,,,,Pyle
8508,1268,1895,Trows,766.0,Restaurants,Queren Frederick,48  Broad St.,Manhattan,New York,New York,48.0,Broad,,,,St.,,,,Queren
8509,1269,1895,Trows,766.0,Restaurants,Quigley H. J. & T. P.,341  10 Ave.,Manhattan,New York,New York,341.0,10,,,,Ave.,,,,Quigley
8510,1270,1895,Trows,766.0,Restaurants,Quinlan Peter,474  Canal St.,Manhattan,New York,New York,474.0,Canal,,,,St.,,,,Quinlan
8511,1271,1895,Trows,766.0,Restaurants,Quinn John F.,924  6 Ave.,Manhattan,New York,New York,924.0,6,,,,Ave.,,,,Quinn
8512,1272,1895,Trows,766.0,Restaurants,Raab Charles,796  10 St.,Manhattan,New York,New York,796.0,10,,,,St.,,,,Raab
8513,1273,1895,Trows,766.0,Restaurants,Raabe Gustav,491  West St.,Manhattan,New York,New York,491.0,West,,,,St.,,,,Raabe
8514,1274,1895,Trows,766.0,Restaurants,Rabineau William H.,169  Amsterdam Ave.,Manhattan,New York,New York,169.0,Amsterdam,,,,Ave.,,,,Rabineau
8515,1275,1895,Trows,766.0,Restaurants,Rackebrandt Henry,40  Reade St.,Manhattan,New York,New York,40.0,Reade,,,,St.,,,,Rackebrandt
8516,1276,1895,Trows,766.0,Restaurants,Rader David,274  Grand St.,Manhattan,New York,New York,274.0,Grand,,,,St.,,,,Rader
8517,1277,1895,Trows,766.0,Restaurants,Raedel Henry,1000  2 Ave.,Manhattan,New York,New York,1000.0,2,,,,Ave.,,,,Raedel
8518,1278,1895,Trows,766.0,Restaurants,Ragnanello Frank,234  Elizabeth St.,Manhattan,New York,New York,234.0,Elizabeth,,,,St.,,,,Ragnanello
8519,1279,1895,Trows,766.0,Restaurants,Ramhorst William F.,6  Church St.,Manhattan,New York,New York,6.0,Church,,,,St.,,,,Ramhorst
8520,1280,1895,Trows,766.0,Restaurants,Ranft John,83  Bleecker St.,Manhattan,New York,New York,83.0,Bleecker,,,,St.,,,,Ranft
8521,1281,1895,Trows,766.0,Restaurants,Rapelye & Duryee,300  Canal St.,Manhattan,New York,New York,300.0,Canal,,,,St.,,,,Rapelye
8522,1282,1895,Trows,766.0,Restaurants,Rapp Ignatz ,183  Rivington St.,Manhattan,New York,New York,183.0,Rivington,,,,St.,,,,Rapp
8523,1283,1895,Trows,766.0,Restaurants,Rasmussen John E. & Co.,26  Whitehall St.,Manhattan,New York,New York,26.0,Whitehall,,,,St.,,,,Rasmussen
8524,1284,1895,Trows,766.0,Restaurants,Rau Arnold,199  6 Ave.,Manhattan,New York,New York,199.0,6,,,,Ave.,,,,Rau
8525,1285,1895,Trows,766.0,Restaurants,Ravel Louis,61 W. 24 St.,Manhattan,New York,New York,61.0,24,,,W.,St.,,,,Ravel
8526,1286,1895,Trows,766.0,Restaurants,Raymond Raphael ,136  3 Ave.,Manhattan,New York,New York,136.0,3,,,,Ave.,,,,Raymond
8527,1287,1895,Trows,766.0,Restaurants,Redbord Abram ,81  Baxter St.,Manhattan,New York,New York,81.0,Baxter,,,,St.,,,,Redbord
8528,1288,1895,Trows,766.0,Restaurants,Redner John J.,136 E. 42 St.,Manhattan,New York,New York,136.0,42,,,E.,St.,,,,Redner
8529,1289,1895,Trows,766.0,Restaurants,Rees William F.,564  7 Ave.,Manhattan,New York,New York,564.0,7,,,,Ave.,,,,Rees
8530,1290,1895,Trows,766.0,Restaurants,Reese Alexander,104  2 Ave.,Manhattan,New York,New York,104.0,2,,,,Ave.,,,,Reese
8531,1291,1895,Trows,766.0,Restaurants,Reeves Francis,1779  3 Ave.,Manhattan,New York,New York,1779.0,3,,,,Ave.,,,,Reeves
8532,1292,1895,Trows,766.0,Restaurants,Rega Gaetano,89  Mulberry St.,Manhattan,New York,New York,89.0,Mulberry,,,,St.,,,,Rega
8533,1293,1895,Trows,766.0,Restaurants,Regan James,306  3 Ave.,Manhattan,New York,New York,306.0,3,,,,Ave.,,,,Regan
8534,1294,1895,Trows,766.0,Restaurants,Reich Caroline ,370  Canal St.,Manhattan,New York,New York,370.0,Canal,,,,St.,,,,Reich
8535,1295,1895,Trows,766.0,Restaurants,Reich William,93  Sheriff St.,Manhattan,New York,New York,93.0,Sheriff,,,,St.,,,,Reich
8536,1296,1895,Trows,766.0,Restaurants,Reichenbach Charles,269 W. 23 St.,Manhattan,New York,New York,269.0,23,,,W.,St.,,,,Reichenbach
8537,1297,1895,Trows,766.0,Restaurants,Reichenberg Matilda,94  Duane St.,Manhattan,New York,New York,94.0,Duane,,,,St.,,,,Reichenberg
8538,1298,1895,Trows,766.0,Restaurants,Reicher David,93  Goerck  St.,Manhattan,New York,New York,93.0,Goerck ,,,,St.,,,,Reicher
8539,1299,1895,Trows,766.0,Restaurants,Reif Augusta,32  Harrison St.,Manhattan,New York,New York,32.0,Harrison,,,,St.,,,,Reif
8540,1300,1895,Trows,766.0,Restaurants,Reilly James,417 E. 10 St.,Manhattan,New York,New York,417.0,10,,,E.,St.,,,,Reilly
8541,1301,1895,Trows,766.0,Restaurants,Reilly John,165  Worth St.,Manhattan,New York,New York,165.0,Worth,,,,St.,,,,Reilly
8542,1302,1895,Trows,766.0,Restaurants,Reimer Theodore ,940  Broadway,Manhattan,New York,New York,940.0,Broadway,,,,,,,,Reimer
8543,1303,1895,Trows,766.0,Restaurants,Reimold Conrad,47  Mercer  St.,Manhattan,New York,New York,47.0,Mercer ,,,,St.,,,,Reimold
8544,1304,1895,Trows,766.0,Restaurants,Reineke Julius,196  William St.,Manhattan,New York,New York,196.0,William,,,,St.,,,,Reineke
8545,1305,1895,Trows,766.0,Restaurants,Reinhardt Ida,361  West St.,Manhattan,New York,New York,361.0,West,,,,St.,,,,Reinhardt
8546,1306,1895,Trows,766.0,Restaurants,Reinken Louis,156  Bowery St.,Manhattan,New York,New York,156.0,Bowery,,,,St.,,,,Reinken
8547,1307,1895,Trows,766.0,Restaurants,Reisenweber John,987  8 Ave.,Manhattan,New York,New York,987.0,8,,,,Ave.,,,,Reisenweber
8548,1308,1895,Trows,766.0,Restaurants,Rexhauser Elizabeth,189  Chrystie St.,Manhattan,New York,New York,189.0,Chrystie,,,,St.,,,,Rexhauser
8549,1309,1895,Trows,766.0,Restaurants,Reynolds Joseph,15  Greenwich Ave.,Manhattan,New York,New York,15.0,Greenwich,,,,Ave.,,,,Reynolds
8550,1310,1895,Trows,766.0,Restaurants,Rheinwald Philip,3054  3 Ave.,Manhattan,New York,New York,3054.0,3,,,,Ave.,,,,Rheinwald
8551,1311,1895,Trows,766.0,Restaurants,Riccadonna Abele,42 E. Union Sq.,Manhattan,New York,New York,42.0,Union,,,E.,Sq.,,,,Riccadonna
8552,1312,1895,Trows,766.0,Restaurants,Riccardi & Calderoni,15 S. 5 Ave.,Manhattan,New York,New York,15.0,5,,,S.,Ave.,,,,Riccardi
8553,1313,1895,Trows,766.0,Restaurants,Rice Abraham,204  Front St.,Manhattan,New York,New York,204.0,Front,,,,St.,,,,Rice
8554,1314,1895,Trows,766.0,Restaurants,Richards George,3  Avenue B St.,Manhattan,New York,New York,3.0,Avenue B,,,,St.,,,,Richards
8555,1315,1895,Trows,766.0,Restaurants,Richardson Barton W.,127  Lincoln Ave.,Manhattan,New York,New York,127.0,Lincoln,,,,Ave.,,,,Richardson
8556,1316,1895,Trows,766.0,Restaurants,Richmond Thomas & Son,450 W. 14 St.,Manhattan,New York,New York,450.0,14,,,W.,St.,,,,Richmond
8557,1317,1895,Trows,766.0,Restaurants,Richter Charles,171  Forsyth St.,Manhattan,New York,New York,171.0,Forsyth,,,,St.,,,,Richter
8558,1318,1895,Trows,766.0,Restaurants,Richter Louis H.,385  Broadway,Manhattan,New York,New York,385.0,Broadway,,,,,,,,Richter
8559,1319,1895,Trows,766.0,Restaurants,Richter Louis H.,836  Broadway,Manhattan,New York,New York,836.0,Broadway,,,,,,,,Richter
8560,1320,1895,Trows,766.0,Restaurants,Richter Louis H.,34  White St.,Manhattan,New York,New York,34.0,White,,,,St.,,,,Richter
8561,1321,1895,Trows,766.0,Restaurants,Richter C. H. & Co.,40  Broad St.,Manhattan,New York,New York,40.0,Broad,,,,St.,,,,Richter
8562,1322,1895,Trows,766.0,Restaurants,Riechers Henry J.,182  Church St.,Manhattan,New York,New York,182.0,Church,,,,St.,,,,Riechers
8563,1323,1895,Trows,766.0,Restaurants,Rieder Sarah J.,326  West St.,Manhattan,New York,New York,326.0,West,,,,St.,,,,Rieder
8564,1324,1895,Trows,766.0,Restaurants,Riegler Joseph,590  10 Ave.,Manhattan,New York,New York,590.0,10,,,,Ave.,,,,Riegler
8565,1325,1895,Trows,766.0,Restaurants,Riemann Henry F. C.,76  University Pl.,Manhattan,New York,New York,76.0,University,,,,Pl.,,,,Riemann
8566,1326,1895,Trows,766.0,Restaurants,Riggs Leon C.,74  University Pl.,Manhattan,New York,New York,74.0,University,,,,Pl.,,,,Riggs
8567,1327,1895,Trows,766.0,Restaurants,Rinaldi Louis,40  Peck Sl.,Manhattan,New York,New York,40.0,Peck,,,,Sl.,,,,Rinaldi
8568,1328,1895,Trows,766.0,Restaurants,Rischow Charles,135  Canal St.,Manhattan,New York,New York,135.0,Canal,,,,St.,,,,Rischow
8569,1329,1895,Trows,766.0,Restaurants,Ritzen Nicholas,272  Canal St.,Manhattan,New York,New York,272.0,Canal,,,,St.,,,,Ritzen
8570,1330,1895,Trows,766.0,Restaurants,Roan George,154  Leonard St.,Manhattan,New York,New York,154.0,Leonard,,,,St.,,,,Roan
8571,1331,1895,Trows,766.0,Restaurants,Roberson Isaac,310 W. 41 St.,Manhattan,New York,New York,310.0,41,,,W.,St.,,,,Roberson
8572,1332,1895,Trows,766.0,Restaurants,Robert Charles,215  Canal St.,Manhattan,New York,New York,215.0,Canal,,,,St.,,,,Robert
8573,1333,1895,Trows,766.0,Restaurants,Roberts Edward G.,2  State St.,Manhattan,New York,New York,2.0,State,,,,St.,,,,Roberts
8574,1334,1895,Trows,766.0,Restaurants,Robins S. M. Co.,24  Broad St.,Manhattan,New York,New York,24.0,Broad,,,,St.,,,,Robins
8575,1335,1895,Trows,766.0,Restaurants,Robins S. M. Co.,21  New St.,Manhattan,New York,New York,21.0,New,,,,St.,,,,Robins
8576,1336,1895,Trows,766.0,Restaurants,Robins S. M. Co.,50  John St.,Manhattan,New York,New York,50.0,John,,,,St.,,,,Robins
8577,1337,1895,Trows,766.0,Restaurants,Robinson John H. & Co.,48  Harrison St.,Manhattan,New York,New York,48.0,Harrison,,,,St.,,,,Robinson
8578,1338,1895,Trows,766.0,Restaurants,Rocco Gustave,2359  3 Ave.,Manhattan,New York,New York,2359.0,3,,,,Ave.,,,,Rocco
8579,1339,1895,Trows,766.0,Restaurants,Roeber William,327  8 Ave.,Manhattan,New York,New York,327.0,8,,,,Ave.,,,,Roeber
8580,1340,1895,Trows,766.0,Restaurants,Rogers John J.,6  Park Pl.,Manhattan,New York,New York,6.0,Park,,,,Pl.,,,,Rogers
8581,1341,1895,Trows,766.0,Restaurants,Rohrberg Charles,3053  1 St.,Manhattan,New York,New York,3053.0,1,,,,St.,,,,Rohrberg
8582,1342,1895,Trows,766.0,Restaurants,Rolfe George B.,42  John St.,Manhattan,New York,New York,42.0,John,,,,St.,,,,Rolfe
8583,1343,1895,Trows,766.0,Restaurants,Romanowski Leo,77 E. 4 St.,Manhattan,New York,New York,77.0,4,,,E.,St.,,,,Romanowski
8584,1344,1895,Trows,766.0,Restaurants,Roon Peter,16  10 Ave.,Manhattan,New York,New York,16.0,10,,,,Ave.,,,,Roon
8585,1345,1895,Trows,766.0,Restaurants,Rose Jacob,187  Allen St.,Manhattan,New York,New York,187.0,Allen,,,,St.,,,,Rose
8586,1346,1895,Trows,766.0,Restaurants,Rosedale & Scripture,3  Beekman St.,Manhattan,New York,New York,3.0,Beekman,,,,St.,,,,Rosedale
8587,1347,1895,Trows,766.0,Restaurants,Rosenbaum Adolph,264  Stanton St.,Manhattan,New York,New York,264.0,Stanton,,,,St.,,,,Rosenbaum
8588,1348,1895,Trows,766.0,Restaurants,Rosenberg Gerson,63  Orchard St.,Manhattan,New York,New York,63.0,Orchard,,,,St.,,,,Rosenberg
8589,1349,1895,Trows,766.0,Restaurants,Rosenberg Hyman,119  Delancey St.,Manhattan,New York,New York,119.0,Delancey,,,,St.,,,,Rosenberg
8590,1350,1895,Trows,766.0,Restaurants,Rosenbluth Kalman,98  Attorney St.,Manhattan,New York,New York,98.0,Attorney,,,,St.,,,,Rosenbluth
8591,1351,1895,Trows,767.0,Restaurants,Rosenfeld Ignatz H.,282 E. Houston St.,Manhattan,New York,New York,282.0,Houston,,,E.,St.,,,,Rosenfeld
8592,1352,1895,Trows,767.0,Restaurants,Rosenfeld Leo,1  2 Ave.,Manhattan,New York,New York,1.0,2,,,,Ave.,,,,Rosenfeld
8593,1353,1895,Trows,767.0,Restaurants,Rosenfeld Mary,114  Centre St.,Manhattan,New York,New York,114.0,Centre,,,,St.,,,,Rosenfeld
8594,1354,1895,Trows,767.0,Restaurants,Rosenfeld Max,186  Delancey St.,Manhattan,New York,New York,186.0,Delancey,,,,St.,,,,Rosenfeld
8595,1355,1895,Trows,767.0,Restaurants,Rosenthal Berthold,214  6 St.,Manhattan,New York,New York,214.0,6,,,,St.,,,,Rosenthal
8596,1356,1895,Trows,767.0,Restaurants,Rosenthal Ignatz,394 E. Houston St.,Manhattan,New York,New York,394.0,Houston,,,E.,St.,,,,Rosenthal
8597,1357,1895,Trows,767.0,Restaurants,Rosenthal Max,105 E. 4 St.,Manhattan,New York,New York,105.0,4,,,E.,St.,,,,Rosenthal
8598,1358,1895,Trows,767.0,Restaurants,Rosenthal Nathan,130  Forsyth St.,Manhattan,New York,New York,130.0,Forsyth,,,,St.,,,,Rosenthal
8599,1359,1895,Trows,767.0,Restaurants,Rosenthal Sarah,184  Chrystie St.,Manhattan,New York,New York,184.0,Chrystie,,,,St.,,,,Rosenthal
8600,1360,1895,Trows,767.0,Restaurants,Roth Joseph,182  Avenue A St.,Manhattan,New York,New York,182.0,Avenue A,,,,St.,,,,Roth
8601,1361,1895,Trows,767.0,Restaurants,Roth Lewis,10  Jay St.,Manhattan,New York,New York,10.0,Jay,,,,St.,,,,Roth
8602,1362,1895,Trows,767.0,Restaurants,Rottenberg N.,96  Sheriff St.,Manhattan,New York,New York,96.0,Sheriff,,,,St.,,,,Rottenberg
8603,1363,1895,Trows,767.0,Restaurants,Rourke Cornelius W.,1231  Broadway St.,Manhattan,New York,New York,1231.0,Broadway,,,,St.,,,,Rourke
8604,1364,1895,Trows,767.0,Restaurants,Rowley James B.,90 W. Houston St.,Manhattan,New York,New York,90.0,Houston,,,W.,St.,,,,Rowley
8605,1365,1895,Trows,767.0,Restaurants,Rowis Milford,984  6 Ave.,Manhattan,New York,New York,984.0,6,,,,Ave.,,,,Rowis
8606,1366,1895,Trows,767.0,Restaurants,Rubens Simon,188 E. 125 St.,Manhattan,New York,New York,188.0,125,,,E.,St.,,,,Rubens
8607,1367,1895,Trows,767.0,Restaurants,Rubensen Ruben,48  Jeff St.,Manhattan,New York,New York,48.0,Jeff,,,,St.,,,,Rubensen
8608,1368,1895,Trows,767.0,Restaurants,Rubin Jacob,8  Ann St.,Manhattan,New York,New York,8.0,Ann,,,,St.,,,,Rubin
8609,1369,1895,Trows,767.0,Restaurants,Ruby Henry,404  8 St.,Manhattan,New York,New York,404.0,8,,,,St.,,,,Ruby
8610,1370,1895,Trows,767.0,Restaurants,Ruckert Louis C.,60 E. Houston St.,Manhattan,New York,New York,60.0,Houston,,,E.,St.,,,,Ruckert
8611,1371,1895,Trows,767.0,Restaurants,Runge August F.,123  8 Ave.,Manhattan,New York,New York,123.0,8,,,,Ave.,,,,Runge
8612,1372,1895,Trows,767.0,Restaurants,Ruocco Francesco ,45  Mulberry St.,Manhattan,New York,New York,45.0,Mulberry,,,,St.,,,,Ruocco
8613,1373,1895,Trows,767.0,Restaurants,Rupprich August,1324  3 Ave.,Manhattan,New York,New York,1324.0,3,,,,Ave.,,,,Rupprich
8614,1374,1895,Trows,767.0,Restaurants,Ryan Daniel,204.5  Thompson St.,Manhattan,New York,New York,204.5,Thompson,,,,St.,,,,Ryan
8615,1375,1895,Trows,767.0,Restaurants,Ryan Hannah,29  John St.,Manhattan,New York,New York,29.0,John,,,,St.,,,,Ryan
8616,1376,1895,Trows,767.0,Restaurants,Ryan James,74  Centre Mkt.,Manhattan,New York,New York,74.0,Centre,,,,Mkt.,,,,Ryan
8617,1377,1895,Trows,767.0,Restaurants,Ryan James J.,512  2 Ave.,Manhattan,New York,New York,512.0,2,,,,Ave.,,,,Ryan
8618,1378,1895,Trows,767.0,Restaurants,Ryan James J.,619  2 Ave.,Manhattan,New York,New York,619.0,2,,,,Ave.,,,,Ryan
8619,1379,1895,Trows,767.0,Restaurants,Ryan Mary,166  Christopher St.,Manhattan,New York,New York,166.0,Christopher,,,,St.,,,,Ryan
8620,1380,1895,Trows,767.0,Restaurants,Saager Frederick,489  7 Ave.,Manhattan,New York,New York,489.0,7,,,,Ave.,,,,Saager
8621,1381,1895,Trows,767.0,Restaurants,Sabiro Max,22  Bond St.,Manhattan,New York,New York,22.0,Bond,,,,St.,,,,Sabiro
8622,1382,1895,Trows,767.0,Restaurants,Sachs Isidor,78  Canal St.,Manhattan,New York,New York,78.0,Canal,,,,St.,,,,Sachs
8623,1383,1895,Trows,767.0,Restaurants,Sachs & Iwinitzky,385  Grand St.,Manhattan,New York,New York,385.0,Grand,,,,St.,,,,Sachs
8624,1384,1895,Trows,767.0,Restaurants,Safran & Meyer,91  Grand St.,Manhattan,New York,New York,91.0,Grand,,,,St.,,,,Safran
8625,1385,1895,Trows,767.0,Restaurants,Sahadi A. & Co.,45  Washington St.,Manhattan,New York,New York,45.0,Washington,,,,St.,,,,Sahadi
8626,1386,1895,Trows,767.0,Restaurants,Salmons John W.,234  Wooster St.,Manhattan,New York,New York,234.0,Wooster,,,,St.,,,,Salmons
8627,1387,1895,Trows,767.0,Restaurants,Salomon Bichard,95  Orchard St.,Manhattan,New York,New York,95.0,Orchard,,,,St.,,,,Salomon
8628,1388,1895,Trows,767.0,Restaurants,Sancci Paulucci,144  Baxter St.,Manhattan,New York,New York,144.0,Baxter,,,,St.,,,,Sancci
8629,1389,1895,Trows,767.0,Restaurants,Sanch Joseph W.,134 W. 26 St.,Manhattan,New York,New York,134.0,26,,,W.,St.,,,,Sanch
8630,1390,1895,Trows,767.0,Restaurants,Sanders Henry,51  South St.,Manhattan,New York,New York,51.0,South,,,,St.,,,,Sanders
8631,1391,1895,Trows,767.0,Restaurants,Sanderson Joseph H.,226 W. 41 St.,Manhattan,New York,New York,226.0,41,,,W.,St.,,,,Sanderson
8632,1392,1895,Trows,767.0,Restaurants,Sargent Herbert,126  South St.,Manhattan,New York,New York,126.0,South,,,,St.,,,,Sargent
8633,1393,1895,Trows,767.0,Restaurants,Satz Louis,101  Clinton St.,Manhattan,New York,New York,101.0,Clinton,,,,St.,,,,Satz
8634,1394,1895,Trows,767.0,Restaurants,Saumier Jean J.,106 W. 26 St.,Manhattan,New York,New York,106.0,26,,,W.,St.,,,,Saumier
8635,1395,1895,Trows,767.0,Restaurants,Savill Walter,1154  1 Ave.,Manhattan,New York,New York,1154.0,1,,,,Ave.,,,,Savill
8636,1396,1895,Trows,767.0,Restaurants,Scaioni Giovanni B.,69  Park St.,Manhattan,New York,New York,69.0,Park,,,,St.,,,,Scaioni
8637,1397,1895,Trows,767.0,Restaurants,Schachinger Jos.,179 E. Houston St.,Manhattan,New York,New York,179.0,Houston,,,E.,St.,,,,Schachinger
8638,1398,1895,Trows,767.0,Restaurants,Schaffner Henry,252  Fulton St.,Manhattan,New York,New York,252.0,Fulton,,,,St.,,,,Schaffner
8639,1399,1895,Trows,767.0,Restaurants,Scharnikow Louis,297  Bowery St.,Manhattan,New York,New York,297.0,Bowery,,,,St.,,,,Scharnikow
8640,1400,1895,Trows,767.0,Restaurants,Scheidlinger Max,272  Broome St.,Manhattan,New York,New York,272.0,Broome,,,,St.,,,,Scheidlinger
8641,1401,1895,Trows,767.0,Restaurants,Schepler Ida E. L.,483  3 Ave.,Manhattan,New York,New York,483.0,3,,,,Ave.,,,,Schepler
8642,1402,1895,Trows,767.0,Restaurants,Scherer Charles,14 N. William St.,Manhattan,New York,New York,14.0,William,,,N.,St.,,,,Scherer
8643,1403,1895,Trows,767.0,Restaurants,Schetter Louis,57  Broadway,Manhattan,New York,New York,57.0,Broadway,,,,,,,,Schetter
8644,1404,1895,Trows,767.0,Restaurants,Schetter Louis,33  Trinity Pl.,Manhattan,New York,New York,33.0,Trinity,,,,Pl.,,,,Schetter
8645,1405,1895,Trows,767.0,Restaurants,Scheubner Michael,61  Grand St.,Manhattan,New York,New York,61.0,Grand,,,,St.,,,,Scheubner
8646,1406,1895,Trows,767.0,Restaurants,Schieffer Hugo,491  Broadway,Manhattan,New York,New York,491.0,Broadway,,,,,,,,Schieffer
8647,1407,1895,Trows,767.0,Restaurants,Schierano & Mariano,39 S. William St.,Manhattan,New York,New York,39.0,William,,,S.,St.,,,,Schierano
8648,1408,1895,Trows,767.0,Restaurants,Schierano & Mariano,29  Stone St.,Manhattan,New York,New York,29.0,Stone,,,,St.,,,,Schierano
8649,1409,1895,Trows,767.0,Restaurants,Schiffer Frank,73  Allen St.,Manhattan,New York,New York,73.0,Allen,,,,St.,,,,Schiffer
8650,1410,1895,Trows,767.0,Restaurants,Schmidt Adam,12  Chambers St.,Manhattan,New York,New York,12.0,Chambers,,,,St.,,,,Schmidt
8651,1411,1895,Trows,767.0,Restaurants,Schmidt Bridget,394  Water St.,Manhattan,New York,New York,394.0,Water,,,,St.,,,,Schmidt
8652,1412,1895,Trows,767.0,Restaurants,Schmidt Louis,84  Broadway,Manhattan,New York,New York,84.0,Broadway,,,,,,,,Schmidt
8653,1413,1895,Trows,767.0,Restaurants,Schmidt Louis,51  Beaver St.,Manhattan,New York,New York,51.0,Beaver,,,,St.,,,,Schmidt
8654,1414,1895,Trows,767.0,Restaurants,Schmidt Theodore,26 E. 4 St.,Manhattan,New York,New York,26.0,4,,,E.,St.,,,,Schmidt
8655,1415,1895,Trows,767.0,Restaurants,Schmitt George,726  Broadway,Manhattan,New York,New York,726.0,Broadway,,,,,,,,Schmitt
8656,1416,1895,Trows,767.0,Restaurants,Schmukler Solomon,62  Canal St.,Manhattan,New York,New York,62.0,Canal,,,,St.,,,,Schmukler
8657,1417,1895,Trows,767.0,Restaurants,Schnabel Max R.,329  Spring St.,Manhattan,New York,New York,329.0,Spring,,,,St.,,,,Schnabel
8658,1418,1895,Trows,767.0,Restaurants,Schneider George,270  Avenue A St.,Manhattan,New York,New York,270.0,Avenue A,,,,St.,,,,Schneider
8659,1419,1895,Trows,767.0,Restaurants,Schneider Thomas,436  2 Ave.,Manhattan,New York,New York,436.0,2,,,,Ave.,,,,Schneider
8660,1420,1895,Trows,767.0,Restaurants,Schneier Solomon,196  Wooster St.,Manhattan,New York,New York,196.0,Wooster,,,,St.,,,,Schneier
8661,1421,1895,Trows,767.0,Restaurants,Schnitzler Ignatz,19 W. Houston St.,Manhattan,New York,New York,19.0,Houston,,,W.,St.,,,,Schnitzler
8662,1422,1895,Trows,767.0,Restaurants,Schoen Feiga,192 E. Broadway,Manhattan,New York,New York,192.0,Broadway,,,E.,,,,,Schoen
8663,1423,1895,Trows,767.0,Restaurants,Schoen Henry,409.5  3 Ave.,Manhattan,New York,New York,409.5,3,,,,Ave.,,,,Schoen
8664,1424,1895,Trows,767.0,Restaurants,Schoenduv & Esche,182  William St.,Manhattan,New York,New York,182.0,William,,,,St.,,,,Schoenduv
8665,1425,1895,Trows,767.0,Restaurants,Schoenherr Margaret,343 E. 23 St.,Manhattan,New York,New York,343.0,23,,,E.,St.,,,,Schoenherr
8666,1426,1895,Trows,767.0,Restaurants,Schoenwald Henry,556  Broadway,Manhattan,New York,New York,556.0,Broadway,,,,,,,,Schoenwald
8667,1427,1895,Trows,767.0,Restaurants,Schott Pauline,251  Church St.,Manhattan,New York,New York,251.0,Church,,,,St.,,,,Schott
8668,1428,1895,Trows,767.0,Restaurants,Schrammer Louise,421  5 St.,Manhattan,New York,New York,421.0,5,,,,St.,,,,Schrammer
8669,1429,1895,Trows,767.0,Restaurants,Schriefer Frederick,27  Centre St.,Manhattan,New York,New York,27.0,Centre,,,,St.,,,,Schriefer
8670,1430,1895,Trows,767.0,Restaurants,Schuhuicht Gustav,289  Avenue B St.,Manhattan,New York,New York,289.0,Avenue B,,,,St.,,,,Schuhuicht
8671,1431,1895,Trows,767.0,Restaurants,Schule Verena,27  Grand St.,Manhattan,New York,New York,27.0,Grand,,,,St.,,,,Schule
8672,1432,1895,Trows,767.0,Restaurants,Schulhof Edward,50  Bowery St.,Manhattan,New York,New York,50.0,Bowery,,,,St.,,,,Schulhof
8673,1433,1895,Trows,767.0,Restaurants,Schultz Henry,43 W. 24 St.,Manhattan,New York,New York,43.0,24,,,W.,St.,,,,Schultz
8674,1434,1895,Trows,767.0,Restaurants,Schultz Henry L.,234  7 Ave.,Manhattan,New York,New York,234.0,7,,,,Ave.,,,,Schultz
8675,1435,1895,Trows,767.0,Restaurants,Schultz Herman,1029  1 Ave.,Manhattan,New York,New York,1029.0,1,,,,Ave.,,,,Schultz
8676,1436,1895,Trows,767.0,Restaurants,Schulze Edward,23  William St.,Manhattan,New York,New York,23.0,William,,,,St.,,,,Schulze
8677,1437,1895,Trows,767.0,Restaurants,Schumann Gustav,383  Bowery St.,Manhattan,New York,New York,383.0,Bowery,,,,St.,,,,Schumann
8678,1438,1895,Trows,767.0,Restaurants,Schwagerl Louis,394  8 Ave.,Manhattan,New York,New York,394.0,8,,,,Ave.,,,,Schwagerl
8679,1439,1895,Trows,767.0,Restaurants,Schwartz Ignatz,74  Lewis St.,Manhattan,New York,New York,74.0,Lewis,,,,St.,,,,Schwartz
8680,1440,1895,Trows,767.0,Restaurants,Schwartz John E.,445  6 St.,Manhattan,New York,New York,445.0,6,,,,St.,,,,Schwartz
8681,1441,1895,Trows,767.0,Restaurants,Schwartz Max,257 E. Houston St.,Manhattan,New York,New York,257.0,Houston,,,E.,St.,,,,Schwartz
8682,1442,1895,Trows,767.0,Restaurants,Schwartz Max,263 E. Houston St.,Manhattan,New York,New York,263.0,Houston,,,E.,St.,,,,Schwartz
8683,1443,1895,Trows,767.0,Restaurants,Schwartz Morris,86  2 Ave.,Manhattan,New York,New York,86.0,2,,,,Ave.,,,,Schwartz
8684,1444,1895,Trows,767.0,Restaurants,Schwartz Regina,119  Bleecker St.,Manhattan,New York,New York,119.0,Bleecker,,,,St.,,,,Schwartz
8685,1445,1895,Trows,767.0,Restaurants,Schwarz Augusta,41  Delancey St.,Manhattan,New York,New York,41.0,Delancey,,,,St.,,,,Schwarz
8686,1446,1895,Trows,767.0,Restaurants,Schwarz Charles,301  Bowery St.,Manhattan,New York,New York,301.0,Bowery,,,,St.,,,,Schwarz
8687,1447,1895,Trows,767.0,Restaurants,Schwarz Edward,45  Delancey St.,Manhattan,New York,New York,45.0,Delancey,,,,St.,,,,Schwarz
8688,1448,1895,Trows,767.0,Restaurants,Schwarz Herman,13  Clinton Pl.,Manhattan,New York,New York,13.0,Clinton,,,,Pl.,,,,Schwarz
8689,1449,1895,Trows,767.0,Restaurants,Schwarz John E.,96 E. Houston St.,Manhattan,New York,New York,96.0,Houston,,,E.,St.,,,,Schwarz
8690,1450,1895,Trows,767.0,Restaurants,Schwend George,3  Avenue B St.,Manhattan,New York,New York,3.0,Avenue B,,,,St.,,,,Schwend
8691,1451,1895,Trows,767.0,Restaurants,Scotti Luigi,119  Mulberry St.,Manhattan,New York,New York,119.0,Mulberry,,,,St.,,,,Scotti
8692,1452,1895,Trows,767.0,Restaurants,Sebree William E.,83  Nassau St.,Manhattan,New York,New York,83.0,Nassau,,,,St.,,,,Sebree
8693,1453,1895,Trows,767.0,Restaurants,Seegret Otto,241  Bowery St.,Manhattan,New York,New York,241.0,Bowery,,,,St.,,,,Seegret
8694,1454,1895,Trows,767.0,Restaurants,Seelig Adolph,10  2 Ave.,Manhattan,New York,New York,10.0,2,,,,Ave.,,,,Seelig
8695,1455,1895,Trows,767.0,Restaurants,Seipp Charles,1048  2 Ave.,Manhattan,New York,New York,1048.0,2,,,,Ave.,,,,Seipp
8696,1456,1895,Trows,767.0,Restaurants,Sekoll Isaac,74  Delancey St.,Manhattan,New York,New York,74.0,Delancey,,,,St.,,,,Sekoll
8697,1457,1895,Trows,767.0,Restaurants,Selinger Herman,108  Allen St.,Manhattan,New York,New York,108.0,Allen,,,,St.,,,,Selinger
8698,1458,1895,Trows,767.0,Restaurants,Semmler Julia,296  Church St.,Manhattan,New York,New York,296.0,Church,,,,St.,,,,Semmler
8699,1459,1895,Trows,767.0,Restaurants,Senor Emanuel W.,1319  1 Ave.,Manhattan,New York,New York,1319.0,1,,,,Ave.,,,,Senor
8700,1460,1895,Trows,767.0,Restaurants,Severence Edwin,242  4 Ave.,Manhattan,New York,New York,242.0,4,,,,Ave.,,,,Severence
8701,1461,1895,Trows,767.0,Restaurants,Seymour Edward,349  Hudson St.,Manhattan,New York,New York,349.0,Hudson,,,,St.,,,,Seymour
8702,1462,1895,Trows,767.0,Restaurants,Shanley Brothers,383  6 Ave.,Manhattan,New York,New York,383.0,6,,,,Ave.,,,,Shanley
8703,1463,1895,Trows,767.0,Restaurants,Shanley Brothers,1212  Broadway,Manhattan,New York,New York,1212.0,Broadway,,,,,,,,Shanley
8704,1464,1895,Trows,767.0,Restaurants,Sharkey Patrick,481 E. Houston St.,Manhattan,New York,New York,481.0,Houston,,,E.,St.,,,,Sharkey
8705,1465,1895,Trows,767.0,Restaurants,Shawy George,57  Washington St.,Manhattan,New York,New York,57.0,Washington,,,,St.,,,,Shawy
8706,1466,1895,Trows,767.0,Restaurants,Sheppard Herbert,5  Greenwich Ave.,Manhattan,New York,New York,5.0,Greenwich,,,,Ave.,,,,Sheppard
8707,1467,1895,Trows,767.0,Restaurants,Sheridan Catharine,644  3 Ave.,Manhattan,New York,New York,644.0,3,,,,Ave.,,,,Sheridan
8708,1468,1895,Trows,767.0,Restaurants,Shinkman Samuel,364  Grand St.,Manhattan,New York,New York,364.0,Grand,,,,St.,,,,Shinkman
8709,1469,1895,Trows,767.0,Restaurants,Shirmer William,162 E. Houston St.,Manhattan,New York,New York,162.0,Houston,,,E.,St.,,,,Shirmer
8710,1470,1895,Trows,767.0,Restaurants,Shishim Tannous,91  Washington St.,Manhattan,New York,New York,91.0,Washington,,,,St.,,,,Shishim
8711,1471,1895,Trows,767.0,Restaurants,Sidded Dedrick,82  Cortlandt St.,Manhattan,New York,New York,82.0,Cortlandt,,,,St.,,,,Sidded
8712,1472,1895,Trows,767.0,Restaurants,Sieburg Ewald,90  3 Ave.,Manhattan,New York,New York,90.0,3,,,,Ave.,,,,Sieburg
8713,1473,1895,Trows,767.0,Restaurants,Siedow Emil,114  Bleecker St.,Manhattan,New York,New York,114.0,Bleecker,,,,St.,,,,Siedow
8714,1474,1895,Trows,767.0,Restaurants,Siegelmann Marcus,1  Marion St.,Manhattan,New York,New York,1.0,Marion,,,,St.,,,,Siegelmann
8715,1475,1895,Trows,767.0,Restaurants,Silberman Bernard,44  Canal St.,Manhattan,New York,New York,44.0,Canal,,,,St.,,,,Silberman
8716,1476,1895,Trows,767.0,Restaurants,Silberman Herman M.,164  Madison St.,Manhattan,New York,New York,164.0,Madison,,,,St.,,,,Silberman
8717,1477,1895,Trows,767.0,Restaurants,Silberman & Nirenberg,82  Essex St.,Manhattan,New York,New York,82.0,Essex,,,,St.,,,,Silberman
8718,1478,1895,Trows,767.0,Restaurants,Silsbe & Son,203  6 Ave.,Manhattan,New York,New York,203.0,6,,,,Ave.,,,,Silsbe
8719,1479,1895,Trows,767.0,Restaurants,Silsbe & Son,56 E. 125 St.,Manhattan,New York,New York,56.0,125,,,E.,St.,,,,Silsbe
8720,1480,1895,Trows,767.0,Restaurants,Silverman Louis,249  Broadway,Manhattan,New York,New York,249.0,Broadway,,,,,,,,Silverman
8721,1481,1895,Trows,767.0,Restaurants,Simmons Henry,71  Murray St.,Manhattan,New York,New York,71.0,Murray,,,,St.,,,,Simmons
8722,1482,1895,Trows,767.0,Restaurants,Simmons Martha,242 W. 47 St.,Manhattan,New York,New York,242.0,47,,,W.,St.,,,,Simmons
8723,1483,1895,Trows,767.0,Restaurants,Simon Abraham,51  Canal St.,Manhattan,New York,New York,51.0,Canal,,,,St.,,,,Simon
8724,1484,1895,Trows,767.0,Restaurants,Simon B.,400  6 Ave.,Manhattan,New York,New York,400.0,6,,,,Ave.,,,,Simon
8725,1485,1895,Trows,767.0,Restaurants,Simon Charles,643  10 Ave.,Manhattan,New York,New York,643.0,10,,,,Ave.,,,,Simon
8726,1486,1895,Trows,767.0,Restaurants,Simon Dells,171 W. 96 St.,Manhattan,New York,New York,171.0,96,,,W.,St.,,,,Simon
8727,1487,1895,Trows,767.0,Restaurants,Simpson's,54 W. 23 St.,Manhattan,New York,New York,54.0,23,,,W.,St.,,,,Simpson's
8728,1488,1895,Trows,767.0,Restaurants,Sinsheimer Solomon,55 E. 9 St.,Manhattan,New York,New York,55.0,9,,,E.,St.,,,,Sinsheimer
8729,1489,1895,Trows,767.0,Restaurants,Sitsler Max,697  1 Ave.,Manhattan,New York,New York,697.0,1,,,,Ave.,,,,Sitsler
8730,1490,1895,Trows,767.0,Restaurants,Sitsmann John,21  Avenue B St.,Manhattan,New York,New York,21.0,Avenue B,,,,St.,,,,Sitsmann
8731,1491,1895,Trows,767.0,Restaurants,Skinkle George W.,33  Cornelia St.,Manhattan,New York,New York,33.0,Cornelia,,,,St.,,,,Skinkle
8732,1492,1895,Trows,767.0,Restaurants,Slattery John,527  6 Ave.,Manhattan,New York,New York,527.0,6,,,,Ave.,,,,Slattery
8733,1493,1895,Trows,767.0,Restaurants,Sloney Anthony,179  Church St.,Manhattan,New York,New York,179.0,Church,,,,St.,,,,Sloney
8734,1494,1895,Trows,767.0,Restaurants,Smith Albert H.,48 E. 14 St.,Manhattan,New York,New York,48.0,14,,,E.,St.,,,,Smith
8735,1495,1895,Trows,767.0,Restaurants,Smith Charles K.,2361  3 Ave.,Manhattan,New York,New York,2361.0,3,,,,Ave.,,,,Smith
8736,1496,1895,Trows,767.0,Restaurants,Smith Charlotte,5  7 Ave.,Manhattan,New York,New York,5.0,7,,,,Ave.,,,,Smith
8737,1497,1895,Trows,767.0,Restaurants,Smith Emma,183  Greenwich St.,Manhattan,New York,New York,183.0,Greenwich,,,,St.,,,,Smith
8738,1498,1895,Trows,767.0,Restaurants,Smith James,8  Greenwich Ave.,Manhattan,New York,New York,8.0,Greenwich,,,,Ave.,,,,Smith
8739,1499,1895,Trows,767.0,Restaurants,Smith John B.,120  Fulton Mkt.,Manhattan,New York,New York,120.0,Fulton,,,,Mkt.,,,,Smith
8740,1500,1895,Trows,767.0,Restaurants,Smith John T.,324  3 Ave.,Manhattan,New York,New York,324.0,3,,,,Ave.,,,,Smith
8741,1501,1895,Trows,767.0,Restaurants,Smith Mary A.,303 E. 64 St.,Manhattan,New York,New York,303.0,64,,,E.,St.,,,,Smith
8742,1502,1895,Trows,767.0,Restaurants,Smith Sara E.,501  3 Ave.,Manhattan,New York,New York,501.0,3,,,,Ave.,,,,Smith
8743,1503,1895,Trows,767.0,Restaurants,Smith Stephen G.,34 W. 30 St.,Manhattan,New York,New York,34.0,30,,,W.,St.,,,,Smith
8744,1504,1895,Trows,767.0,Restaurants,Smith William,354 E. 83 St.,Manhattan,New York,New York,354.0,83,,,E.,St.,,,,Smith
8745,1505,1895,Trows,767.0,Restaurants,Smith William H.,16  Rector St.,Manhattan,New York,New York,16.0,Rector,,,,St.,,,,Smith
8746,1506,1895,Trows,767.0,Restaurants,Smith W. H. & Co.,15  Thames St.,Manhattan,New York,New York,15.0,Thames,,,,St.,,,,Smith
8747,1507,1895,Trows,767.0,Restaurants,Smith Brothers,112  9 Ave.,Manhattan,New York,New York,112.0,9,,,,Ave.,,,,Smith
8748,1508,1895,Trows,767.0,Restaurants,Smith & Franklin,1162  Broadway,Manhattan,New York,New York,1162.0,Broadway,,,,,,,,Smith
8749,1509,1895,Trows,767.0,Restaurants,Smolensky Jacob,233  Bowery St.,Manhattan,New York,New York,233.0,Bowery,,,,St.,,,,Smolensky
8750,1510,1895,Trows,767.0,Restaurants,Snellback Frank,137 W. Broadway,Manhattan,New York,New York,137.0,Broadway,,,W.,,,,,Snellback
8751,1511,1895,Trows,767.0,Restaurants,Snyder Frank,783  7 Ave.,Manhattan,New York,New York,783.0,7,,,,Ave.,,,,Snyder
8752,1512,1895,Trows,767.0,Restaurants,Snyder John I.,828  9 Ave.,Manhattan,New York,New York,828.0,9,,,,Ave.,,,,Snyder
8753,1513,1895,Trows,767.0,Restaurants,Sobin Mathias,72 E. 4 St.,Manhattan,New York,New York,72.0,4,,,E.,St.,,,,Sobin
8754,1514,1895,Trows,767.0,Restaurants,Solari Joseph F.,44  University Pl.,Manhattan,New York,New York,44.0,University,,,,Pl.,,,,Solari
8755,1515,1895,Trows,767.0,Restaurants,Sollender Herman,140  Monroe St.,Manhattan,New York,New York,140.0,Monroe,,,,St.,,,,Sollender
8756,1516,1895,Trows,768.0,Restaurants,Solomon Henry,88  Lewis St.,Manhattan,New York,New York,88.0,Lewis,,,,St.,,,,Solomon
8757,1517,1895,Trows,768.0,Restaurants,Sommer Isaac,97  Wooster St.,Manhattan,New York,New York,97.0,Wooster,,,,St.,,,,Sommer
8758,1518,1895,Trows,768.0,Restaurants,Soppett Ernest A. W.,28  Duane St.,Manhattan,New York,New York,28.0,Duane,,,,St.,,,,Soppett
8759,1519,1895,Trows,768.0,Restaurants,Soteris Antonio,201  Worth St.,Manhattan,New York,New York,201.0,Worth,,,,St.,,,,Soteris
8760,1520,1895,Trows,768.0,Restaurants,Spahr Oscar ,256  South St.,Manhattan,New York,New York,256.0,South,,,,St.,,,,Spahr
8761,1521,1895,Trows,768.0,Restaurants,Spamer Louis,21  Catharine Sl.,Manhattan,New York,New York,21.0,Catharine,,,,Sl.,,,,Spamer
8762,1522,1895,Trows,768.0,Restaurants,Spencer Charles J.,Produce Exchange,Manhattan,New York,New York,,Produce Exchange,,,,,,,,Spencer
8763,1523,1895,Trows,768.0,Restaurants,Spengemann Theodore,351  Spring St.,Manhattan,New York,New York,351.0,Spring,,,,St.,,,,Spengemann
8764,1524,1895,Trows,768.0,Restaurants,Spielberger Jacob,374 E. Houston St.,Manhattan,New York,New York,374.0,Houston,,,E.,St.,,,,Spielberger
8765,1525,1895,Trows,768.0,Restaurants,Spier Benjamin,91  Avenue B St.,Manhattan,New York,New York,91.0,Avenue B,,,,St.,,,,Spier
8766,1526,1895,Trows,768.0,Restaurants,Spies Peter,110  Fulton St.,Manhattan,New York,New York,110.0,Fulton,,,,St.,,,,Spies
8767,1527,1895,Trows,768.0,Restaurants,Spinelli Dominick,284  Mott St.,Manhattan,New York,New York,284.0,Mott,,,,St.,,,,Spinelli
8768,1528,1895,Trows,768.0,Restaurants,Spiridis Manuel,205  10 Ave.,Manhattan,New York,New York,205.0,10,,,,Ave.,,,,Spiridis
8769,1529,1895,Trows,768.0,Restaurants,Spirman Hammer,212 E. Houston St.,Manhattan,New York,New York,212.0,Houston,,,E.,St.,,,,Spirman
8770,1530,1895,Trows,768.0,Restaurants,Spiro Bertha,209  Chrystie St.,Manhattan,New York,New York,209.0,Chrystie,,,,St.,,,,Spiro
8771,1531,1895,Trows,768.0,Restaurants,Spiro John,185  Park Row,Manhattan,New York,New York,185.0,Park,,,,Row,,,,Spiro
8772,1532,1895,Trows,768.0,Restaurants,Spitz Abraham ,195  Orchard St.,Manhattan,New York,New York,195.0,Orchard,,,,St.,,,,Spitz
8773,1533,1895,Trows,768.0,Restaurants,Spitz Daniel,32  1 St.,Manhattan,New York,New York,32.0,1,,,,St.,,,,Spitz
8774,1534,1895,Trows,768.0,Restaurants,Spenza Joseph,19  Spring St.,Manhattan,New York,New York,19.0,Spring,,,,St.,,,,Spenza
8775,1535,1895,Trows,768.0,Restaurants,Staffano Liga,144 W. 26 St.,Manhattan,New York,New York,144.0,26,,,W.,St.,,,,Staffano
8776,1536,1895,Trows,768.0,Restaurants,Stafford James S.,1867  2 Ave.,Manhattan,New York,New York,1867.0,2,,,,Ave.,,,,Stafford
8777,1537,1895,Trows,768.0,Restaurants,Stampfer William,145  2 Ave.,Manhattan,New York,New York,145.0,2,,,,Ave.,,,,Stampfer
8778,1538,1895,Trows,768.0,Restaurants,Stanley George,346 E. 92 St.,Manhattan,New York,New York,346.0,92,,,E.,St.,,,,Stanley
8779,1539,1895,Trows,768.0,Restaurants,Starinsky Jacob,33  Forsyth St.,Manhattan,New York,New York,33.0,Forsyth,,,,St.,,,,Starinsky
8780,1540,1895,Trows,768.0,Restaurants,Stark John,426  9 Ave.,Manhattan,New York,New York,426.0,9,,,,Ave.,,,,Stark
8781,1541,1895,Trows,768.0,Restaurants,Steeg Adolph,552  Broadway,Manhattan,New York,New York,552.0,Broadway,,,,,,,,Steeg
8782,1542,1895,Trows,768.0,Restaurants,Stege John N.,1348  Amsterdam Ave.,Manhattan,New York,New York,1348.0,Amsterdam,,,,Ave.,,,,Stege
8783,1543,1895,Trows,768.0,Restaurants,Stein Herman,1599  Broadway,Manhattan,New York,New York,1599.0,Broadway,,,,,,,,Stein
8784,1544,1895,Trows,768.0,Restaurants,Stein Isidor ,25  1 St.,Manhattan,New York,New York,25.0,1,,,,St.,,,,Stein
8785,1545,1895,Trows,768.0,Restaurants,Steinberg Bernard,9  Ann St.,Manhattan,New York,New York,9.0,Ann,,,,St.,,,,Steinberg
8786,1546,1895,Trows,768.0,Restaurants,Steinberg Charles,94  Walker St.,Manhattan,New York,New York,94.0,Walker,,,,St.,,,,Steinberg
8787,1547,1895,Trows,768.0,Restaurants,Steiner Victor,105  Delancey St.,Manhattan,New York,New York,105.0,Delancey,,,,St.,,,,Steiner
8788,1548,1895,Trows,768.0,Restaurants,Steinhardt Bernard,204  Front St.,Manhattan,New York,New York,204.0,Front,,,,St.,,,,Steinhardt
8789,1549,1895,Trows,768.0,Restaurants,Steininger Valentine,76 E. 4 St.,Manhattan,New York,New York,76.0,4,,,E.,St.,,,,Steininger
8790,1550,1895,Trows,768.0,Restaurants,Steinmetz William,1341  Tremont Ave.,Manhattan,New York,New York,1341.0,Tremont,,,,Ave.,,,,Steinmetz
8791,1551,1895,Trows,768.0,Restaurants,Steinorth Rudolph,172 S. 5 Ave.,Manhattan,New York,New York,172.0,5,,,S.,Ave.,,,,Steinorth
8792,1552,1895,Trows,768.0,Restaurants,Stenzig Frederick,815  1 Ave.,Manhattan,New York,New York,815.0,1,,,,Ave.,,,,Stenzig
8793,1553,1895,Trows,768.0,Restaurants,Stephan Adolph,151 W. 34 St.,Manhattan,New York,New York,151.0,34,,,W.,St.,,,,Stephan
8794,1554,1895,Trows,768.0,Restaurants,Stern Joseph,118  Pitt St.,Manhattan,New York,New York,118.0,Pitt,,,,St.,,,,Stern
8795,1555,1895,Trows,768.0,Restaurants,Stern Ludmilla,785  Broadway,Manhattan,New York,New York,785.0,Broadway,,,,,,,,Stern
8796,1556,1895,Trows,768.0,Restaurants,Sternberg Abraham,40  John St.,Manhattan,New York,New York,40.0,John,,,,St.,,,,Sternberg
8797,1557,1895,Trows,768.0,Restaurants,Sterneckert Fredrick,116  4 Ave.,Manhattan,New York,New York,116.0,4,,,,Ave.,,,,Sterneckert
8798,1558,1895,Trows,768.0,Restaurants,Stevens C. Perry,72 W. Broadway,Manhattan,New York,New York,72.0,Broadway,,,W.,,,,,Stevens
8799,1559,1895,Trows,768.0,Restaurants,Stewart Alexander,1454  Broadway,Manhattan,New York,New York,1454.0,Broadway,,,,,,,,Stewart
8800,1560,1895,Trows,768.0,Restaurants,Stewart Alexander,132  3 Ave.,Manhattan,New York,New York,132.0,3,,,,Ave.,,,,Stewart
8801,1561,1895,Trows,768.0,Restaurants,Stewart & McKenzie,111 W. 27 St.,Manhattan,New York,New York,111.0,27,,,W.,St.,,,,Stewart
8802,1562,1895,Trows,768.0,Restaurants,Still's J. H. Son,195  3 Ave.,Manhattan,New York,New York,195.0,3,,,,Ave.,,,,Still's
8803,1563,1895,Trows,768.0,Restaurants,Stoever George,13 ave. c. W. 24 St.,Manhattan,New York,New York,,24,,,13 ave. c. W.,St.,,,,Stoever
8804,1564,1895,Trows,768.0,Restaurants,Stollberg Frank A.,117  Broad St.,Manhattan,New York,New York,117.0,Broad,,,,St.,,,,Stollberg
8805,1565,1895,Trows,768.0,Restaurants,Stollenwerk William,1529  2 Ave.,Manhattan,New York,New York,1529.0,2,,,,Ave.,,,,Stollenwerk
8806,1566,1895,Trows,768.0,Restaurants,Strackerjan Uffo,76  Maiden La.,Manhattan,New York,New York,76.0,Maiden,,,,La.,,,,Strackerjan
8807,1567,1895,Trows,768.0,Restaurants,Stratton Benjamin,80 E. 9 St.,Manhattan,New York,New York,80.0,9,,,E.,St.,,,,Stratton
8808,1568,1895,Trows,768.0,Restaurants,Straughter & Boone,153 W. 3 St.,Manhattan,New York,New York,153.0,3,,,W.,St.,,,,Straughter
8809,1569,1895,Trows,768.0,Restaurants,Strauss Hannah,93  Wooster St.,Manhattan,New York,New York,93.0,Wooster,,,,St.,,,,Strauss
8810,1570,1895,Trows,768.0,Restaurants,Stroehlein Nicholas,437 E. 10 St.,Manhattan,New York,New York,437.0,10,,,E.,St.,,,,Stroehlein
8811,1571,1895,Trows,768.0,Restaurants,Strob Jacob A.,268  6 Ave.,Manhattan,New York,New York,268.0,6,,,,Ave.,,,,Strob
8812,1572,1895,Trows,768.0,Restaurants,Stroub John L.,93  Canal St.,Manhattan,New York,New York,93.0,Canal,,,,St.,,,,Stroub
8813,1573,1895,Trows,768.0,Restaurants,Stroub John L.,2394  3 Ave.,Manhattan,New York,New York,2394.0,3,,,,Ave.,,,,Stroub
8814,1574,1895,Trows,768.0,Restaurants,Strubbe William,217  William St.,Manhattan,New York,New York,217.0,William,,,,St.,,,,Strubbe
8815,1575,1895,Trows,768.0,Restaurants,Struck Cornelius,2670  8 Ave.,Manhattan,New York,New York,2670.0,8,,,,Ave.,,,,Struck
