Unnamed: 0,ID,YR,DIR,PG,TYPE,NAME,ADDY,BOROUGH,CITY,STATE,HOUSENO,STNAME,STNAME.1,STNAME.2,ST_PREFIX,ST_SUFFIX,AdrMod,STNAME.3,STNAME.4,last_name
8816,1576,1895,Trows,768.0,Restaurants,Suchmiller August,706  Columbus Ave.,Manhattan,New York,New York,706,Columbus,,,,Ave.,,,,Suchmiller
8817,1577,1895,Trows,768.0,Restaurants,Suhre John A.,583  1 Ave.,Manhattan,New York,New York,583,1,,,,Ave.,,,,Suhre
8818,1578,1895,Trows,768.0,Restaurants,Suhre & Jackson,123  Avenue D St.,Manhattan,New York,New York,123,Avenue D,,,,St.,,,,Suhre
8819,1579,1895,Trows,768.0,Restaurants,Sukovsky Frank,187  Lewis St.,Manhattan,New York,New York,187,Lewis,,,,St.,,,,Sukovsky
8820,1580,1895,Trows,768.0,Restaurants,Sullivan Julia E.,2393  3 Ave.,Manhattan,New York,New York,2393,3,,,,Ave.,,,,Sullivan
8821,1581,1895,Trows,768.0,Restaurants,Sullivan M. & Son,189  Worth St.,Manhattan,New York,New York,189,Worth,,,,St.,,,,Sullivan
8822,1582,1895,Trows,768.0,Restaurants,Sully John J.,296  Greenwich St.,Manhattan,New York,New York,296,Greenwich,,,,St.,,,,Sully
8823,1583,1895,Trows,768.0,Restaurants,Sully Thomas,182  Bleecker St.,Manhattan,New York,New York,182,Bleecker,,,,St.,,,,Sully
8824,1584,1895,Trows,768.0,Restaurants,Suizer Gustave,297  Avenue A St.,Manhattan,New York,New York,297,Avenue A,,,,St.,,,,Suizer
8825,1585,1895,Trows,768.0,Restaurants,Surber George,850  11 Ave.,Manhattan,New York,New York,850,11,,,,Ave.,,,,Surber
8826,1586,1895,Trows,768.0,Restaurants,Surridge John H.,2663  3 Ave.,Manhattan,New York,New York,2663,3,,,,Ave.,,,,Surridge
8827,1587,1895,Trows,768.0,Restaurants,Susman Herman,109  Rivington St.,Manhattan,New York,New York,109,Rivington,,,,St.,,,,Susman
8828,1588,1895,Trows,768.0,Restaurants,Susskind Morris C.,826  1 Ave.,Manhattan,New York,New York,826,1,,,,Ave.,,,,Susskind
8829,1589,1895,Trows,768.0,Restaurants,Sutton Frank D.,480  3 Ave.,Manhattan,New York,New York,480,3,,,,Ave.,,,,Sutton
8830,1590,1895,Trows,768.0,Restaurants,Swart Alfred L.,747  3 Ave.,Manhattan,New York,New York,747,3,,,,Ave.,,,,Swart
8831,1591,1895,Trows,768.0,Restaurants,Sweeney Patrick ,301  Front St.,Manhattan,New York,New York,301,Front,,,,St.,,,,Sweeney
8832,1592,1895,Trows,768.0,Restaurants,Sweeney J. F. & J. J.,37  Beaver St.,Manhattan,New York,New York,37,Beaver,,,,St.,,,,Sweeney
8833,1593,1895,Trows,768.0,Restaurants,Sweet A. M. & Son,4  Fulton St.,Manhattan,New York,New York,4,Fulton,,,,St.,,,,Sweet
8834,1594,1895,Trows,768.0,Restaurants,Sweet & Becker,348  8 Ave.,Manhattan,New York,New York,348,8,,,,Ave.,,,,Sweet
8835,1595,1895,Trows,768.0,Restaurants,Swenson Charles,69  Gold St.,Manhattan,New York,New York,69,Gold,,,,St.,,,,Swenson
8836,1596,1895,Trows,768.0,Restaurants,Taffel & Rabach,49  Bleecker St.,Manhattan,New York,New York,49,Bleecker,,,,St.,,,,Taffel
8837,1597,1895,Trows,768.0,Restaurants,Tallowitz & Frank,117  1 Ave.,Manhattan,New York,New York,117,1,,,,Ave.,,,,Tallowitz
8838,1598,1895,Trows,768.0,Restaurants,Tannenbaum Samuel,s,Manhattan,New York,New York,874,Canal,,,,St.,,,,Tannenbaum
8839,1599,1895,Trows,768.0,Restaurants,Tassilani & Gardelli,213 E. 13 St.,Manhattan,New York,New York,213,13,,,E.,St.,,,,Tassilani
8840,1600,1895,Trows,768.0,Restaurants,Taylor Washington H.,128  Park Row,Manhattan,New York,New York,128,Park,,,,Row,,,,Taylor
8841,1601,1895,Trows,768.0,Restaurants,Terpenning John L.,214  Fulton Mkt.,Manhattan,New York,New York,214,Fulton,,,,Mkt.,,,,Terpenning
8842,1602,1895,Trows,768.0,Restaurants,Terwilliger George W.,23 W. 42 St.,Manhattan,New York,New York,23,42,,,W.,St.,,,,Terwilliger
8843,1603,1895,Trows,768.0,Restaurants,Teschmacher Henry,24  Desbrosses St.,Manhattan,New York,New York,24,Desbrosses,,,,St.,,,,Teschmacher
8844,1604,1895,Trows,768.0,Restaurants,Theodore Abraham,202  Wooster St.,Manhattan,New York,New York,202,Wooster,,,,St.,,,,Theodore
8845,1605,1895,Trows,768.0,Restaurants,Thiemann Francis,560  10 Ave.,Manhattan,New York,New York,560,10,,,,Ave.,,,,Thiemann
8846,1606,1895,Trows,768.0,Restaurants,Thirion Charles,99  Christopher St.,Manhattan,New York,New York,99,Christopher,,,,St.,,,,Thirion
8847,1607,1895,Trows,768.0,Restaurants,Thom David R.,36  Pine St.,Manhattan,New York,New York,36,Pine,,,,St.,,,,Thom
8848,1608,1895,Trows,768.0,Restaurants,Thomas Albert,521  3 Ave.,Manhattan,New York,New York,521,3,,,,Ave.,,,,Thomas
8849,1609,1895,Trows,768.0,Restaurants,Thomas Rosa,25  Minetta La.,Manhattan,New York,New York,25,Minetta,,,,La.,,,,Thomas
8850,1610,1895,Trows,768.0,Restaurants,Thomashefsky Bernhard,116  Eldridge St.,Manhattan,New York,New York,116,Eldridge,,,,St.,,,,Thomashefsky
8851,1611,1895,Trows,768.0,Restaurants,Thompson Leon ,7  Roosevelt St.,Manhattan,New York,New York,7,Roosevelt,,,,St.,,,,Thompson
8852,1612,1895,Trows,768.0,Restaurants,Thompson Thomas D. (estate of),320 E. 11 St.,Manhattan,New York,New York,320,11,,,E.,St.,,,,Thompson
8853,1613,1895,Trows,768.0,Restaurants,Thornton Frank J.,2310  3 Ave.,Manhattan,New York,New York,2310,3,,,,Ave.,,,,Thornton
8854,1614,1895,Trows,768.0,Restaurants,Thorpe John B. ,1281  Broadway,Manhattan,New York,New York,1281,Broadway,,,,,,,,Thorpe
8855,1615,1895,Trows,768.0,Restaurants,Thorpe John B. ,302  8 Ave.,Manhattan,New York,New York,302,8,,,,Ave.,,,,Thorpe
8856,1616,1895,Trows,768.0,Restaurants,Tighe Michael,88  Amsterdam St.,Manhattan,New York,New York,88,Amsterdam,,,,St.,,,,Tighe
8857,1617,1895,Trows,768.0,Restaurants,Timm William F.,155  Franklin St.,Manhattan,New York,New York,155,Franklin,,,,St.,,,,Timm
8858,1618,1895,Trows,768.0,Restaurants,Toebing William,101  Manhattan St.,Manhattan,New York,New York,101,Manhattan,,,,St.,,,,Toebing
8859,1619,1895,Trows,768.0,Restaurants,Toman Joseph,417 E. 59 St.,Manhattan,New York,New York,417,59,,,E.,St.,,,,Toman
8860,1620,1895,Trows,768.0,Restaurants,Tomasoff Arnold F.,96  Bowery St.,Manhattan,New York,New York,96,Bowery,,,,St.,,,,Tomasoff
8861,1621,1895,Trows,768.0,Restaurants,Tomsuden & Jantzen ,616  Grand St.,Manhattan,New York,New York,616,Grand,,,,St.,,,,Tomsuden
8862,1622,1895,Trows,768.0,Restaurants,Torres & Rodriguez,93  Maiden La.,Manhattan,New York,New York,93,Maiden,,,,La.,,,,Torres
8863,1623,1895,Trows,768.0,Restaurants,Tozza Pasquale,173  Mulberry St.,Manhattan,New York,New York,173,Mulberry,,,,St.,,,,Tozza
8864,1624,1895,Trows,768.0,Restaurants,Tracy Ann,12  West St.,Manhattan,New York,New York,12,West,,,,St.,,,,Tracy
8865,1625,1895,Trows,768.0,Restaurants,Trantner Moritz,275  Delancey St.,Manhattan,New York,New York,275,Delancey,,,,St.,,,,Trantner
8866,1626,1895,Trows,768.0,Restaurants,Treuleben Albert,582  Pearl St.,Manhattan,New York,New York,582,Pearl,,,,St.,,,,Treuleben
8867,1627,1895,Trows,768.0,Restaurants,Triesselmann Ernest,629 W. 24 St.,Manhattan,New York,New York,629,24,,,W.,St.,,,,Triesselmann
8868,1628,1895,Trows,768.0,Restaurants,Tripp Nathan W.,88  Dey St.,Manhattan,New York,New York,88,Dey,,,,St.,,,,Tripp
8869,1629,1895,Trows,768.0,Restaurants,Trott Valentine,183  Greenwich St.,Manhattan,New York,New York,183,Greenwich,,,,St.,,,,Trott
8870,1630,1895,Trows,768.0,Restaurants,Trottina David,88  2 Ave.,Manhattan,New York,New York,88,2,,,,Ave.,,,,Trottina
8871,1631,1895,Trows,768.0,Restaurants,Trupner Paul,3  Rector St.,Manhattan,New York,New York,3,Rector,,,,St.,,,,Trupner
8872,1632,1895,Trows,768.0,Restaurants,Tschantre E. & Co.,127  Duane St.,Manhattan,New York,New York,127,Duane,,,,St.,,,,Tschantre
8873,1633,1895,Trows,768.0,Restaurants,Tschantre E. & Co.,40  4 Ave.,Manhattan,New York,New York,40,4,,,,Ave.,,,,Tschantre
8874,1634,1895,Trows,768.0,Restaurants,Tschentscher William,81  Thomas St.,Manhattan,New York,New York,81,Thomas,,,,St.,,,,Tschentscher
8875,1635,1895,Trows,768.0,Restaurants,Tuck William H.,207  1 Ave.,Manhattan,New York,New York,207,1,,,,Ave.,,,,Tuck
8876,1636,1895,Trows,768.0,Restaurants,Tucker & Magdolf,40  Bowery St.,Manhattan,New York,New York,40,Bowery,,,,St.,,,,Tucker
8877,1637,1895,Trows,768.0,Restaurants,Tully Anne T.,74  Tompkins Mkt.,Manhattan,New York,New York,74,Tompkins,,,,Mkt.,,,,Tully
8878,1638,1895,Trows,768.0,Restaurants,Tungstall Julius T.,421  Canal St.,Manhattan,New York,New York,421,Canal,,,,St.,,,,Tungstall
8879,1639,1895,Trows,768.0,Restaurants,Turkel Anne,8  Walker St.,Manhattan,New York,New York,8,Walker,,,,St.,,,,Turkel
8880,1640,1895,Trows,768.0,Restaurants,Turkel Bernhard,55  Walker St.,Manhattan,New York,New York,55,Walker,,,,St.,,,,Turkel
8881,1641,1895,Trows,768.0,Restaurants,Turner Henry G.,168  Pearl St.,Manhattan,New York,New York,168,Pearl,,,,St.,,,,Turner
8882,1642,1895,Trows,768.0,Restaurants,Tyler Adrian J.,199  Chambers St.,Manhattan,New York,New York,199,Chambers,,,,St.,,,,Tyler
8883,1643,1895,Trows,768.0,Restaurants,Tyler Rodney,904  6 Ave.,Manhattan,New York,New York,904,6,,,,Ave.,,,,Tyler
8884,1644,1895,Trows,768.0,Restaurants,Tyson John H.,2524  8 Ave.,Manhattan,New York,New York,2524,8,,,,Ave.,,,,Tyson
8885,1645,1895,Trows,768.0,Restaurants,Uhlenhaut Frederick,197  Pearl St.,Manhattan,New York,New York,197,Pearl,,,,St.,,,,Uhlenhaut
8886,1646,1895,Trows,768.0,Restaurants,Ulmann Louis,163  Suffolk St.,Manhattan,New York,New York,163,Suffolk,,,,St.,,,,Ulmann
8887,1647,1895,Trows,768.0,Restaurants,Ulrich Paul,53  8 Ave.,Manhattan,New York,New York,53,8,,,,Ave.,,,,Ulrich
8888,1648,1895,Trows,768.0,Restaurants,Undt Henry,2580  8 Ave.,Manhattan,New York,New York,2580,8,,,,Ave.,,,,Undt
8889,1649,1895,Trows,768.0,Restaurants,Ungar Samuel,164  Attorney St.,Manhattan,New York,New York,164,Attorney,,,,St.,,,,Ungar
8890,1650,1895,Trows,768.0,Restaurants,Urban Julius ,476  10 Ave.,Manhattan,New York,New York,476,10,,,,Ave.,,,,Urban
8891,1651,1895,Trows,768.0,Restaurants,Uthe G. Gottfried,194  1 Ave.,Manhattan,New York,New York,194,1,,,,Ave.,,,,Uthe
8892,1652,1895,Trows,768.0,Restaurants,Vaile Anne E.,415  6 Ave.,Manhattan,New York,New York,415,6,,,,Ave.,,,,Vaile
8893,1653,1895,Trows,768.0,Restaurants,Valentino Angelo,128.5  Baxter St.,Manhattan,New York,New York,128.5,Baxter,,,,St.,,,,Valentino
8894,1654,1895,Trows,768.0,Restaurants,Valette Louis ,164  Wooster St.,Manhattan,New York,New York,164,Wooster,,,,St.,,,,Valette
8895,1655,1895,Trows,768.0,Restaurants,Vanaxen George,321  Greenwich St.,Manhattan,New York,New York,321,Greenwich,,,,St.,,,,Vanaxen
8896,1656,1895,Trows,768.0,Restaurants,Van Cleft J. O. & L. H.,188  8 Ave.,Manhattan,New York,New York,188,8,,,,Ave.,,,,Van
8897,1657,1895,Trows,768.0,Restaurants,Van Gelder George,180  6 Ave.,Manhattan,New York,New York,180,6,,,,Ave.,,,,Van
8898,1658,1895,Trows,768.0,Restaurants,Van Ness Willard H.,596  7 Ave.,Manhattan,New York,New York,596,7,,,,Ave.,,,,Van
8899,1659,1895,Trows,768.0,Restaurants,Vermatten Jules,53  Pearl St.,Manhattan,New York,New York,53,Pearl,,,,St.,,,,Vermatten
8900,1660,1895,Trows,768.0,Restaurants,Vidal Peter M.,292  Broadway,Manhattan,New York,New York,292,Broadway,,,,,,,,Vidal
8901,1661,1895,Trows,768.0,Restaurants,Vidal Peter M.,36  Reade St.,Manhattan,New York,New York,36,Reade,,,,St.,,,,Vidal
8902,1662,1895,Trows,768.0,Restaurants,Viergutz Charles,645 E. 16 St.,Manhattan,New York,New York,645,16,,,E.,St.,,,,Viergutz
8903,1663,1895,Trows,768.0,Restaurants,Vino Antonio,2163  1 Ave.,Manhattan,New York,New York,2163,1,,,,Ave.,,,,Vino
8904,1664,1895,Trows,768.0,Restaurants,Viandakis Emanuel,18  Chatham Sq.,Manhattan,New York,New York,18,Chatham,,,,Sq.,,,,Viandakis
8905,1665,1895,Trows,768.0,Restaurants,Vogel Dora & Pauline Toedter ,421  Greenwich St.,Manhattan,New York,New York,421,Greenwich,,,,St.,,,,Vogel
8906,1666,1895,Trows,768.0,Restaurants,Voigt Gustav,52 E. 4 St.,Manhattan,New York,New York,52,4,,,E.,St.,,,,Voigt
8907,1667,1895,Trows,768.0,Restaurants,Volberg Mathilda,35  2 St.,Manhattan,New York,New York,35,2,,,,St.,,,,Volberg
8908,1668,1895,Trows,768.0,Restaurants,Volk Charles L.,2097  3 Ave.,Manhattan,New York,New York,2097,3,,,,Ave.,,,,Volk
8909,1669,1895,Trows,768.0,Restaurants,Volk Nicholas,17  Stanton St.,Manhattan,New York,New York,17,Stanton,,,,St.,,,,Volk
8910,1670,1895,Trows,768.0,Restaurants,Vollmer Joseph,169  Mercer St.,Manhattan,New York,New York,169,Mercer,,,,St.,,,,Vollmer
8911,1671,1895,Trows,768.0,Restaurants,Vonderhuetten Frederick W.,133 E. 57 St.,Manhattan,New York,New York,133,57,,,E.,St.,,,,Vonderhuetten
8912,1672,1895,Trows,768.0,Restaurants,Vondohlen Adolph,102  4 Ave.,Manhattan,New York,New York,102,4,,,,Ave.,,,,Vondohlen
8913,1673,1895,Trows,768.0,Restaurants,Von Faber Anna,467 W. 14 St.,Manhattan,New York,New York,467,14,,,W.,St.,,,,Von
8914,1674,1895,Trows,768.0,Restaurants,Votke Joseph,672  1 Ave.,Manhattan,New York,New York,672,1,,,,Ave.,,,,Votke
8915,1675,1895,Trows,768.0,Restaurants,Waschman Emanuel,301  Canal St.,Manhattan,New York,New York,301,Canal,,,,St.,,,,Waschman
8916,1676,1895,Trows,769.0,Restaurants,Waldeck George F.,605  Hudson St.,Manhattan,New York,New York,605,Hudson,,,,St.,,,,Waldeck
8917,1677,1895,Trows,769.0,Restaurants, illegible , illegible    illegible ,,New York,New York, illegible , illegible ,,,,,,,,illegible
8918,1678,1895,Trows,769.0,Restaurants, illegible , illegible    illegible ,,New York,New York, illegible , illegible ,,,,,,,,illegible
8919,1679,1895,Trows,769.0,Restaurants,Wallace John F.,121  5 Ave.,Manhattan,New York,New York,121,5,,,,Ave.,,,,Wallace
8920,1680,1895,Trows,769.0,Restaurants,Walling Elbert J.,24  Fulton St.,Manhattan,New York,New York,24,Fulton,,,,St.,,,,Walling
8921,1681,1895,Trows,769.0,Restaurants,Walsh John H.,783  8 Ave.,Manhattan,New York,New York,783,8,,,,Ave.,,,,Walsh
8922,1682,1895,Trows,769.0,Restaurants,Walsh Brothers ,487  3 Ave.,Manhattan,New York,New York,487,3,,,,Ave.,,,,Walsh
8923,1683,1895,Trows,769.0,Restaurants,Walton Thomas,245  8 Ave.,Manhattan,New York,New York,245,8,,,,Ave.,,,,Walton
8924,1684,1895,Trows,769.0,Restaurants,Wannemacher Emma,272  6 Ave.,Manhattan,New York,New York,272,6,,,,Ave.,,,,Wannemacher
8925,1685,1895,Trows,769.0,Restaurants,Ward Thomas,63  Barclay  St.,Manhattan,New York,New York,63,Barclay ,,,,St.,,,,Ward
8926,1686,1895,Trows,769.0,Restaurants,Ward Thomas,385  West St.,Manhattan,New York,New York,385,West,,,,St.,,,,Ward
8927,1687,1895,Trows,769.0,Restaurants,Warner Moses,83  Avenue C St.,Manhattan,New York,New York,83,Avenue C,,,,St.,,,,Warner
8928,1688,1895,Trows,769.0,Restaurants,Warren Alfred,139 W. 32 St.,Manhattan,New York,New York,139,32,,,W.,St.,,,,Warren
8929,1689,1895,Trows,769.0,Restaurants,Warrington Michael,602  Columbus Ave.,Manhattan,New York,New York,602,Columbus,,,,Ave.,,,,Warrington
8930,1690,1895,Trows,769.0,Restaurants,Washington George H.,66  Spring St.,Manhattan,New York,New York,66,Spring,,,,St.,,,,Washington
8931,1691,1895,Trows,769.0,Restaurants,Webb William A.,124  6 Ave.,Manhattan,New York,New York,124,6,,,,Ave.,,,,Webb
8932,1692,1895,Trows,769.0,Restaurants,Weber Henry,504 W. 34 St.,Manhattan,New York,New York,504,34,,,W.,St.,,,,Weber
8933,1693,1895,Trows,769.0,Restaurants,Weber Joseph,800  11 Ave.,Manhattan,New York,New York,800,11,,,,Ave.,,,,Weber
8934,1694,1895,Trows,769.0,Restaurants,Weber Rudolph,60  9 Ave.,Manhattan,New York,New York,60,9,,,,Ave.,,,,Weber
8935,1695,1895,Trows,769.0,Restaurants,Weber Simon,123 E. Broadway,Manhattan,New York,New York,123,Broadway,,,E.,,,,,Weber
8936,1696,1895,Trows,769.0,Restaurants,Weber W. C.,102  Bleecker St.,Manhattan,New York,New York,102,Bleecker,,,,St.,,,,Weber
8937,1697,1895,Trows,769.0,Restaurants,Webster James,17  Ann St.,Manhattan,New York,New York,17,Ann,,,,St.,,,,Webster
8938,1698,1895,Trows,769.0,Restaurants,Weil Sophia,76 E. 4 St.,Manhattan,New York,New York,76,4,,,E.,St.,,,,Weil
8939,1699,1895,Trows,769.0,Restaurants,Weil William,353  7 Ave.,Manhattan,New York,New York,353,7,,,,Ave.,,,,Weil
8940,1700,1895,Trows,769.0,Restaurants,Weilasher Caspar,109  Nassau St.,Manhattan,New York,New York,109,Nassau,,,,St.,,,,Weilasher
8941,1701,1895,Trows,769.0,Restaurants,Weill Esther ,12  Bond St.,Manhattan,New York,New York,12,Bond,,,,St.,,,,Weill
8942,1702,1895,Trows,769.0,Restaurants,Weinberger Louis,310 E. Houston St.,Manhattan,New York,New York,310,Houston,,,E.,St.,,,,Weinberger
8943,1703,1895,Trows,769.0,Restaurants,Weinert Fedor,496  1 Ave.,Manhattan,New York,New York,496,1,,,,Ave.,,,,Weinert
8944,1704,1895,Trows,769.0,Restaurants,Weiss Charles ,487  6 Ave.,Manhattan,New York,New York,487,6,,,,Ave.,,,,Weiss
8945,1705,1895,Trows,769.0,Restaurants,Weiss Edward,63  Bleecker St.,Manhattan,New York,New York,63,Bleecker,,,,St.,,,,Weiss
8946,1706,1895,Trows,769.0,Restaurants,Weiss L.,78 E. 4 St.,Manhattan,New York,New York,78,4,,,E.,St.,,,,Weiss
8947,1707,1895,Trows,769.0,Restaurants,Weiss Samuel,66  Stanton St.,Manhattan,New York,New York,66,Stanton,,,,St.,,,,Weiss
8948,1708,1895,Trows,769.0,Restaurants,Weiss & Storck ,177  William St.,Manhattan,New York,New York,177,William,,,,St.,,,,Weiss
8949,1709,1895,Trows,769.0,Restaurants,Weissbein Adolph,102  Gold St.,Manhattan,New York,New York,102,Gold,,,,St.,,,,Weissbein
8950,1710,1895,Trows,769.0,Restaurants,Weronerholm John,505 W. 22 St.,Manhattan,New York,New York,505,22,,,W.,St.,,,,Weronerholm
8951,1711,1895,Trows,769.0,Restaurants,Wensel Bertha ,1208  2 Ave.,Manhattan,New York,New York,1208,2,,,,Ave.,,,,Wensel
8952,1712,1895,Trows,769.0,Restaurants,Werner Frank,140  2 Ave.,Manhattan,New York,New York,140,2,,,,Ave.,,,,Werner
8953,1713,1895,Trows,769.0,Restaurants,Werthim & Platzman,697  Broadway,Manhattan,New York,New York,697,Broadway,,,,,,,,Werthim
8954,1714,1895,Trows,769.0,Restaurants,Werthim & Platzman,315  Canal St.,Manhattan,New York,New York,315,Canal,,,,St.,,,,Werthim
8955,1715,1895,Trows,769.0,Restaurants,Wessbecher & Louis,107 N. Monroe St.,Manhattan,New York,New York,107,Monroe,,,N.,St.,,,,Wessbecher
8956,1716,1895,Trows,769.0,Restaurants,Westermeyer Joseph,526  3 Ave.,Manhattan,New York,New York,526,3,,,,Ave.,,,,Westermeyer
8957,1717,1895,Trows,769.0,Restaurants,Wettlanfer William L.,597  9 Ave.,Manhattan,New York,New York,597,9,,,,Ave.,,,,Wettlanfer
8958,1718,1895,Trows,769.0,Restaurants,Weyrich Ferdinand C.,239  Bleecker St.,Manhattan,New York,New York,239,Bleecker,,,,St.,,,,Weyrich
8959,1719,1895,Trows,769.0,Restaurants,White G. W. & Son,349  Canal St.,Manhattan,New York,New York,349,Canal,,,,St.,,,,White
8960,1720,1895,Trows,769.0,Restaurants,White G. W. & Son,956  Broadway,Manhattan,New York,New York,956,Broadway,,,,,,,,White
8961,1721,1895,Trows,769.0,Restaurants,Whitney Elias J.,85  4 Ave.,Manhattan,New York,New York,85,4,,,,Ave.,,,,Whitney
8962,1722,1895,Trows,769.0,Restaurants,Whittaker Francis,140  Chrystie St.,Manhattan,New York,New York,140,Chrystie,,,,St.,,,,Whittaker
8963,1723,1895,Trows,769.0,Restaurants,Whitticker Julius,32  Stanton St.,Manhattan,New York,New York,32,Stanton,,,,St.,,,,Whitticker
8964,1724,1895,Trows,769.0,Restaurants,Wiehl & Wildmann,18  Beaver St.,Manhattan,New York,New York,18,Beaver,,,,St.,,,,Wiehl
8965,1725,1895,Trows,769.0,Restaurants,Wiehl & Wildmann,101  Chambers St.,Manhattan,New York,New York,101,Chambers,,,,St.,,,,Wiehl
8966,1726,1895,Trows,769.0,Restaurants,Wieners Henry,26  Bowery St.,Manhattan,New York,New York,26,Bowery,,,,St.,,,,Wieners
8967,1727,1895,Trows,769.0,Restaurants,Wiese Frederick,39  College  Pl.,Manhattan,New York,New York,39,College ,,,,Pl.,,,,Wiese
8968,1728,1895,Trows,769.0,Restaurants,Will Ernst,1432  2 Ave.,Manhattan,New York,New York,1432,2,,,,Ave.,,,,Will
8969,1729,1895,Trows,769.0,Restaurants,Willhoff John,10  Bowery St.,Manhattan,New York,New York,10,Bowery,,,,St.,,,,Willhoff
8970,1730,1895,Trows,769.0,Restaurants,Willhoff John,404  Pearl St.,Manhattan,New York,New York,404,Pearl,,,,St.,,,,Willhoff
8971,1731,1895,Trows,769.0,Restaurants,Williams Albert P.,64 E. 49 St.,Manhattan,New York,New York,64,49,,,E.,St.,,,,Williams
8972,1732,1895,Trows,769.0,Restaurants,Williams Charles ,Depot Pl. c. Sedgwick  Ave.,Manhattan,New York,New York,,Sedgwick ,,,Depot Pl. c.,Ave.,,,,Williams
8973,1733,1895,Trows,769.0,Restaurants,Williams Ellen,110  West St.,Manhattan,New York,New York,110,West,,,,St.,,,,Williams
8974,1734,1895,Trows,769.0,Restaurants,Williams Richard D.,Lenox ave. c. W.  111 St.,Manhattan,New York,New York,,111,,,Lenox ave. c. W. ,St.,,,,Williams
8975,1735,1895,Trows,769.0,Restaurants,Williams Richard D.,St. Nicholas ave. c.  112 St.,Manhattan,New York,New York,,112,,,St. Nicholas ave. c. ,St.,,,,Williams
8976,1736,1895,Trows,769.0,Restaurants,Willis David R.,112  Grand St.,Manhattan,New York,New York,112,Grand,,,,St.,,,,Willis
8977,1737,1895,Trows,769.0,Restaurants,Willmann K.,26  Bond St.,Manhattan,New York,New York,26,Bond,,,,St.,,,,Willmann
8978,1738,1895,Trows,769.0,Restaurants,Wilmot & Ritchie,26  New St.,Manhattan,New York,New York,26,New,,,,St.,,,,Wilmot
8979,1739,1895,Trows,769.0,Restaurants,Wilson Helen,365 W. 23 St.,Manhattan,New York,New York,365,23,,,W.,St.,,,,Wilson
8980,1740,1895,Trows,769.0,Restaurants,Wilson Hiram,168  South St.,Manhattan,New York,New York,168,South,,,,St.,,,,Wilson
8981,1741,1895,Trows,769.0,Restaurants,Wilson Thomas P.,600  Grand St.,Manhattan,New York,New York,600,Grand,,,,St.,,,,Wilson
8982,1742,1895,Trows,769.0,Restaurants,Wilt Isaac Y.,283  8 Ave.,Manhattan,New York,New York,283,8,,,,Ave.,,,,Wilt
8983,1743,1895,Trows,769.0,Restaurants,Wimpfheimer Leopold,103  Bleecker St.,Manhattan,New York,New York,103,Bleecker,,,,St.,,,,Wimpfheimer
8984,1744,1895,Trows,769.0,Restaurants,Wind Peter J.,118  Broad St.,Manhattan,New York,New York,118,Broad,,,,St.,,,,Wind
8985,1745,1895,Trows,769.0,Restaurants,Windisch Charles,165 W. 23 St.,Manhattan,New York,New York,165,23,,,W.,St.,,,,Windisch
8986,1746,1895,Trows,769.0,Restaurants,Wing Sing,3  Doyers St.,Manhattan,New York,New York,3,Doyers,,,,St.,,,,Wing
8987,1747,1895,Trows,769.0,Restaurants,Wingens Ferdinand,959  3 Ave.,Manhattan,New York,New York,959,3,,,,Ave.,,,,Wingens
8988,1748,1895,Trows,769.0,Restaurants,Winkelmann & Meyer,273  Bowery St.,Manhattan,New York,New York,273,Bowery,,,,St.,,,,Winkelmann
8989,1749,1895,Trows,769.0,Restaurants,Winter John H. A.,46  University Pl.,Manhattan,New York,New York,46,University,,,,Pl.,,,,Winter
8990,1750,1895,Trows,769.0,Restaurants,Witte Theresa,458  3 Ave.,Manhattan,New York,New York,458,3,,,,Ave.,,,,Witte
8991,1751,1895,Trows,769.0,Restaurants,Wolf Frederick,1330  1 Ave.,Manhattan,New York,New York,1330,1,,,,Ave.,,,,Wolf
8992,1752,1895,Trows,769.0,Restaurants,Wolf Nathan,84  Spring St.,Manhattan,New York,New York,84,Spring,,,,St.,,,,Wolf
8993,1753,1895,Trows,769.0,Restaurants,Wollenhaupt August,53  Mercer St.,Manhattan,New York,New York,53,Mercer,,,,St.,,,,Wollenhaupt
8994,1754,1895,Trows,769.0,Restaurants,Wolz Peter,32  Debrosses St.,Manhattan,New York,New York,32,Debrosses,,,,St.,,,,Wolz
8995,1755,1895,Trows,769.0,Restaurants,Wolz Peter,138  6 Ave.,Manhattan,New York,New York,138,6,,,,Ave.,,,,Wolz
8996,1756,1895,Trows,769.0,Restaurants,Wolz Philip,270  West St.,Manhattan,New York,New York,270,West,,,,St.,,,,Wolz
8997,1757,1895,Trows,769.0,Restaurants,Wood Peter,474  Grand St.,Manhattan,New York,New York,474,Grand,,,,St.,,,,Wood
8998,1758,1895,Trows,769.0,Restaurants,Wood Richard,261  Broome St.,Manhattan,New York,New York,261,Broome,,,,St.,,,,Wood
8999,1759,1895,Trows,769.0,Restaurants,Woolson John A.,878  8 Ave.,Manhattan,New York,New York,878,8,,,,Ave.,,,,Woolson
9000,1760,1895,Trows,769.0,Restaurants,Worthy Henry J.,803  9 Ave.,Manhattan,New York,New York,803,9,,,,Ave.,,,,Worthy
9001,1761,1895,Trows,769.0,Restaurants,Woska August,1370  Avenue A St.,Manhattan,New York,New York,1370,Avenue A,,,,St.,,,,Woska
9002,1762,1895,Trows,769.0,Restaurants,Wraa Christine ,11  University Pl.,Manhattan,New York,New York,11,University,,,,Pl.,,,,Wraa
9003,1763,1895,Trows,769.0,Restaurants,Wreed Frances W.,201 E. 124 St.,Manhattan,New York,New York,201,124,,,E.,St.,,,,Wreed
9004,1764,1895,Trows,769.0,Restaurants,Wurster Frederick,940  Broadway,Manhattan,New York,New York,940,Broadway,,,,,,,,Wurster
9005,1765,1895,Trows,769.0,Restaurants,Wyant Martha D.,308  Bleecker St.,Manhattan,New York,New York,308,Bleecker,,,,St.,,,,Wyant
9006,1766,1895,Trows,769.0,Restaurants,Yates Robert,20  Fulton Mkt.,Manhattan,New York,New York,20,Fulton,,,,Mkt.,,,,Yates
9007,1767,1895,Trows,769.0,Restaurants,Yohalem George,128  Delancey St.,Manhattan,New York,New York,128,Delancey,,,,St.,,,,Yohalem
9008,1768,1895,Trows,769.0,Restaurants,Young John,832  Washington St.,Manhattan,New York,New York,832,Washington,,,,St.,,,,Young
9009,1769,1895,Trows,769.0,Restaurants,Ynet Loy & Co.,16  Pell St.,Manhattan,New York,New York,16,Pell,,,,St.,,,,Ynet
9010,1770,1895,Trows,769.0,Restaurants,Zahn Henry,7 E. Broadway,Manhattan,New York,New York,7,Broadway,,,E.,,,,,Zahn
9011,1771,1895,Trows,769.0,Restaurants,Zangheri Edward G.,17 E. 22 St.,Manhattan,New York,New York,17,22,,,E.,St.,,,,Zangheri
9012,1772,1895,Trows,769.0,Restaurants,Zantowsky Andrew ,563  3 Ave.,Manhattan,New York,New York,563,3,,,,Ave.,,,,Zantowsky
9013,1773,1895,Trows,769.0,Restaurants,Zastrow Richard,18  Bond St.,Manhattan,New York,New York,18,Bond,,,,St.,,,,Zastrow
9014,1774,1895,Trows,769.0,Restaurants,Zay Rosa,189  2 St.,Manhattan,New York,New York,189,2,,,,St.,,,,Zay
9015,1775,1895,Trows,769.0,Restaurants,Zeitlin Philip,116  Canal St.,Manhattan,New York,New York,116,Canal,,,,St.,,,,Zeitlin
9016,1776,1895,Trows,769.0,Restaurants,Zeltner Theodore,549  Pearl St.,Manhattan,New York,New York,549,Pearl,,,,St.,,,,Zeltner
9017,1777,1895,Trows,769.0,Restaurants,Zelns Joseph,122  William St.,Manhattan,New York,New York,122,William,,,,St.,,,,Zelns
9018,1778,1895,Trows,769.0,Restaurants,Zennegg August,783  10 Ave.,Manhattan,New York,New York,783,10,,,,Ave.,,,,Zennegg
9019,1779,1895,Trows,769.0,Restaurants,Ziegler Henrietta,95  Pearl St.,Manhattan,New York,New York,95,Pearl,,,,St.,,,,Ziegler
9020,1780,1895,Trows,769.0,Restaurants,Ziegler Henrietta,60  Stone St.,Manhattan,New York,New York,60,Stone,,,,St.,,,,Ziegler
9021,1781,1895,Trows,769.0,Restaurants,Ziegler John,19  Varick St.,Manhattan,New York,New York,19,Varick,,,,St.,,,,Ziegler
9022,1782,1895,Trows,769.0,Restaurants,Ziemann Herman,1998  3 Ave.,Manhattan,New York,New York,1998,3,,,,Ave.,,,,Ziemann
9023,1783,1895,Trows,769.0,Restaurants,Zimmerman Solomon,93  Sheriff St.,Manhattan,New York,New York,93,Sheriff,,,,St.,,,,Zimmerman
9024,1784,1895,Trows,769.0,Restaurants,Zimmermann Charles F. & Co.,114  Pearl St.,Manhattan,New York,New York,114,Pearl,,,,St.,,,,Zimmermann
9025,1785,1895,Trows,769.0,Restaurants,Zimmermann Samuel,32  Pearl St.,Manhattan,New York,New York,32,Pearl,,,,St.,,,,Zimmermann
9026,1786,1895,Trows,769.0,Restaurants,Zinz Morris,292 E. Houston St.,Manhattan,New York,New York,292,Houston,,,E.,St.,,,,Zinz
9027,1787,1895,Trows,769.0,Restaurants,Zitrinbaum Morris,75  Ludlow St.,Manhattan,New York,New York,75,Ludlow,,,,St.,,,,Zitrinbaum
9028,1788,1895,Trows,769.0,Restaurants,Zitterstein Frank,38  Stanton St.,Manhattan,New York,New York,38,Stanton,,,,St.,,,,Zitterstein
9029,1789,1895,Trows,769.0,Restaurants,Zoll Adolph,168 E. Houston St.,Manhattan,New York,New York,168,Houston,,,E.,St.,,,,Zoll
9030,1790,1895,Trows,769.0,Restaurants,Zuschlag Sebastian,6  2 Ave.,Manhattan,New York,New York,6,2,,,,Ave.,,,,Zuschlag
9031,1791,1895,Trows,769.0,Restaurants,Zweig & Suesskind,529  Broadway,Manhattan,New York,New York,529,Broadway,,,,,,,,Zweig
9032,1792,1895,Trows,769.0,Restaurants,Zweig & Suesskind,2  Bond St.,Manhattan,New York,New York,2,Bond,,,,St.,,,,Zweig
9034,1,1910,Trow,826.0,Restaurants,A Modern Dining Room,41 W. 21 St.  ,Manhattan,New York,New York,41,W.,21,St.,,,41 W. 21 St.  ,,,A
9035,2,1910,Trow,826.0,Restaurants,Aaronowitz Jacob,174 Allen St.   ,Manhattan,New York,New York,174,Allen,St.,,,,174 Allen St.   ,,,Aaronowitz
9036,3,1910,Trow,826.0,Restaurants,Aarons Aaron,68 Spring St.   ,Manhattan,New York,New York,68,Spring,St.,,,,68 Spring St.   ,,,Aarons
9037,4,1910,Trow,826.0,Restaurants,Abbaye Co,110 W 39 St.  ,Manhattan,New York,New York,110,W,39,St.,,,110 W 39 St.  ,,,Abbaye
9038,5,1910,Trow,826.0,Restaurants,Abbondi August,208 W. 34 St  ,Manhattan,New York,New York,208,W.,34,St,,,208 W. 34 St  ,,,Abbondi
9039,6,1910,Trow,826.0,Restaurants,Abbott Oscar B,2848 Broadway    ,Manhattan,New York,New York,2848,Broadway,,,,,2848 Broadway    ,,,Abbott
9040,7,1910,Trow,826.0,Restaurants,Abbott & Co,2726 Broadway    ,Manhattan,New York,New York,2726,Broadway,,,,,2726 Broadway    ,,,Abbott
9041,8,1910,Trow,826.0,Restaurants,Abboud Joseph,96 Washington St.   ,Manhattan,New York,New York,96,Washington,St.,,,,96 Washington St.   ,,,Abboud
9042,9,1910,Trow,826.0,Restaurants,Abend Nathan,40 Rivington St.   ,Manhattan,New York,New York,40,Rivington,St.,,,,40 Rivington St.   ,,,Abend
9043,10,1910,Trow,826.0,Restaurants,Aberman Samuel,110 Greenwich St.   ,Manhattan,New York,New York,110,Greenwich,St.,,,,110 Greenwich St.   ,,,Aberman
9044,11,1910,Trow,826.0,Restaurants,Abramowitz Celia & Jacob,259 Madison St.   ,Manhattan,New York,New York,259,Madison,St.,,,,259 Madison St.   ,,,Abramowitz
9045,12,1910,Trow,826.0,Restaurants,Abrams Harry, W 130 St.  ,Manhattan,New York,New York,,W,130,St.,,, W 130 St.  ,,,Abrams
9046,13,1910,Trow,826.0,Restaurants,Abramson Joseph,246 E Broadway   ,Manhattan,New York,New York,246,E,Broadway,,,,246 E Broadway   ,,,Abramson
9047,14,1910,Trow,826.0,Restaurants,Achard Williams,1561 Lexington Ave   ,Manhattan,New York,New York,1561,Lexington,Ave,,,,1561 Lexington Ave   ,,,Achard
9048,15,1910,Trow,826.0,Restaurants,Achorn Horatioa E.,218 W 96 St.  ,Manhattan,New York,New York,218,W,96,St.,,,218 W 96 St.  ,,,Achorn
9049,16,1910,Trow,826.0,Restaurants,Acouropulos Stavros,684 6 Ave   ,Manhattan,New York,New York,684,6,Ave,,,,684 6 Ave   ,,,Acouropulos
9050,17,1910,Trow,826.0,Restaurants,Adams Eugene,3200 Broadway    ,Manhattan,New York,New York,3200,Broadway,,,,,3200 Broadway    ,,,Adams
9051,18,1910,Trow,826.0,Restaurants,Adams George & Ernest,201 6 Ave   ,Manhattan,New York,New York,201,6,Ave,,,,201 6 Ave   ,,,Adams
9052,19,1910,Trow,826.0,Restaurants,Adams William ,351 W 59 St.  ,Manhattan,New York,New York,351,W,59,St.,,,351 W 59 St.  ,,,Adams
9053,20,1910,Trow,826.0,Restaurants,Adams & Hynes,8 W Broadway   ,Manhattan,New York,New York,8,W,Broadway,,,,8 W Broadway   ,,,Adams
9054,21,1910,Trow,826.0,Restaurants,Adams & Hynes,223 Greenwich St.   ,Manhattan,New York,New York,223,Greenwich,St.,,,,223 Greenwich St.   ,,,Adams
9055,22,1910,Trow,826.0,Restaurants,Addieg Frank & Co,26 W 18 St.  ,Manhattan,New York,New York,26,W,18,St.,,,26 W 18 St.  ,,,Addieg
9056,23,1910,Trow,826.0,Restaurants,Adler David,9 W 3 St.  ,Manhattan,New York,New York,9,W,3,St.,,,9 W 3 St.  ,,,Adler
9057,24,1910,Trow,826.0,Restaurants,Agguia Henry,116 W 64 St.  ,Manhattan,New York,New York,116,W,64,St.,,,116 W 64 St.  ,,,Agguia
9058,25,1910,Trow,826.0,Restaurants,Alabama Restaurant Co,1 Madison Ave   ,Manhattan,New York,New York,1,Madison,Ave,,,,1 Madison Ave   ,,,Alabama
9059,26,1910,Trow,826.0,Restaurants,Albano Gaetano,138 Sullivan St.   ,Manhattan,New York,New York,138,Sullivan,St.,,,,138 Sullivan St.   ,,,Albano
9060,27,1910,Trow,826.0,Restaurants,Albert Samuel,97 Wooster St.   ,Manhattan,New York,New York,97,Wooster,St.,,,,97 Wooster St.   ,,,Albert
9061,28,1910,Trow,826.0,Restaurants,Alberti & Pavese,98 Macdougal St.   ,Manhattan,New York,New York,98,Macdougal,St.,,,,98 Macdougal St.   ,,,Alberti
9062,29,1910,Trow,826.0,Restaurants,Albrecht Brothers,61 Park  Pl   ,Manhattan,New York,New York,61,Park ,Pl,,,,61 Park  Pl   ,,,Albrecht
9063,30,1910,Trow,826.0,Restaurants,Alexander Basil,34 Madison St.   ,Manhattan,New York,New York,34,Madison,St.,,,,34 Madison St.   ,,,Alexander
9064,31,1910,Trow,826.0,Restaurants,Alexander Herman,20 E 116 St.  ,Manhattan,New York,New York,20,E,116,St.,,,20 E 116 St.  ,,,Alexander
9065,32,1910,Trow,826.0,Restaurants,Alexander Ignatz,825 Broadway    ,Manhattan,New York,New York,825,Broadway,,,,,825 Broadway    ,,,Alexander
9066,33,1910,Trow,826.0,Restaurants,Algronati Samuel,182 Chrystie St.   ,Manhattan,New York,New York,182,Chrystie,St.,,,,182 Chrystie St.   ,,,Algronati
9067,34,1910,Trow,826.0,Restaurants,Allaire William & Sons,192 3 Ave   ,Manhattan,New York,New York,192,3,Ave,,,,192 3 Ave   ,,,Allaire
9068,35,1910,Trow,826.0,Restaurants,Allen Patrick J.,1278 3 Ave   ,Manhattan,New York,New York,1278,3,Ave,,,,1278 3 Ave   ,,,Allen
9069,36,1910,Trow,826.0,Restaurants,Alleva Ernesto,55 Spring St.   ,Manhattan,New York,New York,55,Spring,St.,,,,55 Spring St.   ,,,Alleva
9070,37,1910,Trow,826.0,Restaurants,Alloway George L.,619 2 Ave   ,Manhattan,New York,New York,619,2,Ave,,,,619 2 Ave   ,,,Alloway
9071,38,1910,Trow,826.0,Restaurants,Alperin Louis,351 West St.   ,Manhattan,New York,New York,351,West,St.,,,,351 West St.   ,,,Alperin
9072,39,1910,Trow,826.0,Restaurants,Alperstein & Ratzkin,5 Catharine St.   ,Manhattan,New York,New York,5,Catharine,St.,,,,5 Catharine St.   ,,,Alperstein
9073,40,1910,Trow,826.0,Restaurants,Alps Co,1022 6 Ave   ,Manhattan,New York,New York,1022,6,Ave,,,,1022 6 Ave   ,,,Alps
9074,41,1910,Trow,826.0,Restaurants,Als Jacob,40 W 4 St.  ,Manhattan,New York,New York,40,W,4,St.,,,40 W 4 St.  ,,,Als
9075,42,1910,Trow,826.0,Restaurants,Ambos Joseph,61 Crosby St.   ,Manhattan,New York,New York,61,Crosby,St.,,,,61 Crosby St.   ,,,Ambos
9076,43,1910,Trow,826.0,Restaurants,Am Lunch,650 8 Ave   ,Manhattan,New York,New York,650,8,Ave,,,,650 8 Ave   ,,,Am
9077,44,1910,Trow,826.0,Restaurants,Amici Dominico,58 James St.   ,Manhattan,New York,New York,58,James,St.,,,,58 James St.   ,,,Amici
9078,45,1910,Trow,826.0,Restaurants,Amron Jacob,33 W 33 St.  ,Manhattan,New York,New York,33,W,33,St.,,,33 W 33 St.  ,,,Amron
9079,46,1910,Trow,826.0,Restaurants,Amsterdam Dairy Lunch,32 Amsterdamn Ave   ,Manhattan,New York,New York,32,Amsterdamn,Ave,,,,32 Amsterdamn Ave   ,,,Amsterdam
9080,47,1910,Trow,826.0,Restaurants,Anargyros Peter,691 6 Ave   ,Manhattan,New York,New York,691,6,Ave,,,,691 6 Ave   ,,,Anargyros
9081,48,1910,Trow,826.0,Restaurants,Andersen Thorvald,62 New St.   ,Manhattan,New York,New York,62,New,St.,,,,62 New St.   ,,,Andersen
9082,49,1910,Trow,826.0,Restaurants,Anderson Andrew,46 W 29 St.  ,Manhattan,New York,New York,46,W,29,St.,,,46 W 29 St.  ,,,Anderson
9083,50,1910,Trow,826.0,Restaurants,Anderson James R,86 Gansevoort St.   ,Manhattan,New York,New York,86,Gansevoort,St.,,,,86 Gansevoort St.   ,,,Anderson
9084,51,1910,Trow,826.0,Restaurants,Andrikos James,30 Madison St.   ,Manhattan,New York,New York,30,Madison,St.,,,,30 Madison St.   ,,,Andrikos
9085,52,1910,Trow,826.0,Restaurants,Angelos & Williams,612 9 Ave   ,Manhattan,New York,New York,612,9,Ave,,,,612 9 Ave   ,,,Angelos
9086,53,1910,Trow,826.0,Restaurants,Anker Joseph,766 3 Ave   ,Manhattan,New York,New York,766,3,Ave,,,,766 3 Ave   ,,,Anker
9087,54,1910,Trow,826.0,Restaurants,Antonasio Pasquale,4 James  sl   ,Manhattan,New York,New York,4,James ,sl,,,,4 James  sl   ,,,Antonasio
9088,55,1910,Trow,826.0,Restaurants,Antoniadis A. & L. Nicolaov,103 W 28 St.  ,Manhattan,New York,New York,103,W,28,St.,,,103 W 28 St.  ,,,Antoniadis
9089,56,1910,Trow,826.0,Restaurants,Anzalone Joseph,94 Sullivan St.   ,Manhattan,New York,New York,94,Sullivan,St.,,,,94 Sullivan St.   ,,,Anzalone
9090,57,1910,Trow,826.0,Restaurants,Apel August,129 Spring St.   ,Manhattan,New York,New York,129,Spring,St.,,,,129 Spring St.   ,,,Apel
9091,58,1910,Trow,826.0,Restaurants,Apfelberg Morris,208 Allen St.   ,Manhattan,New York,New York,208,Allen,St.,,,,208 Allen St.   ,,,Apfelberg
9092,59,1910,Trow,826.0,Restaurants,Apistor Joseph,105 2 Ave   ,Manhattan,New York,New York,105,2,Ave,,,,105 2 Ave   ,,,Apistor
9093,60,1910,Trow,826.0,Restaurants,Apler & Bomwell,63 E 11 St.  ,Manhattan,New York,New York,63,E,11,St.,,,63 E 11 St.  ,,,Apler
9094,61,1910,Trow,826.0,Restaurants,Apostolopoulos John,52 W 29 St.  ,Manhattan,New York,New York,52,W,29,St.,,,52 W 29 St.  ,,,Apostolopoulos
9095,62,1910,Trow,826.0,Restaurants,Appel Joseph,70 Forsyth St.   ,Manhattan,New York,New York,70,Forsyth,St.,,,,70 Forsyth St.   ,,,Appel
9096,63,1910,Trow,826.0,Restaurants,Applebaum Harry,255 Rivington St.   ,Manhattan,New York,New York,255,Rivington,St.,,,,255 Rivington St.   ,,,Applebaum
9097,64,1910,Trow,826.0,Restaurants,Aranowitz & Marcus,58 E 10 St.  ,Manhattan,New York,New York,58,E,10,St.,,,58 E 10 St.  ,,,Aranowitz
9098,65,1910,Trow,826.0,Restaurants,Arendt Arthur P.,238 Avenue A    ,Manhattan,New York,New York,238,Avenue A,,,,,238 Avenue A    ,,,Arendt
9099,66,1910,Trow,826.0,Restaurants,Arganas Theodore,992 Columbus Ave   ,Manhattan,New York,New York,992,Columbus,Ave,,,,992 Columbus Ave   ,,,Arganas
9100,67,1910,Trow,826.0,Restaurants,Argyros & Vorreas,50 E 59 St.  ,Manhattan,New York,New York,50,E,59,St.,,,50 E 59 St.  ,,,Argyros
9101,68,1910,Trow,826.0,Restaurants,Argyros & Vorreas,452 7 Ave   ,Manhattan,New York,New York,452,7,Ave,,,,452 7 Ave   ,,,Argyros
9102,69,1910,Trow,826.0,Restaurants,Argianas Thero,992 Columbus  Ave   ,Manhattan,New York,New York,992,Columbus ,Ave,,,,992 Columbus  Ave   ,,,Argianas
9103,70,1910,Trow,826.0,Restaurants,Arndt Edward,2471 3 Ave   ,Manhattan,New York,New York,2471,3,Ave,,,,2471 3 Ave   ,,,Arndt
9104,71,1910,Trow,826.0,Restaurants,Arnold Herman,212 Avenue B    ,Manhattan,New York,New York,212,Avenue B,,,,,212 Avenue B    ,,,Arnold
9105,72,1910,Trow,826.0,Restaurants,Artnold Morris,161 Lafayette St.   ,Manhattan,New York,New York,161,Lafayette,St.,,,,161 Lafayette St.   ,,,Artnold
9106,73,1910,Trow,826.0,Restaurants,Arnold Oscar,103 Rivington St.   ,Manhattan,New York,New York,103,Rivington,St.,,,,103 Rivington St.   ,,,Arnold
9107,74,1910,Trow,826.0,Restaurants,Arnold William J. ,110 Manhattan St.   ,Manhattan,New York,New York,110,Manhattan,St.,,,,110 Manhattan St.   ,,,Arnold
9108,75,1910,Trow,826.0,Restaurants,Aronowitz Abraham,22 Maiden  La   ,Manhattan,New York,New York,22,Maiden ,La,,,,22 Maiden  La   ,,,Aronowitz
9109,76,1910,Trow,826.0,Restaurants,Aronowitz Samuel,90 John St.   ,Manhattan,New York,New York,90,John,St.,,,,90 John St.   ,,,Aronowitz
9110,77,1910,Trow,826.0,Restaurants,Arricale John,237 Lafayette St.   ,Manhattan,New York,New York,237,Lafayette,St.,,,,237 Lafayette St.   ,,,Arricale
9111,78,1910,Trow,826.0,Restaurants,Arverne Lunch,127 Lenox Ave   ,Manhattan,New York,New York,127,Lenox,Ave,,,,127 Lenox Ave   ,,,Arverne
9112,79,1910,Trow,826.0,Restaurants,Asch Joseph,254 Madison St.   ,Manhattan,New York,New York,254,Madison,St.,,,,254 Madison St.   ,,,Asch
9113,80,1910,Trow,826.0,Restaurants,Asso Frank,307 E 104 St.  ,Manhattan,New York,New York,307,E,104,St.,,,307 E 104 St.  ,,,Asso
9114,81,1910,Trow,826.0,Restaurants,At the Sign of the Green Tea Pot,31 W 33 St.  ,Manhattan,New York,New York,31,W,33,St.,,,31 W 33 St.  ,,,At
9115,82,1910,Trow,826.0,Restaurants,Athas Gustavas,27 Lexington Ave   ,Manhattan,New York,New York,27,Lexington,Ave,,,,27 Lexington Ave   ,,,Athas
9116,83,1910,Trow,826.0,Restaurants,Atkinson James J. ,117 W 58 St.  ,Manhattan,New York,New York,117,W,58,St.,,,117 W 58 St.  ,,,Atkinson
9117,84,1910,Trow,826.0,Restaurants,Atsalis Brothers ,146 Amsterdam Ave   ,Manhattan,New York,New York,146,Amsterdam,Ave,,,,146 Amsterdam Ave   ,,,Atsalis
9118,85,1910,Trow,826.0,Restaurants,Audubon Lunch,558 W 181 St.  ,Manhattan,New York,New York,558,W,181,St.,,,558 W 181 St.  ,,,Audubon
9119,86,1910,Trow,826.0,Restaurants,Auerbach Samuel,163 Canal St.   ,Manhattan,New York,New York,163,Canal,St.,,,,163 Canal St.   ,,,Auerbach
9120,87,1910,Trow,826.0,Restaurants,Auster Israel,71 Pike St.   ,Manhattan,New York,New York,71,Pike,St.,,,,71 Pike St.   ,,,Auster
9121,88,1910,Trow,826.0,Restaurants,Auto Dairy Lunch,33 Columbus St.   ,Manhattan,New York,New York,33,Columbus,St.,,,,33 Columbus St.   ,,,Auto
9122,89,1910,Trow,826.0,Restaurants,Avazian S.,457 W 40 St.  ,Manhattan,New York,New York,457,W,40,St.,,,457 W 40 St.  ,,,Avazian
9123,90,1910,Trow,826.0,Restaurants,Axelrod Louis,23 W 100 St.  ,Manhattan,New York,New York,23,W,100,St.,,,23 W 100 St.  ,,,Axelrod
9124,91,1910,Trow,826.0,Restaurants,Aymo Louis & Tony Barattia,21 Broadway    ,Manhattan,New York,New York,21,Broadway,,,,,21 Broadway    ,,,Aymo
9125,92,1910,Trow,826.0,Restaurants,Babell Victor,545 W 145 St.  ,Manhattan,New York,New York,545,W,145,St.,,,545 W 145 St.  ,,,Babell
9126,93,1910,Trow,826.0,Restaurants,Baborsky Anton,1380 1 Ave   ,Manhattan,New York,New York,1380,1,Ave,,,,1380 1 Ave   ,,,Baborsky
9127,94,1910,Trow,826.0,Restaurants,Bach August ,137 Washington St.   ,Manhattan,New York,New York,137,Washington,St.,,,,137 Washington St.   ,,,Bach
9128,95,1910,Trow,826.0,Restaurants,Backes Grace E. ,2507 Webster  Ave   ,Manhattan,New York,New York,2507,Webster ,Ave,,,,2507 Webster  Ave   ,,,Backes
9129,96,1910,Trow,826.0,Restaurants,Bagarozzo Anthony,8 Sullivan St.   ,Manhattan,New York,New York,8,Sullivan,St.,,,,8 Sullivan St.   ,,,Bagarozzo
9130,97,1910,Trow,826.0,Restaurants,Bailey Frank L,148 3 Ave   ,Manhattan,New York,New York,148,3,Ave,,,,148 3 Ave   ,,,Bailey
9131,98,1910,Trow,826.0,Restaurants,Bain Leon,36 W 17 St.  ,Manhattan,New York,New York,36,W,17,St.,,,36 W 17 St.  ,,,Bain
9132,99,1910,Trow,826.0,Restaurants,Bajolo Joseph,200 W 63 St.  ,Manhattan,New York,New York,200,W,63,St.,,,200 W 63 St.  ,,,Bajolo
9133,100,1910,Trow,826.0,Restaurants,Bakal & Medelovitz,1762 3 Ave   ,Manhattan,New York,New York,1762,3,Ave,,,,1762 3 Ave   ,,,Bakal
9134,101,1910,Trow,826.0,Restaurants,Baker Albert,360 Hudson St.   ,Manhattan,New York,New York,360,Hudson,St.,,,,360 Hudson St.   ,,,Baker
9135,102,1910,Trow,826.0,Restaurants,Baksthansky Louis ,9 Pelham St.   ,Manhattan,New York,New York,9,Pelham,St.,,,,9 Pelham St.   ,,,Baksthansky
9136,103,1910,Trow,826.0,Restaurants,Balbi Assunta,181 Thompson St.   ,Manhattan,New York,New York,181,Thompson,St.,,,,181 Thompson St.   ,,,Balbi
9137,104,1910,Trow,826.0,Restaurants,Balcone Angelo & Co,185.5 Hester St.   ,Manhattan,New York,New York,185.5,Hester,St.,,,,185 Hester St.   ,,,Balcone
9138,105,1910,Trow,826.0,Restaurants,Ballos George,3120 Broadway    ,Manhattan,New York,New York,3120,Broadway,,,,,3120 Broadway    ,,,Ballos
9139,106,1910,Trow,826.0,Restaurants,Balogh Alexander,102 2 Ave   ,Manhattan,New York,New York,102,2,Ave,,,,102 2 Ave   ,,,Balogh
9140,107,1910,Trow,826.0,Restaurants,Baltimore Dairy Lunch,3 Beekman St.   ,Manhattan,New York,New York,3,Beekman,St.,,,,3 Beekman St.   ,,,Baltimore
9141,108,1910,Trow,826.0,Restaurants,Baltimore Dairy Lunch,521 Broadway    ,Manhattan,New York,New York,521,Broadway,,,,,521 Broadway    ,,,Baltimore
9142,109,1910,Trow,826.0,Restaurants,Baltimore Dairy Lunch,749 Broadway    ,Manhattan,New York,New York,749,Broadway,,,,,749 Broadway    ,,,Baltimore
9143,110,1910,Trow,826.0,Restaurants,Baltimore Dairy Lunch,32 E 23 St.  ,Manhattan,New York,New York,32,E,23,St.,,,32 E 23 St.  ,,,Baltimore
9144,111,1910,Trow,826.0,Restaurants,Baltimore Dairy Lunch,199 E 58 St.  ,Manhattan,New York,New York,199,E,58,St.,,,199 E 58 St.  ,,,Baltimore
9145,112,1910,Trow,826.0,Restaurants,Baltimore Dairy Lunch,51 E 59 St.  ,Manhattan,New York,New York,51,E,59,St.,,,51 E 59 St.  ,,,Baltimore
9146,113,1910,Trow,826.0,Restaurants,Baltimore Dairy Lunch,107 E 125 St.  ,Manhattan,New York,New York,107,E,125,St.,,,107 E 125 St.  ,,,Baltimore
9147,114,1910,Trow,826.0,Restaurants,Baltimore Dairy Lunch,50 W 34 St.  ,Manhattan,New York,New York,50,W,34,St.,,,50 W 34 St.  ,,,Baltimore
9148,115,1910,Trow,826.0,Restaurants,Baltimore Dairy Lunch,259 W 116 St.  ,Manhattan,New York,New York,259,W,116,St.,,,259 W 116 St.  ,,,Baltimore
9149,116,1910,Trow,826.0,Restaurants,Baltimore Dairy Lunch,145 W 125 St.  ,Manhattan,New York,New York,145,W,125,St.,,,145 W 125 St.  ,,,Baltimore
9150,117,1910,Trow,826.0,Restaurants,Balz Louis,795 7 Ave   ,Manhattan,New York,New York,795,7,Ave,,,,795 7 Ave   ,,,Balz
9151,118,1910,Trow,826.0,Restaurants,Bancel Fernand A.,1140 3 Ave   ,Manhattan,New York,New York,1140,3,Ave,,,,1140 3 Ave   ,,,Bancel
9152,119,1910,Trow,826.0,Restaurants,Baracca V.,29 Stone St.   ,Manhattan,New York,New York,29,Stone,St.,,,,29 Stone St.   ,,,Baracca
9153,120,1910,Trow,826.0,Restaurants,Baraldi & Bollardi,108 W 26 St.  ,Manhattan,New York,New York,108,W,26,St.,,,108 W 26 St.  ,,,Baraldi
9154,121,1910,Trow,826.0,Restaurants,Bardusch Jacob,271 7 Ave   ,Manhattan,New York,New York,271,7,Ave,,,,271 7 Ave   ,,,Bardusch
9155,122,1910,Trow,826.0,Restaurants,Barghoat & Abau Adal,77 Washington St.   ,Manhattan,New York,New York,77,Washington,St.,,,,77 Washington St.   ,,,Barghoat
9156,123,1910,Trow,826.0,Restaurants,Barkowski Richard,109 Mercer St.   ,Manhattan,New York,New York,109,Mercer,St.,,,,109 Mercer St.   ,,,Barkowski
9157,124,1910,Trow,826.0,Restaurants,Baron Isaac,778 2 Ave   ,Manhattan,New York,New York,778,2,Ave,,,,778 2 Ave   ,,,Baron
9158,125,1910,Trow,826.0,Restaurants,Baroni Attilio,104 W 43 St.  ,Manhattan,New York,New York,104,W,43,St.,,,104 W 43 St.  ,,,Baroni
9159,126,1910,Trow,826.0,Restaurants,Baroth Arthur ,128 W 19 St.  ,Manhattan,New York,New York,128,W,19,St.,,,128 W 19 St.  ,,,Baroth
9160,127,1910,Trow,826.0,Restaurants,Barral John,324 Spring St.   ,Manhattan,New York,New York,324,Spring,St.,,,,324 Spring St.   ,,,Barral
9161,128,1910,Trow,826.0,Restaurants,Barshay Brothers,203 Division St.   ,Manhattan,New York,New York,203,Division,St.,,,,203 Division St.   ,,,Barshay
9162,129,1910,Trow,826.0,Restaurants,Barsy Joseph,1556 2 Ave   ,Manhattan,New York,New York,1556,2,Ave,,,,1556 2 Ave   ,,,Barsy
9163,130,1910,Trow,826.0,Restaurants,Barth Joseph,34 W 27 v  ,Manhattan,New York,New York,34,W,27,v,,,34 W 27 v  ,,,Barth
9164,131,1910,Trow,826.0,Restaurants,Basch Rudolph,409 4 Ave   ,Manhattan,New York,New York,409,4,Ave,,,,409 4 Ave   ,,,Basch
9165,132,1910,Trow,826.0,Restaurants,Basescu Herman,2216 Broadway    ,Manhattan,New York,New York,2216,Broadway,,,,,2216 Broadway    ,,,Basescu
9166,133,1910,Trow,826.0,Restaurants,Baskin Max,434 Broome St.   ,Manhattan,New York,New York,434,Broome,St.,,,,434 Broome St.   ,,,Baskin
9167,134,1910,Trow,826.0,Restaurants,Bass & Levine,2326 3 Ave   ,Manhattan,New York,New York,2326,3,Ave,,,,2326 3 Ave   ,,,Bass
9168,135,1910,Trow,826.0,Restaurants,Batchelder Ivers,249 8 Ave   ,Manhattan,New York,New York,249,8,Ave,,,,249 8 Ave   ,,,Batchelder
9169,136,1910,Trow,826.0,Restaurants,Batchelder Ivers,253 8 Ave   ,Manhattan,New York,New York,253,8,Ave,,,,253 8 Ave   ,,,Batchelder
9170,137,1910,Trow,826.0,Restaurants,Batistato & Vinieratos,476 6 Ave   ,Manhattan,New York,New York,476,6,Ave,,,,476 6 Ave   ,,,Batistato
9171,138,1910,Trow,826.0,Restaurants,Bauer Adolph,1023 3 Ave   ,Manhattan,New York,New York,1023,3,Ave,,,,1023 3 Ave   ,,,Bauer
9172,139,1910,Trow,826.0,Restaurants,Bauer Jacob,2451 7 Ave   ,Manhattan,New York,New York,2451,7,Ave,,,,2451 7 Ave   ,,,Bauer
9173,140,1910,Trow,826.0,Restaurants,Bauer Leonhard,2360 3 Ave   ,Manhattan,New York,New York,2360,3,Ave,,,,2360 3 Ave   ,,,Bauer
9174,141,1910,Trow,826.0,Restaurants,Bauer Louis,2310 3 Ave   ,Manhattan,New York,New York,2310,3,Ave,,,,2310 3 Ave   ,,,Bauer
9175,142,1910,Trow,826.0,Restaurants,Baum Abraham,170 Delancey St.   ,Manhattan,New York,New York,170,Delancey,St.,,,,170 Delancey St.   ,,,Baum
9176,143,1910,Trow,826.0,Restaurants,Baum Brothers,51 W 19 St.  ,Manhattan,New York,New York,51,W,19,St.,,,51 W 19 St.  ,,,Baum
9177,144,1910,Trow,826.0,Restaurants,Baur Joseph,210 E 14 St.  ,Manhattan,New York,New York,210,E,14,St.,,,210 E 14 St.  ,,,Baur
9178,145,1910,Trow,826.0,Restaurants,Bauscher Carl,477 Canal St.   ,Manhattan,New York,New York,477,Canal,St.,,,,477 Canal St.   ,,,Bauscher
9179,146,1910,Trow,826.0,Restaurants,Bavaro Frank,69 Park St.   ,Manhattan,New York,New York,69,Park,St.,,,,69 Park St.   ,,,Bavaro
9180,147,1910,Trow,826.0,Restaurants,Bayer Joseph,2303 8 Ave   ,Manhattan,New York,New York,2303,8,Ave,,,,2303 8 Ave   ,,,Bayer
9181,148,1910,Trow,826.0,Restaurants,Beattie James P.,c 9 Ave & W 215,Manhattan,New York,New York,c,9,Ave,&,,,c 9 Ave & W 215,W,215,Beattie
9182,149,1910,Trow,826.0,Restaurants,Becht Louis,85 4 Ave   ,Manhattan,New York,New York,85,4,Ave,,,,85 4 Ave   ,,,Becht
9183,150,1910,Trow,826.0,Restaurants,Becker Abraham,225 Monroe St.   ,Manhattan,New York,New York,225,Monroe,St.,,,,225 Monroe St.   ,,,Becker
9184,151,1910,Trow,826.0,Restaurants,Becker Max,43 Broad St.   ,Manhattan,New York,New York,43,Broad,St.,,,,43 Broad St.   ,,,Becker
9185,152,1910,Trow,826.0,Restaurants,Becker C. & C. Sarinsky,31 Gourverneur St.   ,Manhattan,New York,New York,31,Gourverneur,St.,,,,31 Gourverneur St.   ,,,Becker
9186,153,1910,Trow,826.0,Chinese Restaurant,Beem Nom Low,480 6 Ave   ,Manhattan,New York,New York,480,6,Ave,,,,480 6 Ave   ,,,Beem
9187,154,1910,Trow,826.0,Restaurant,Begun Augusta,46 Henry St.   ,Manhattan,New York,New York,46,Henry,St.,,,,46 Henry St.   ,,,Begun
9188,155,1910,Trow,826.0,Restaurant,Beirstein Abraham,114 4 Ave   ,Manhattan,New York,New York,114,4,Ave,,,,114 4 Ave   ,,,Beirstein
9189,156,1910,Trow,826.0,Restaurant,Bekenstein Max ,185 Clinton St.   ,Manhattan,New York,New York,185,Clinton,St.,,,,185 Clinton St.   ,,,Bekenstein
9190,157,1910,Trow,826.0,Restaurant,Belitsky Harris,218 E Broadway   ,Manhattan,New York,New York,218,E,Broadway,,,,218 E Broadway   ,,,Belitsky
9191,158,1910,Trow,826.0,Restaurant,Bell David,2531 3 Ave   ,Manhattan,New York,New York,2531,3,Ave,,,,2531 3 Ave   ,,,Bell
9192,159,1910,Trow,826.0,Restaurant,Belmonte T. & V. Loscalzo,392 E 12 St.  ,Manhattan,New York,New York,392,E,12,St.,,,392 E 12 St.  ,,,Belmonte
9193,160,1910,Trow,826.0,Restaurant,Belmore Dairy Lunch,476 6 Ave   ,Manhattan,New York,New York,476,6,Ave,,,,476 6 Ave   ,,,Belmore
9194,161,1910,Trow,826.0,Restaurant,Belmore Dairy Lunch,113 W 23 St.  ,Manhattan,New York,New York,113,W,23,St.,,,113 W 23 St.  ,,,Belmore
9195,162,1910,Trow,826.0,Restaurant,Belnord Restaurant Co. ,573 Amsterdam Ave   ,Manhattan,New York,New York,573,Amsterdam,Ave,,,,573 Amsterdam Ave   ,,,Belnord
9196,163,1910,Trow,826.0,Restaurant,Bender Henry,14 1 Ave   ,Manhattan,New York,New York,14,1,Ave,,,,14 1 Ave   ,,,Bender
9197,164,1910,Trow,826.0,Restaurant,Bendet Louis,1986 2 Ave   ,Manhattan,New York,New York,1986,2,Ave,,,,1986 2 Ave   ,,,Bendet
9198,165,1910,Trow,826.0,Restaurant,Benenson David,8 W 116 St.  ,Manhattan,New York,New York,8,W,116,St.,,,8 W 116 St.  ,,,Benenson
9199,166,1910,Trow,826.0,Restaurant,Benenson Peretz,57 Orchard St.   ,Manhattan,New York,New York,57,Orchard,St.,,,,57 Orchard St.   ,,,Benenson
9200,167,1910,Trow,826.0,Restaurant,Bengough John T,154.5 Christopher St.   ,Manhattan,New York,New York,154.5,Christopher,St.,,,,154 Christopher St.   ,,,Bengough
9201,168,1910,Trow,826.0,Restaurant,Bercowitz Hyman,193 Eldridge St.   ,Manhattan,New York,New York,193,Eldridge,St.,,,,193 Eldridge St.   ,,,Bercowitz
9202,169,1910,Trow,826.0,Restaurant,Bercowitz Morris,171 Forsyth St.   ,Manhattan,New York,New York,171,Forsyth,St.,,,,171 Forsyth St.   ,,,Bercowitz
9203,170,1910,Trow,826.0,Restaurant,Berger George ,298 Cherry St.   ,Manhattan,New York,New York,298,Cherry,St.,,,,298 Cherry St.   ,,,Berger
9204,171,1910,Trow,826.0,Restaurant,Berger Ignatius,698 2 Ave   ,Manhattan,New York,New York,698,2,Ave,,,,698 2 Ave   ,,,Berger
9205,172,1910,Trow,826.0,Restaurant,Berger Julius,112 Cedar St.   ,Manhattan,New York,New York,112,Cedar,St.,,,,112 Cedar St.   ,,,Berger
9206,173,1910,Trow,826.0,Restaurant,Bergin Michael J.,35 Cooper Square     ,Manhattan,New York,New York,35,Cooper Square ,,,,,35 Cooper Square     ,,,Bergin
9207,174,1910,Trow,826.0,Restaurant,Bergman Ethel,159 Prince St.   ,Manhattan,New York,New York,159,Prince,St.,,,,159 Prince St.   ,,,Bergman
9208,175,1910,Trow,826.0,Restaurant,Bergman William,404 West St.   ,Manhattan,New York,New York,404,West,St.,,,,404 West St.   ,,,Bergman
9209,176,1910,Trow,826.0,Restaurant,Bergmann Carl,45 Liberty St.   ,Manhattan,New York,New York,45,Liberty,St.,,,,45 Liberty St.   ,,,Bergmann
9210,177,1910,Trow,826.0,Restaurant,Bergmann Martin,481 Broadway St.   ,Manhattan,New York,New York,481,Broadway,St.,,,,481 Broadway St.   ,,,Bergmann
9211,178,1910,Trow,826.0,Restaurant,Berian Alexander ,693 1 Ave   ,Manhattan,New York,New York,693,1,Ave,,,,693 1 Ave   ,,,Berian
9212,179,1910,Trow,826.0,Restaurant,Berkowitz Abraham,162 Pearl St.   ,Manhattan,New York,New York,162,Pearl,St.,,,,162 Pearl St.   ,,,Berkowitz
9213,180,1910,Trow,826.0,Restaurant,Berkowitz Anna,150 Clinton St.   ,Manhattan,New York,New York,150,Clinton,St.,,,,150 Clinton St.   ,,,Berkowitz
9214,181,1910,Trow,826.0,Restaurant,Berkowitz Jacob,50 Hudson St.   ,Manhattan,New York,New York,50,Hudson,St.,,,,50 Hudson St.   ,,,Berkowitz
9215,182,1910,Trow,826.0,Restaurant,Berkowitz & Abelowitz,26 1 Ave   ,Manhattan,New York,New York,26,1,Ave,,,,26 1 Ave   ,,,Berkowitz
9216,183,1910,Trow,826.0,Restaurant,Berkowtiz & Lowenthal,112 William St.   ,Manhattan,New York,New York,112,William,St.,,,,112 William St.   ,,,Berkowtiz
9217,184,1910,Trow,826.0,Restaurant,Berkshire Lunch,954 Broadway    ,Manhattan,New York,New York,954,Broadway,,,,,954 Broadway    ,,,Berkshire
9218,185,1910,Trow,826.0,Restaurant,Berkshire Lunch,97 Duane St.   ,Manhattan,New York,New York,97,Duane,St.,,,,97 Duane St.   ,,,Berkshire
9219,186,1910,Trow,826.0,Restaurant,Berlin Jacob,161 W 23 St.  ,Manhattan,New York,New York,161,W,23,St.,,,161 W 23 St.  ,,,Berlin
9220,187,1910,Trow,826.0,Restaurant,Berlin Brothers,142 W 17 St.  ,Manhattan,New York,New York,142,W,17,St.,,,142 W 17 St.  ,,,Berlin
9221,188,1910,Trow,826.0,Restaurant,Berman Gustavus,108 5 Ave   ,Manhattan,New York,New York,108,5,Ave,,,,108 5 Ave   ,,,Berman
9222,189,1910,Trow,826.0,Restaurant,Berman Hyman,178 Eldridge St.   ,Manhattan,New York,New York,178,Eldridge,St.,,,,178 Eldridge St.   ,,,Berman
9223,190,1910,Trow,826.0,Restaurant,Berman Israel,145 Avenue C    ,Manhattan,New York,New York,145,Avenue C,,,,,145 Avenue C    ,,,Berman
9224,191,1910,Trow,826.0,Restaurant,Berman Israel,29 Coenties  Sl   ,Manhattan,New York,New York,29,Coenties ,Sl,,,,29 Coenties  Sl   ,,,Berman
9225,192,1910,Trow,826.0,Restaurant,Berman Jacob,116 Chrystie St.   ,Manhattan,New York,New York,116,Chrystie,St.,,,,116 Chrystie St.   ,,,Berman
9226,193,1910,Trow,826.0,Restaurant,Berman Mary,168.5 Delancey St.   ,Manhattan,New York,New York,168.5,Delancey,St.,,,,168 Delancey St.   ,,,Berman
9227,194,1910,Trow,826.0,Restaurant,Berman Pincus,269 Madison St.   ,Manhattan,New York,New York,269,Madison,St.,,,,269 Madison St.   ,,,Berman
9228,195,1910,Trow,826.0,Restaurant,Bernadoni Antonio,179 Hester St.   ,Manhattan,New York,New York,179,Hester,St.,,,,179 Hester St.   ,,,Bernadoni
9229,196,1910,Trow,826.0,Restaurant,Berner & Noffsky,303 Cherry St.   ,Manhattan,New York,New York,303,Cherry,St.,,,,303 Cherry St.   ,,,Berner
9230,197,1910,Trow,826.0,Restaurant,Berknopf Nathan ,169 E  Broadway   ,Manhattan,New York,New York,169,E ,Broadway,,,,169 E  Broadway   ,,,Berknopf
9231,198,1910,Trow,826.0,Restaurant,Bernstamm Jacob,70 Grand St.   ,Manhattan,New York,New York,70,Grand,St.,,,,70 Grand St.   ,,,Bernstamm
9232,199,1910,Trow,826.0,Restaurant,Bernstein Charles,191 Mercer St.   ,Manhattan,New York,New York,191,Mercer,St.,,,,191 Mercer St.   ,,,Bernstein
9233,200,1910,Trow,826.0,Restaurant,Bernstein Charles,39 W 17 St.  ,Manhattan,New York,New York,39,W,17,St.,,,39 W 17 St.  ,,,Bernstein
9234,201,1910,Trow,826.0,Restaurant,Bernstein Jacob,162 E Broadway   ,Manhattan,New York,New York,162,E,Broadway,,,,162 E Broadway   ,,,Bernstein
9235,202,1910,Trow,826.0,Restaurant,Bernstein Max,86 Clinton St.   ,Manhattan,New York,New York,86,Clinton,St.,,,,86 Clinton St.   ,,,Bernstein
9236,203,1910,Trow,826.0,Restaurant,Bernstein Max,195 Madison St.   ,Manhattan,New York,New York,195,Madison,St.,,,,195 Madison St.   ,,,Bernstein
9237,204,1910,Trow,826.0,Restaurant,Bernstein & Berliner,109 Essex St.   ,Manhattan,New York,New York,109,Essex,St.,,,,109 Essex St.   ,,,Bernstein
9238,205,1910,Trow,826.0,Restaurant,Bernstein & Schwartz,109 W 31 St.  ,Manhattan,New York,New York,109,W,31,St.,,,109 W 31 St.  ,,,Bernstein
9239,206,1910,Trow,826.0,Restaurant,Bers Morris,48 Orchard St.   ,Manhattan,New York,New York,48,Orchard,St.,,,,48 Orchard St.   ,,,Bers
9240,207,1910,Trow,826.0,Restaurant,Bershtoldtie Charles,65 E 85 St.  ,Manhattan,New York,New York,65,E,85,St.,,,65 E 85 St.  ,,,Bershtoldtie
9241,208,1910,Trow,826.0,Restaurant,Bertodo & Mortola,352 3 Ave   ,Manhattan,New York,New York,352,3,Ave,,,,352 3 Ave   ,,,Bertodo
9242,209,1910,Trow,826.0,Restaurant,Berwind Michael P. ,319 West St.   ,Manhattan,New York,New York,319,West,St.,,,,319 West St.   ,,,Berwind
9243,210,1910,Trow,826.0,Restaurant,Bescel Joseph E. ,124 6 Ave   ,Manhattan,New York,New York,124,6,Ave,,,,124 6 Ave   ,,,Bescel
9244,211,1910,Trow,826.0,Restaurant,Beshelany Rashid A.,57 Washington St.   ,Manhattan,New York,New York,57,Washington,St.,,,,57 Washington St.   ,,,Beshelany
9245,212,1910,Trow,826.0,Restaurant,Bess George,109 Cherry St.   ,Manhattan,New York,New York,109,Cherry,St.,,,,109 Cherry St.   ,,,Bess
9246,213,1910,Trow,826.0,Restaurant,Bey William,150 West St.   ,Manhattan,New York,New York,150,West,St.,,,,150 West St.   ,,,Bey
9247,214,1910,Trow,826.0,Restaurant,Biddleman Max,111 Lafayette St.   ,Manhattan,New York,New York,111,Lafayette,St.,,,,111 Lafayette St.   ,,,Biddleman
9248,215,1910,Trow,826.0,Restaurant,Bieber Samuel,15 W 21 St.  ,Manhattan,New York,New York,15,W,21,St.,,,15 W 21 St.  ,,,Bieber
9249,216,1910,Trow,826.0,Restaurant,Biebergal Joseph,112 Rivington St.   ,Manhattan,New York,New York,112,Rivington,St.,,,,112 Rivington St.   ,,,Biebergal
9250,217,1910,Trow,826.0,Restaurant,Biehn Carl,415 W 42 St.  ,Manhattan,New York,New York,415,W,42,St.,,,415 W 42 St.  ,,,Biehn
9251,218,1910,Trow,826.0,Restaurant,Bienenstock Elias,68 Columbia St.   ,Manhattan,New York,New York,68,Columbia,St.,,,,68 Columbia St.   ,,,Bienenstock
9252,219,1910,Trow,826.0,Restaurant,Bilder Nathan,439 E 71 St.  ,Manhattan,New York,New York,439,E,71,St.,,,439 E 71 St.  ,,,Bilder
9253,220,1910,Trow,826.0,Restaurant,Biller Jospher,64 Avenue C    ,Manhattan,New York,New York,64,Avenue C,,,,,64 Avenue C    ,,,Biller
9254,221,1910,Trow,826.0,Restaurant,Billman Isaac,441 W 13 St.  ,Manhattan,New York,New York,441,W,13,St.,,,441 W 13 St.  ,,,Billman
9255,222,1910,Trow,826.0,Restaurant,Billy the Oysterman,53 W 3 St.  ,Manhattan,New York,New York,53,W,3,St.,,,53 W 3 St.  ,,,Billy
9256,223,1910,Trow,826.0,Restaurant,Billy the Oysterman,35 W 19 St.  ,Manhattan,New York,New York,35,W,19,St.,,,35 W 19 St.  ,,,Billy
9257,224,1910,Trow,826.0,Restaurant,Bindisi Francesco,152 Sullivan St.   ,Manhattan,New York,New York,152,Sullivan,St.,,,,152 Sullivan St.   ,,,Bindisi
9258,225,1910,Trow,826.0,Restaurant,Birkle Anton,203 Greenwich St.   ,Manhattan,New York,New York,203,Greenwich,St.,,,,203 Greenwich St.   ,,,Birkle
9259,226,1910,Trow,826.0,Restaurant,Birmingham John F ,107 E 125 St.  ,Manhattan,New York,New York,107,E,125,St.,,,107 E 125 St.  ,,,Birmingham
9260,227,1910,Trow,826.0,Restaurant,Birnzweig Nathan,83 7 St.   ,Manhattan,New York,New York,83,7,St.,,,,83 7 St.   ,,,Birnzweig
9261,228,1910,Trow,826.0,Restaurant,Birth Frederick,308 Pearl St.   ,Manhattan,New York,New York,308,Pearl,St.,,,,308 Pearl St.   ,,,Birth
9262,229,1910,Trow,826.0,Restaurant,Bischitz Ferdinand,738 Lexington Ave   ,Manhattan,New York,New York,738,Lexington,Ave,,,,738 Lexington Ave   ,,,Bischitz
9263,230,1910,Trow,826.0,Restaurant,Bishop Leo M. ,220 9 Ave   ,Manhattan,New York,New York,220,9,Ave,,,,220 9 Ave   ,,,Bishop
9264,231,1910,Trow,826.0,Restaurant,Bittner John,2150 Amsterdam St.   ,Manhattan,New York,New York,2150,Amsterdam,St.,,,,2150 Amsterdam St.   ,,,Bittner
9265,232,1910,Trow,826.0,Restaurant,Bjerrum Hans S. ,785 3 Ave   ,Manhattan,New York,New York,785,3,Ave,,,,785 3 Ave   ,,,Bjerrum
9266,233,1910,Trow,826.0,Restaurant,Bjerrum Hans S. ,263 Canal St.   ,Manhattan,New York,New York,263,Canal,St.,,,,263 Canal St.   ,,,Bjerrum
9267,234,1910,Trow,826.0,Restaurant,Blackhall Matilda,407 W 59 St.  ,Manhattan,New York,New York,407,W,59,St.,,,407 W 59 St.  ,,,Blackhall
9268,235,1910,Trow,826.0,Restaurant,Blasbalg Israel,25 Pitt St.   ,Manhattan,New York,New York,25,Pitt,St.,,,,25 Pitt St.   ,,,Blasbalg
9269,236,1910,Trow,826.0,Restaurant,Blaser Frederick Co. ,529 Broadway    ,Manhattan,New York,New York,529,Broadway,,,,,529 Broadway    ,,,Blaser
9270,237,1910,Trow,826.0,Restaurant,Blaser Frederick Co. ,16 E 17 St.  ,Manhattan,New York,New York,16,E,17,St.,,,16 E 17 St.  ,,,Blaser
9271,238,1910,Trow,826.0,Restaurant,Blau Isaac,67 Columbia St.   ,Manhattan,New York,New York,67,Columbia,St.,,,,67 Columbia St.   ,,,Blau
9272,239,1910,Trow,826.0,Restaurant,Blau Israel M.,84 Willett St.   ,Manhattan,New York,New York,84,Willett,St.,,,,84 Willett St.   ,,,Blau
9273,240,1910,Trow,826.0,Restaurant,Blau Samuel,120 Delancey St.   ,Manhattan,New York,New York,120,Delancey,St.,,,,120 Delancey St.   ,,,Blau
9274,241,1910,Trow,826.0,Restaurant,Blau's Restaurant,78 2 Ave   ,Manhattan,New York,New York,78,2,Ave,,,,78 2 Ave   ,,,Blau's
9275,242,1910,Trow,826.0,Restaurant,Blazer Nathan,91 Ridge St.   ,Manhattan,New York,New York,91,Ridge,St.,,,,91 Ridge St.   ,,,Blazer
9276,243,1910,Trow,826.0,Restaurant,Bleich Max,335 E 14 St.  ,Manhattan,New York,New York,335,E,14,St.,,,335 E 14 St.  ,,,Bleich
9277,244,1910,Trow,826.0,Restaurant,Blinder Herman,205 Eldridge St.   ,Manhattan,New York,New York,205,Eldridge,St.,,,,205 Eldridge St.   ,,,Blinder
9278,245,1910,Trow,826.0,Restaurant,Blitz Charles W. ,134 Mercer St.   ,Manhattan,New York,New York,134,Mercer,St.,,,,134 Mercer St.   ,,,Blitz
9279,246,1910,Trow,826.0,Restaurant,Block Jacob,38 E 8 St.  ,Manhattan,New York,New York,38,E,8,St.,,,38 E 8 St.  ,,,Block
9280,247,1910,Trow,826.0,Restaurant,Bloehs Henry,757 Broadway    ,Manhattan,New York,New York,757,Broadway,,,,,757 Broadway    ,,,Bloehs
9281,248,1910,Trow,826.0,Restaurant,Bloom Barnet,388 Grand St.   ,Manhattan,New York,New York,388,Grand,St.,,,,388 Grand St.   ,,,Bloom
9282,249,1910,Trow,826.0,Restaurant,Bloom Jacob,86 Orchard St.   ,Manhattan,New York,New York,86,Orchard,St.,,,,86 Orchard St.   ,,,Bloom
9283,250,1910,Trow,826.0,Restaurant,Bloom Joseph,105 Walker St.   ,Manhattan,New York,New York,105,Walker,St.,,,,105 Walker St.   ,,,Bloom
9284,251,1910,Trow,826.0,Restaurant,Blumfield Samuel,248 7 Ave   ,Manhattan,New York,New York,248,7,Ave,,,,248 7 Ave   ,,,Blumfield
9285,252,1910,Trow,826.0,Restaurant,Blumfield Samuel,388 8 Ave   ,Manhattan,New York,New York,388,8,Ave,,,,388 8 Ave   ,,,Blumfield
9286,253,1910,Trow,826.0,Restaurant,Blyth & Arkenau,461 6 Ave   ,Manhattan,New York,New York,461,6,Ave,,,,461 6 Ave   ,,,Blyth
9287,254,1910,Trow,826.0,Restaurant,Boat House Restaurant,c E 182 St. & Boston,Manhattan,New York,New York,c,E,182,St.,,,c E 182 St. & Boston,&,Boston,Boat
9288,255,1910,Trow,826.0,Restaurant,Bobwill's Dairy Lunch Co,367 8 Ave   ,Manhattan,New York,New York,367,8,Ave,,,,367 8 Ave   ,,,Bobwill's
9289,256,1910,Trow,826.0,Restaurant,Boehm Paul P.,105 South St.   ,Manhattan,New York,New York,105,South,St.,,,,105 South St.   ,,,Boehm
9290,257,1910,Trow,826.0,Restaurant,Bohl John W.,200 South St.   ,Manhattan,New York,New York,200,South,St.,,,,200 South St.   ,,,Bohl
9291,258,1910,Trow,826.0,Restaurant,Bohlen Ernest & Henry,177 William St.   ,Manhattan,New York,New York,177,William,St.,,,,177 William St.   ,,,Bohlen
9292,259,1910,Trow,826.0,Restaurant,Bohlinger William F.,323 Greenwich St.   ,Manhattan,New York,New York,323,Greenwich,St.,,,,323 Greenwich St.   ,,,Bohlinger
9293,260,1910,Trow,826.0,Restaurant,Bohlmann Anna,210 6 St.   ,Manhattan,New York,New York,210,6,St.,,,,210 6 St.   ,,,Bohlmann
9294,261,1910,Trow,826.0,Restaurant,Bokor H.,139 2 Ave   ,Manhattan,New York,New York,139,2,Ave,,,,139 2 Ave   ,,,Bokor
9295,262,1910,Trow,826.0,Restaurant,Boller John,350 Washington Market   ,Manhattan,New York,New York,350,Washington,Market,,,,350 Washington Market   ,,,Boller
9296,263,1910,Trow,826.0,Restaurant,Bollmarn Ellen,430 E 14 St.  ,Manhattan,New York,New York,430,E,14,St.,,,430 E 14 St.  ,,,Bollmarn
9297,264,1910,Trow,826.0,Restaurant,Bonagura Salvatore,102 Macdougal St.   ,Manhattan,New York,New York,102,Macdougal,St.,,,,102 Macdougal St.   ,,,Bonagura
9298,265,1910,Trow,826.0,Restaurant,Bonanno Samuel M.,26 Spring St.   ,Manhattan,New York,New York,26,Spring,St.,,,,26 Spring St.   ,,,Bonanno
9299,266,1910,Trow,826.0,Restaurant,Booras John,5 Battery Pl   ,Manhattan,New York,New York,5,Battery,Pl,,,,5 Battery Pl   ,,,Booras
9300,267,1910,Trow,826.0,Restaurant,Booth A.,651 Melrose Ave   ,Manhattan,New York,New York,651,Melrose,Ave,,,,651 Melrose Ave   ,,,Booth
9301,268,1910,Trow,826.0,Restaurant,Borak Benjamin,72 Orchard St.   ,Manhattan,New York,New York,72,Orchard,St.,,,,72 Orchard St.   ,,,Borak
9302,269,1910,Trow,826.0,Restaurant,Born John,1645 2 Ave   ,Manhattan,New York,New York,1645,2,Ave,,,,1645 2 Ave   ,,,Born
9303,270,1910,Trow,826.0,Restaurant,Borough Lunch,141 Fulton St.   ,Manhattan,New York,New York,141,Fulton,St.,,,,141 Fulton St.   ,,,Borough
9304,271,1910,Trow,826.0,Restaurant,Borough Lunch,51 E 19 St.  ,Manhattan,New York,New York,51,E,19,St.,,,51 E 19 St.  ,,,Borough
9305,272,1910,Trow,826.0,Restaurant,Borough Lunch,16 E 23 St.  ,Manhattan,New York,New York,16,E,23,St.,,,16 E 23 St.  ,,,Borough
9306,273,1910,Trow,826.0,Restaurant,Borras Ventura,173 Pearl St.   ,Manhattan,New York,New York,173,Pearl,St.,,,,173 Pearl St.   ,,,Borras
9307,274,1910,Trow,826.0,Restaurant,Borriello Gelsnomino,2111 1 Ave   ,Manhattan,New York,New York,2111,1,Ave,,,,2111 1 Ave   ,,,Borriello
9308,275,1910,Trow,826.0,Restaurant,Bortzaklis & Alissandratos,34 Madison St.   ,Manhattan,New York,New York,34,Madison,St.,,,,34 Madison St.   ,,,Bortzaklis
9309,276,1910,Trow,826.0,Restaurant,Borzechowsky & Roestel,129 Fulton St.   ,Manhattan,New York,New York,129,Fulton,St.,,,,129 Fulton St.   ,,,Borzechowsky
9310,277,1910,Trow,826.0,Restaurant,Bossert Ernest,536 Hudson St.   ,Manhattan,New York,New York,536,Hudson,St.,,,,536 Hudson St.   ,,,Bossert
9311,278,1910,Trow,826.0,Restaurant,Bossert Frederick J. ,293 Spring St.   ,Manhattan,New York,New York,293,Spring,St.,,,,293 Spring St.   ,,,Bossert
9312,279,1910,Trow,826.0,Restaurant,Boston Dairy Lunch,405 E 34 St.  ,Manhattan,New York,New York,405,E,34,St.,,,405 E 34 St.  ,,,Boston
9313,280,1910,Trow,826.0,Restaurant,Boston Dairy Lunch,157 E 42 St.  ,Manhattan,New York,New York,157,E,42,St.,,,157 E 42 St.  ,,,Boston
9314,281,1910,Trow,826.0,Restaurant,Boston Dairy Lunch,1027 6 Ave   ,Manhattan,New York,New York,1027,6,Ave,,,,1027 6 Ave   ,,,Boston
9315,282,1910,Trow,826.0,Restaurant,Boston Dairy Lunch Co.,52 W 18 St.  ,Manhattan,New York,New York,52,W,18,St.,,,52 W 18 St.  ,,,Boston
9316,283,1910,Trow,826.0,Restaurant,Bott Gaspar,500 E 153 St.  ,Manhattan,New York,New York,500,E,153,St.,,,500 E 153 St.  ,,,Bott
