Unnamed: 0,ID,YR,DIR,PG,TYPE,NAME,ADDY,BOROUGH,CITY,STATE,HOUSENO,STNAME,STNAME.1,STNAME.2,ST_PREFIX,ST_SUFFIX,AdrMod,STNAME.3,STNAME.4,last_name
1253,426,1905,Trow's,1376,Restaurants,Childs' Unique Dairy Co.,142 Bowery St.,Manhattan,New York,New York,142,Bowery,St.,,,,,,,Childs'
1254,427,1905,Trow's,1376,Restaurants,Childs' Unique Dairy Co.,45 Corttlandt St.,Manhattan,New York,New York,45,Corttlandt,St.,,,,,,,Childs'
1255,428,1905,Trow's,1376,Restaurants,Childs' Unique Dairy Co.,84 Corttlandt St.,Manhattan,New York,New York,84,Corttlandt,St.,,,,,,,Childs'
1256,429,1905,Trow's,1376,Restaurants,Childs' Unique Dairy Co.,1 Chambers St.,Manhattan,New York,New York,1,Chambers,St.,,,,,,,Childs'
1257,430,1905,Trow's,1376,Restaurants,Childs' Unique Dairy Co.,148 Chambers St.,Manhattan,New York,New York,148,Chambers,St.,,,,,,,Childs'
1258,431,1905,Trow's,1376,Restaurants,Childs' Unique Dairy Co.,12 E. 23,Manhattan,New York,New York,12,E.,23,St.,,,,,,Childs'
1259,432,1905,Trow's,1376,Restaurants,Childs' Unique Dairy Co.,47 E. 42,Manhattan,New York,New York,47,E.,42,St.,,,,,,Childs'
1260,433,1905,Trow's,1376,Restaurants,Childs' Unique Dairy Co.,111 E. 125,Manhattan,New York,New York,111,E.,125,St.,,,,,,Childs'
1261,434,1905,Trow's,1376,Restaurants,Childs' Unique Dairy Co.,221 6 Ave.,Manhattan,New York,New York,221,6,Ave.,,,,,,,Childs'
1262,435,1905,Trow's,1376,Restaurants,Childs' Unique Dairy Co.,283 6 Ave.,Manhattan,New York,New York,283,6,Ave.,,,,,,,Childs'
1263,436,1905,Trow's,1376,Restaurants,Childs' Unique Dairy Co.,403 6 Ave.,Manhattan,New York,New York,403,6,Ave.,,,,,,,Childs'
1264,437,1905,Trow's,1376,Restaurants,Childs' Unique Dairy Co.,602 6 Ave.,Manhattan,New York,New York,602,6,Ave.,,,,,,,Childs'
1265,438,1905,Trow's,1376,Restaurants,Childs' Unique Dairy Co.,10 W. 18,Manhattan,New York,New York,10,W.,18,St.,,,,,,Childs'
1266,439,1905,Trow's,1376,Restaurants,Childs' Unique Dairy Co.,122 W. 23,Manhattan,New York,New York,122,W.,23,St.,,,,,,Childs'
1267,440,1905,Trow's,1376,Restaurants,Childs' Unique Dairy Co.,110 W. 34,Manhattan,New York,New York,110,W.,34,St.,,,,,,Childs'
1268,441,1905,Trow's,1376,Restaurants,Childs' Unique Dairy Co.,109 W. 42,Manhattan,New York,New York,109,W.,42,St.,,,,,,Childs'
1269,442,1905,Trow's,1376,Restaurants,Childs' Unique Dairy Co.,272 W. 125,Manhattan,New York,New York,272,W.,125,St.,,,,,,Childs'
1270,443,1905,Trow's,1376,Restaurants,Childsworth Co. ,42 E. 14,Manhattan,New York,New York,42,E.,14,St.,,,,,,Childsworth
1271,444,1905,Trow's,1376,Restaurants,Childsworth Co. ,39 E. 19,Manhattan,New York,New York,39,E.,19,St.,,,,,,Childsworth
1272,445,1905,Trow's,1376,Restaurants,Childsworth Co. ,391 Broadway ,Manhattan,New York,New York,391,Broadway,,,,,,,,Childsworth
1273,446,1905,Trow's,1376,Chinese restaurant,Chinese Tuxedo Restaurant,2 Doyers St.,Manhattan,New York,New York,2,Doyers,St.,,,,,,,Chinese
1274,447,1905,Trow's,1376,Restaurants,Chios Nicholas,6 James Sl.,Manhattan,New York,New York,6,James,Sl.,,,,,,,Chios
1275,448,1905,Trow's,1376,Restaurants,Chiotis John,484 3 Ave.,Manhattan,New York,New York,484,3,Ave.,,,,,,,Chiotis
1276,449,1905,Trow's,1376,Restaurants,Chirico Bernardino,20 Spring St.,Manhattan,New York,New York,20,Spring,St.,,,,,,,Chirico
1277,450,1905,Trow's,1376,Restaurants,Christomalis Louis,1886 3rd Ave.,Manhattan,New York,New York,1886,3rd,Ave.,,,,,,,Christomalis
1278,451,1905,Trow's,1376,Restaurants,Christomalis Louis,351 W. 59,Manhattan,New York,New York,351,W.,59,St.,,,,,,Christomalis
1279,452,1905,Trow's,1376,Restaurants,Christensen John,141 Fulton St.,Manhattan,New York,New York,141,Fulton,St.,,,,,,,Christensen
1280,453,1905,Trow's,1376,Restaurants,Christie A. ,475 10 Ave.,Manhattan,New York,New York,475,10,Ave.,,,,,,,Christie
1281,454,1905,Trow's,1376,Restaurants,Cincotti Frederico,238 Mulberry St.,Manhattan,New York,New York,238,Mulberry,St.,,,,,,,Cincotti
1282,455,1905,Trow's,1376,Restaurants,Citrenbaum Morris,204 Broome St.,Manhattan,New York,New York,204,Broome,St.,,,,,,,Citrenbaum
1283,456,1905,Trow's,1376,Restaurants,Clade Jacob,90 Barclay St.,Manhattan,New York,New York,90,Barclay,St.,,,,,,,Clade
1284,457,1905,Trow's,1376,Restaurants,Claremont (The),Riverside Ave. & W. 126 St.,Manhattan,New York,New York,Riverside Ave.,& W. 126,St.,,,,,,,Claremont
1285,458,1905,Trow's,1376,Restaurants,Clayman Samuel,33 Gorck St.,Manhattan,New York,New York,33,Gorck,St.,,,,,,,Clayman
1286,459,1905,Trow's,1376,Restaurants,Cleary Maragaret,13 W. 22,Manhattan,New York,New York,13,W.,22,St.,,,,,,Cleary
1287,460,1905,Trow's,1376,Restaurants,Clemente Lorenzo,169 Mulberry St.,Manhattan,New York,New York,169,Mulberry,St.,,,,,,,Clemente
1288,461,1905,Trow's,1376,Restaurants,Clifford David,16 James Sl.,Manhattan,New York,New York,16,James,Sl.,,,,,,,Clifford
1289,462,1905,Trow's,1376,Restaurants,Clifford James,158 Park Row,Manhattan,New York,New York,158,Park,Row,,,,,,,Clifford
1290,463,1905,Trow's,1376,Restaurants,Club (The),81 Beaver St.,Manhattan,New York,New York,81,Beaver,St.,,,,,,,Club
1291,464,1905,Trow's,1376,Restaurants,Coan A. Sanford,239 Avenue B.,Manhattan,New York,New York,239,Avenue,B.,,,,,,,Coan
1292,465,1905,Trow's,1376,Restaurants,Codington Luncheon Co.,1487 Broadway ,Manhattan,New York,New York,1487,Broadway,,,,,,,,Codington
1293,466,1905,Trow's,1376,Restaurants,Codington Luncheon Co.,69 W. 23,Manhattan,New York,New York,69,W.,23,St.,,,,,,Codington
1294,467,1905,Trow's,1376,Restaurants,Codington Luncheon Co.,116 Fulton St.,Manhattan,New York,New York,116,Fulton,St.,,,,,,,Codington
1295,468,1905,Trow's,1376,Restaurants,Cohen Aaron,174 Rivington St.,Manhattan,New York,New York,174,Rivington,St.,,,,,,,Cohen
1296,469,1905,Trow's,1376,Restaurants,Cohen Abraham,257 Stanton St.,Manhattan,New York,New York,257,Stanton,St.,,,,,,,Cohen
1297,470,1905,Trow's,1376,Restaurants,Cohen Anne,165 Eldridge St.,Manhattan,New York,New York,165,Eldridge,St.,,,,,,,Cohen
1298,471,1905,Trow's,1376,Restaurants,Cohen Bernard,681 Broadway ,Manhattan,New York,New York,681,Broadway,,,,,,,,Cohen
1299,472,1905,Trow's,1376,Restaurants,Cohen Catherine,97 Henry St.,Manhattan,New York,New York,97,Henry,St.,,,,,,,Cohen
1300,473,1905,Trow's,1376,Restaurants,Cohen Edward,189 2 St.,Manhattan,New York,New York,189,2,St.,,,,,,,Cohen
1301,474,1905,Trow's,1376,Restaurants,Cohen Israel,122 Bleecker St.,Manhattan,New York,New York,122,Bleecker,St.,,,,,,,Cohen
1302,475,1905,Trow's,1376,Restaurants,Cohen Jacob,37 Avenue D.,Manhattan,New York,New York,37,Avenue,D.,,,,,,,Cohen
1303,476,1905,Trow's,1376,Restaurants,Cohen Jacob,167 Eldridge St.,Manhattan,New York,New York,167,Eldridge,St.,,,,,,,Cohen
1304,477,1905,Trow's,1376,Restaurants,Cohen Morris,116 Walker St.,Manhattan,New York,New York,116,Walker,St.,,,,,,,Cohen
1305,478,1905,Trow's,1376,Restaurants,Cohen Sally,63 E. 11,Manhattan,New York,New York,63,E.,11,,,,,,,Cohen
1306,479,1905,Trow's,1376,Restaurants,Cohn Aaron,325 Stanton St.,Manhattan,New York,New York,325,Stanton,St.,,,,,,,Cohn
1307,480,1905,Trow's,1376,Restaurants,Cohn Charles,167 E. Broadway,Manhattan,New York,New York,167,E.,Broadway,Ave,,,,,,Cohn
1308,481,1905,Trow's,1376,Restaurants,Cohn Joseph,75 Rivington St.,Manhattan,New York,New York,75,Rivington,St.,,,,,,,Cohn
1309,482,1905,Trow's,1376,Restaurants,Coleman Richard,526 Canal St.,Manhattan,New York,New York,526,Canal,St.,,,,,,,Coleman
1310,483,1905,Trow's,1376,Restaurants,Colletti James,340 W. 39 St.,Manhattan,New York,New York,340,W. 39,St.,,,,,,,Colletti
1311,484,1905,Trow's,1376,Restaurants,Collins Thomas,1027 6 Ave.,Manhattan,New York,New York,1027,6,Ave.,,,,,,,Collins
1312,485,1905,Trow's,1376,Restaurants,Collins Thomas,37 W. 28 St.,Manhattan,New York,New York,37,W. 28,St.,,,,,,,Collins
1313,486,1905,Trow's,1376,Restaurants,Collins Thomas,350 W. 59 St.,Manhattan,New York,New York,350,W. 59,St.,,,,,,,Collins
1314,487,1905,Trow's,1376,Restaurants,Colombo Christoforo,29 Mulberry St.,Manhattan,New York,New York,29,Mulberry,St.,,,,,,,Colombo
1315,488,1905,Trow's,1376,Restaurants,Colonia Tea Room,20 W. 33 St.,Manhattan,New York,New York,20,W. 33,St.,,,,,,,Colonia
1316,489,1905,Trow's,1376,Restaurants,Columbia Urn,137 Cedar St.,Manhattan,New York,New York,137,Cedar,St.,,,,,,,Columbia
1317,490,1905,Trow's,1376,Restaurants,Columbia Urn,130 Liberty St.,Manhattan,New York,New York,130,Liberty,St.,,,,,,,Columbia
1318,491,1905,Trow's,1376,Restaurants,Conaty James,87 Maiden Ln.,Manhattan,New York,New York,87,Maiden,Ln.,,,,,,,Conaty
1319,492,1905,Trow's,1376,Restaurants,Concetta Milinda,433 E. 13 St.,Manhattan,New York,New York,433,E. 13,St.,,,,,,,Concetta
1320,493,1905,Trow's,1376,Restaurants,Confrey Thomas,378 10 Ave.,Manhattan,New York,New York,378,10,Ave.,,,,,,,Confrey
1321,494,1905,Trow's,1376,Restaurants,Connor Charles,216 Broome St.,Manhattan,New York,New York,216,Broome,St.,,,,,,,Connor
1322,495,1905,Trow's,1376,Restaurants,Conrad Emil,1174 E. 141,Manhattan,New York,New York,1174,E.,141,St.,,,,,,Conrad
1323,496,1905,Trow's,1376,Restaurants,Conrad Brothers,864 Broadway ,Manhattan,New York,New York,864,Broadway,,,,,,,,Conrad
1324,497,1905,Trow's,1376,Restaurants,Consemiller Hugo,104 Maiden  Ln.,Manhattan,New York,New York,104,Maiden ,Ln.,,,,,,,Consemiller
1325,498,1905,Trow's,1376,Restaurants,Conte Bernard,44 Mulberry St.,Manhattan,New York,New York,44,Mulberry,St.,,,,,,,Conte
1326,499,1905,Trow's,1376,Restaurants,Cookfaire John,278 West St.,Manhattan,New York,New York,278,West,St.,,,,,,,Cookfaire
1327,500,1905,Trow's,1376,Restaurants,Cooney James,76 10 Ave.,Manhattan,New York,New York,76,10,Ave.,,,,,,,Cooney
1328,501,1905,Trow's,1376,Restaurants,Coppola Frank,190 Mulberry St.,Manhattan,New York,New York,190,Mulberry,St.,,,,,,,Coppola
1329,502,1905,Trow's,1376,Restaurants,Cordon Frank,548 8 Ave.,Manhattan,New York,New York,548,8,Ave.,,,,,,,Cordon
1330,503,1905,Trow's,1376,Restaurants,Cormier Joseph E.,Clinton Mkt. ,Manhattan,New York,New York,Clinton,Mkt.,,,,,,,,Cormier
1331,504,1905,Trow's,1376,Restaurants,Cortelyou Jesse E.,169 W. 29,Manhattan,New York,New York,169,W.,29,St.,,,,,,Cortelyou
1332,505,1905,Trow's,1376,Restaurants,Costa Louis,146 Sullivan St.,Manhattan,New York,New York,146,Sullivan,St.,,,,,,,Costa
1333,506,1905,Trow's,1376,Restaurants,Courte Hubert,119 E. 14,Manhattan,New York,New York,119,E.,14,St.,,,,,,Courte
1334,507,1905,Trow's,1376,Restaurants,Covey Elmer,219 W. 125,Manhattan,New York,New York,219,W.,125,St.,,,,,,Covey
1335,508,1905,Trow's,1376,Restaurants,Cowan Joseph,150 Nassau St.,Manhattan,New York,New York,150,Nassau,St.,,,,,,,Cowan
1336,509,1905,Trow's,1376,Restaurants,Crane Harris,172 Wooster St.,Manhattan,New York,New York,172,Wooster,St.,,,,,,,Crane
1337,510,1905,Trow's,1376,Restaurants,Crane Louis,16 6 Ave.,Manhattan,New York,New York,16,6,Ave.,,,,,,,Crane
1338,511,1905,Trow's,1376,Restaurants,Craner Louis,160 Spring St.,Manhattan,New York,New York,160,Spring,St.,,,,,,,Craner
1339,512,1905,Trow's,1376,Restaurants,Crease Alfred J. ,1246 E. 176,Manhattan,New York,New York,1246,E.,176,,,,,,,Crease
1340,513,1905,Trow's,1376,Restaurants,Creer David,108 Duane St.,Manhattan,New York,New York,108,Duane,St.,,,,,,,Creer
1341,514,1905,Trow's,1376,Restaurants,Crickellos Peter,833 Columbus A,Manhattan,New York,New York,833,Columbus,A,,,,,,,Crickellos
1342,515,1905,Trow's,1376,Restaurants,Crown Samuel,176 W. Broadway,Manhattan,New York,New York,176,W.,Broadway,Ave,,,,,,Crown
1343,516,1905,Trow's,1376,Restaurants,Cullis Emma,75 Broad St.,Manhattan,New York,New York,75,Broad,St.,,,,,,,Cullis
1344,517,1905,Trow's,1376,Restaurants,Cullum Francis,150 E. 125 St.,Manhattan,New York,New York,150,E. 125,St.,,,,,,,Cullum
1345,518,1905,Trow's,1376,Restaurants,Cunnen Richard,685 3 Ave.,Manhattan,New York,New York,685,3,Ave.,,,,,,,Cunnen
1346,519,1905,Trow's,1376,Restaurants,Cuperman Teresa,170 E. Houston St.,Manhattan,New York,New York,170,E. Houston,St.,,,,,,,Cuperman
1347,520,1905,Trow's,1376,Restaurants,Curiel Max,53 W. 19 St.,Manhattan,New York,New York,53,W. 19,St.,,,,,,,Curiel
1348,521,1905,Trow's,1376,Restaurants,Curiel S.,744 Lexington Ave.,Manhattan,New York,New York,744,Lexington,Ave.,,,,,,,Curiel
1349,522,1905,Trow's,1376,Restaurants,Curley Daniel,2721 8 Ave.,Manhattan,New York,New York,2721,8,Ave.,,,,,,,Curley
1350,523,1905,Trow's,1376,Restaurants,Cusick John,37.5 Desbrosses St.,Manhattan,New York,New York,37.5,Desbrosses,St.,,,,,,,Cusick
1351,524,1905,Trow's,1376,Restaurants,Cutler Louis,9 W. 3 St.,Manhattan,New York,New York,9,W. 3,St.,,,,,,,Cutler
1352,525,1905,Trow's,1376,Restaurants,Daitz Samuel,202 6 St.,Manhattan,New York,New York,202,6,St.,,,,,,,Daitz
1353,526,1905,Trow's,1376,Restaurants,Daly Patrick,1346 Amsterdam Ave.,Manhattan,New York,New York,1346,Amsterdam,Ave.,,,,,,,Daly
1354,527,1905,Trow's,1376,Restaurants,Damaschek Sophie,272 E. Houston St.,Manhattan,New York,New York,272,E. Houston,St.,,,,,,,Damaschek
1355,528,1905,Trow's,1376,Restaurants,Danahar Hugh,460 W. 14 St.,Manhattan,New York,New York,460,W. 14,St.,,,,,,,Danahar
1356,529,1905,Trow's,1376,Restaurants,D'Angelo Alfonzo,128 Mulberry St.,Manhattan,New York,New York,128,Mulberry,St.,,,,,,,D'Angelo
1357,530,1905,Trow's,1376,Restaurants,Dardik & Braunstein,98 Allen St.,Manhattan,New York,New York,98,Allen,St.,,,,,,,Dardik
1358,531,1905,Trow's,1376,Restaurants,Dargenzio Carlo,40 Oak St.,Manhattan,New York,New York,40,Oak,St.,,,,,,,Dargenzio
1359,532,1905,Trow's,1376,Restaurants,Dauger August,105 W. 25 St.,Manhattan,New York,New York,105,W. 25,St.,,,,,,,Dauger
1360,533,1905,Trow's,1376,Restaurants,Davidson John A. ,35 Bridge St.,Manhattan,New York,New York,35,Bridge,St.,,,,,,,Davidson
1361,534,1905,Trow's,1376,Restaurants,Davidson John A. ,18 Stone St.,Manhattan,New York,New York,18,Stone,St.,,,,,,,Davidson
1362,535,1905,Trow's,1376,Restaurants,Davidson John A. ,98 Broad St.,Manhattan,New York,New York,98,Broad,St.,,,,,,,Davidson
1363,536,1905,Trow's,1376,Restaurants,Davis Alexander,232 W. 124 St.,Manhattan,New York,New York,232,W. 124,St.,,,,,,,Davis
1364,537,1905,Trow's,1376,Restaurants,Dawson Ernest,680 Kingsbridge Rd.,Manhattan,New York,New York,680,Kingsbridge,Rd.,,,,,,,Dawson
1365,538,1905,Trow's,1376,Restaurants,Decker Frederick ,150 West St.,Manhattan,New York,New York,150,West,St.,,,,,,,Decker
1366,539,1905,Trow's,1376,Restaurants,Deckler Samuel,158 Spring St.,Manhattan,New York,New York,158,Spring,St.,,,,,,,Deckler
1367,540,1905,Trow's,1376,Restaurants,Dede Brothers,8 E. 23 St.,Manhattan,New York,New York,8,E. 23,St.,,,,,,,Dede
1368,541,1905,Trow's,1376,Restaurants,Defelippes Frederica,35 Spring St.,Manhattan,New York,New York,35,Spring,St.,,,,,,,Defelippes
1369,542,1905,Trow's,1376,Restaurants,Degen Abraham,138 Ridge St.,Manhattan,New York,New York,138,Ridge,St.,,,,,,,Degen
1370,543,1905,Trow's,1376,Restaurants,Degregori John B.,82 Macdougal St.,Manhattan,New York,New York,82,Macdougal,St.,,,,,,,Degregori
1371,544,1905,Trow's,1376,Restaurants,Degregori Michael,175 Prince St.,Manhattan,New York,New York,175,Prince,St.,,,,,,,Degregori
1372,545,1905,Trow's,1376,Restaurants,Degroot John F.,4776 3 Ave.,Manhattan,New York,New York,4776,3,Ave.,,,,,,,Degroot
1373,546,1905,Trow's,1376,Restaurants,Deixler Bernard,169 E. Broadway Ave.,Manhattan,New York,New York,169,E. Broadway,Ave.,,,,,,,Deixler
1374,547,1905,Trow's,1376,Restaurants,Deizler Max,280 Broome St.,Manhattan,New York,New York,280,Broome,St.,,,,,,,Deizler
1375,548,1905,Trow's,1376,Restaurants,Delaney Cassie,312 W. 40 St.,Manhattan,New York,New York,312,W. 40,St.,,,,,,,Delaney
1376,549,1905,Trow's,1376,Restaurants,Delangis Therese,2053 1 Ave.,Manhattan,New York,New York,2053,1,Ave.,,,,,,,Delangis
1377,550,1905,Trow's,1376,Restaurants,Delenne Ferdinand,43 W. 46 St.,Manhattan,New York,New York,43,W. 46,St.,,,,,,,Delenne
1378,551,1905,Trow's,1376,Restaurants,Delenne Ferdinand,52 W. 17 St.,Manhattan,New York,New York,52,W. 17,St.,,,,,,,Delenne
1379,552,1905,Trow's,1376,Restaurants,Deligtisch Isaac,374 7 Ave.,Manhattan,New York,New York,374,7,Ave.,,,,,,,Deligtisch
1380,553,1905,Trow's,1376,Restaurants,Della Giovanna E.,107 W. 27 St.,Manhattan,New York,New York,107,W. 27,St.,,,,,,,Della
1381,554,1905,Trow's,1376,Restaurants,Delmonico's,531 5 Ave.,Manhattan,New York,New York,531,5,Ave.,,,,,,,Delmonico's
1382,555,1905,Trow's,1376,Restaurants,Delmonico's,56 Beaver St.,Manhattan,New York,New York,56,Beaver,St.,,,,,,,Delmonico's
1383,556,1905,Trow's,1376,Restaurants,Delong Henry,330 W. 42 St.,Manhattan,New York,New York,330,W. 42,St.,,,,,,,Delong
1384,557,1905,Trow's,1376,Restaurants,Delperzo Genaro,206 Mulberry St.,Manhattan,New York,New York,206,Mulberry,St.,,,,,,,Delperzo
1385,558,1905,Trow's,1376,Restaurants,Delucia Vincenzo,217 Mulberry St.,Manhattan,New York,New York,217,Mulberry,St.,,,,,,,Delucia
1386,559,1905,Trow's,1376,Restaurants,Demaria Enrico,146 Mulberry St.,Manhattan,New York,New York,146,Mulberry,St.,,,,,,,Demaria
1387,560,1905,Trow's,1376,Restaurants,Demartino Pasquale,185.5 Hester St.,Manhattan,New York,New York,185.5,Hester,St.,,,,,,,Demartino
1388,561,1905,Trow's,1376,Restaurants,Dembling Tobias,191 West St.,Manhattan,New York,New York,191,West,St.,,,,,,,Dembling
1389,562,1905,Trow's,1376,Restaurants,Demeikos Peter,1 W. 22 St.,Manhattan,New York,New York,1,W. 22,St.,,,,,,,Demeikos
1390,563,1905,Trow's,1376,Restaurants,Demerer David,57 E. 4 St.,Manhattan,New York,New York,57,E. 4,St.,,,,,,,Demerer
1391,564,1905,Trow's,1376,Restaurants,Demetra Peter,364 3 Ave.,Manhattan,New York,New York,364,3,Ave.,,,,,,,Demetra
1392,565,1905,Trow's,1376,Restaurants,Demm & Kronet,1600 Madison Ave.,Manhattan,New York,New York,1600,Madison,Ave.,,,,,,,Demm
1393,566,1905,Trow's,1376,Restaurants,Demos Constantine,26 Whitehall St.,Manhattan,New York,New York,26,Whitehall,St.,,,,,,,Demos
1394,567,1905,Trow's,1376,Restaurants,Dems Emanuelk,12 Old Sl.,Manhattan,New York,New York,12,Old,Sl.,,,,,,,Dems
1395,568,1905,Trow's,1376,Restaurants,Dennett Surpassing Coffee Co.,25 Park Row,Manhattan,New York,New York,25,Park,Row,,,,,,,Dennett
1396,569,1905,Trow's,1376,Restaurants,Dennett Surpassing Coffee Co.,4 Beekmann St.,Manhattan,New York,New York,4,Beekmann,St.,,,,,,,Dennett
1397,570,1905,Trow's,1376,Restaurants,Dennett Surpassing Coffee Co.,109 Nassau St.,Manhattan,New York,New York,109,Nassau,St.,,,,,,,Dennett
1398,571,1905,Trow's,1376,Restaurants,Dennett Surpassing Coffee Co.,143 Nassau St.,Manhattan,New York,New York,143,Nassau,St.,,,,,,,Dennett
1399,572,1905,Trow's,1376,Restaurants,Dennett Surpassing Coffee Co.,21 Ann St.,Manhattan,New York,New York,21,Ann,St.,,,,,,,Dennett
1400,573,1905,Trow's,1376,Restaurants,Dennett Surpassing Coffee Co.,40 Broad St.,Manhattan,New York,New York,40,Broad,St.,,,,,,,Dennett
1401,574,1905,Trow's,1376,Restaurants,Dennett Surpassing Coffee Co.,140 E. 14 St.,Manhattan,New York,New York,140,E. 14,St.,,,,,,,Dennett
1402,575,1905,Trow's,1376,Restaurants,Derosa Francesco,2133 1 Ave.,Manhattan,New York,New York,2133,1,Ave.,,,,,,,Derosa
1403,576,1905,Trow's,1376,Restaurants,Desantis Giuseppe,34 Mulberry St.,Manhattan,New York,New York,34,Mulberry,St.,,,,,,,Desantis
1404,577,1905,Trow's,1376,Restaurants,Descury Anna,208 Varick St.,Manhattan,New York,New York,208,Varick,St.,,,,,,,Descury
1405,578,1905,Trow's,1376,Restaurants,Desestret Henry,130 W. 36 St.,Manhattan,New York,New York,130,W. 36,St.,,,,,,,Desestret
1406,579,1905,Trow's,1376,Restaurants,Desilvestro Michael,118 Mulberry St.,Manhattan,New York,New York,118,Mulberry,St.,,,,,,,Desilvestro
1407,580,1905,Trow's,1376,Restaurants,Desimile Joseph,300 E. 117 St.,Manhattan,New York,New York,300,E. 117,St.,,,,,,,Desimile
1408,581,1905,Trow's,1376,Restaurants,Dettwyler August,420 W. 40 St.,Manhattan,New York,New York,420,W. 40,St.,,,,,,,Dettwyler
1409,582,1905,Trow's,1376,Restaurants,Devall Benjamin,252 W. 14 St.,Manhattan,New York,New York,252,W. 14,St.,,,,,,,Devall
1410,583,1905,Trow's,1376,Restaurants,Devall Molly,220 9 Ave.,Manhattan,New York,New York,220,9,Ave.,,,,,,,Devall
1411,584,1905,Trow's,1376,Restaurants,Deventer Frank,1264 Lexington Ave.,Manhattan,New York,New York,1264,Lexington,Ave.,,,,,,,Deventer
1412,585,1905,Trow's,1376,Restaurants,Diamant James,879 3 Ave.,Manhattan,New York,New York,879,3,Ave.,,,,,,,Diamant
1413,586,1905,Trow's,1376,Restaurants,Diamond Solomon,179 Greenwich  St.,Manhattan,New York,New York,179,Greenwich ,St.,,,,,,,Diamond
1414,587,1905,Trow's,1376,Restaurants,Diamond & Wallach,246 Greenwich  St.,Manhattan,New York,New York,246,Greenwich ,St.,,,,,,,Diamond
1415,588,1905,Trow's,1376,Restaurants,Diaz Joseph,376 Water St.,Manhattan,New York,New York,376,Water,St.,,,,,,,Diaz
1416,589,1905,Trow's,1376,Restaurants,DiChiesa Luigi,357 Broome St.,Manhattan,New York,New York,357,Broome,St.,,,,,,,DiChiesa
1417,590,1905,Trow's,1376,Restaurants,Dinchine Vincenzo,2169 1 Ave.,Manhattan,New York,New York,2169,1,Ave.,,,,,,,Dinchine
1418,591,1905,Trow's,1376,Restaurants,Dinerman I.,199 Bleecker St.,Manhattan,New York,New York,199,Bleecker,St.,,,,,,,Dinerman
1419,592,1905,Trow's,1376,Restaurants,Dinitz Morris,1928 3 Ave.,Manhattan,New York,New York,1928,3,Ave.,,,,,,,Dinitz
1420,593,1905,Trow's,1376,Restaurants,Diorini Andrea,515 E. 149 St.,Manhattan,New York,New York,515,E. 149,St.,,,,,,,Diorini
1421,594,1905,Trow's,1377,Restaurants,Dipiemonte Principe,42 Monroe St.,Manhattan,New York,New York,42,Monroe,St.,,,,,,,Dipiemonte
1422,595,1905,Trow's,1377,Restaurants,Diskin Solomon,218 Broome St.,Manhattan,New York,New York,218,Broome,St.,,,,,,,Diskin
1423,596,1905,Trow's,1377,Restaurants,Divers Brothers,290 Spring St.,Manhattan,New York,New York,290,Spring,St.,,,,,,,Divers
1424,597,1905,Trow's,1377,Restaurants,Dobbins George H.,632 8 Ave.,Manhattan,New York,New York,632,8,Ave.,,,,,,,Dobbins
1425,598,1905,Trow's,1377,Restaurants,Dobbs John W. ,837 8 Ave.,Manhattan,New York,New York,837,8,Ave.,,,,,,,Dobbs
1426,599,1905,Trow's,1377,Restaurants,Doehle George,110 Manhattan St.,Manhattan,New York,New York,110,Manhattan,St.,,,,,,,Doehle
1427,600,1905,Trow's,1377,Restaurants,Doehle George,50 Nassau St.,Manhattan,New York,New York,50,Nassau,St.,,,,,,,Doehle
1428,601,1905,Trow's,1377,Restaurants,Doerr Paul,550 Grand St.,Manhattan,New York,New York,550,Grand,St.,,,,,,,Doerr
1429,602,1905,Trow's,1377,Restaurants,Dolan Mary,1910 Park Ave.,Manhattan,New York,New York,1910,Park,Ave.,,,,,,,Dolan
1430,603,1905,Trow's,1377,Restaurants,Dolan Peter & Nephew,33 Park Row,Manhattan,New York,New York,33,Park,Row,,,,,,,Dolan
1431,604,1905,Trow's,1377,Restaurants,Dondero John,149 Bowery St.,Manhattan,New York,New York,149,Bowery,St.,,,,,,,Dondero
1432,605,1905,Trow's,1377,Restaurants,Donner Adolph,43 Canal St.,Manhattan,New York,New York,43,Canal,St.,,,,,,,Donner
1433,606,1905,Trow's,1377,Restaurants,Donner Samuel,237 Mercer St.,Manhattan,New York,New York,237,Mercer,St.,,,,,,,Donner
1434,607,1905,Trow's,1377,Restaurants,Dooling William,38 Front St.,Manhattan,New York,New York,38,Front,St.,,,,,,,Dooling
1435,608,1905,Trow's,1377,Restaurants,Dorf Morris,103 Hester St.,Manhattan,New York,New York,103,Hester,St.,,,,,,,Dorf
1436,609,1905,Trow's,1377,Restaurants,Dorlan's Oyster House,6 E. 23 St.,Manhattan,New York,New York,6,E. 23,St.,,,,,,,Dorlan's
1437,610,1905,Trow's,1377,Restaurants,Dortmund Alfred,121 Chambers St.,Manhattan,New York,New York,121,Chambers,St.,,,,,,,Dortmund
1438,611,1905,Trow's,1377,Restaurants,Doukas Demetrius N.,48 James St.,Manhattan,New York,New York,48,James,St.,,,,,,,Doukas
1439,612,1905,Trow's,1377,Restaurants,Dowd John J.,321 Broadway ,Manhattan,New York,New York,321,Broadway,,,,,,,,Dowd
1440,613,1905,Trow's,1377,Restaurants,Dowd John J.,437 Broadway ,Manhattan,New York,New York,437,Broadway,,,,,,,,Dowd
1441,614,1905,Trow's,1377,Restaurants,Dowd John J.,645 Broadway ,Manhattan,New York,New York,645,Broadway,,,,,,,,Dowd
1442,615,1905,Trow's,1377,Restaurants,Downs Harrison S.,176 6 Ave.,Manhattan,New York,New York,176,6,Ave.,,,,,,,Downs
1443,616,1905,Trow's,1377,Restaurants,Doyle John B. ,540 E. 14 St.,Manhattan,New York,New York,540,E. 14,St.,,,,,,,Doyle
1444,617,1905,Trow's,1377,Restaurants,Dressel Albert J.,132 E. 107 St.,Manhattan,New York,New York,132,E. 107,St.,,,,,,,Dressel
1445,618,1905,Trow's,1377,Restaurants,Dreyer August,80 Beaver St.,Manhattan,New York,New York,80,Beaver,St.,,,,,,,Dreyer
1446,619,1905,Trow's,1377,Restaurants,Dreyer August,125 Pearl St.,Manhattan,New York,New York,125,Pearl,St.,,,,,,,Dreyer
1447,620,1905,Trow's,1377,Restaurants,Drizal Frank,49 William St.,Manhattan,New York,New York,49,William,St.,,,,,,,Drizal
1448,621,1905,Trow's,1377,Restaurants,Drukear (refused),230 E. 59 St.,Manhattan,New York,New York,230,E. 59,St.,,,,,,,Drukear
1449,622,1905,Trow's,1377,Restaurants,Dubin Abraham,22 Willett St.,Manhattan,New York,New York,22,Willett,St.,,,,,,,Dubin
1450,623,1905,Trow's,1377,Restaurants,Ducorsky Jacob,19 Forsyth St.,Manhattan,New York,New York,19,Forsyth,St.,,,,,,,Ducorsky
1451,624,1905,Trow's,1377,Restaurants,Dukas H. & Co.,3 Park  Row,Manhattan,New York,New York,3,Park ,Row,,,,,,,Dukas
1452,625,1905,Trow's,1377,Restaurants,Dunn Philip,86 South St.,Manhattan,New York,New York,86,South,St.,,,,,,,Dunn
1453,626,1905,Trow's,1377,Restaurants,Dunne Sophia,26 John St.,Manhattan,New York,New York,26,John,St.,,,,,,,Dunne
1454,627,1905,Trow's,1377,Restaurants,Eagle Restaurant,263 Greenwich  St.,Manhattan,New York,New York,263,Greenwich ,St.,,,,,,,Eagle
1455,628,1905,Trow's,1377,Restaurants,Eagle William,550 1 Ave.,Manhattan,New York,New York,550,1,Ave.,,,,,,,Eagle
1456,629,1905,Trow's,1377,Restaurants,Eagleston Richard,76 Tomp Mkt.,Manhattan,New York,New York,76,Tomp,Mkt.,,,,,,,Eagleston
1457,630,1905,Trow's,1377,Restaurants,Ebeling Ernst,468 W. 23 St.,Manhattan,New York,New York,468,W. 23,St.,,,,,,,Ebeling
1458,631,1905,Trow's,1377,Restaurants,"Eberlin Fred., Co.",11 New St.,Manhattan,New York,New York,11,New,St.,,,,,,,Eberlin
1459,632,1905,Trow's,1377,Restaurants,"Eberlin Fred., Co.",74 Broadway ,Manhattan,New York,New York,74,Broadway,,,,,,,,Eberlin
1460,633,1905,Trow's,1377,Restaurants,"Eberlin Fred., Co.",231 Broadway ,Manhattan,New York,New York,231,Broadway,,,,,,,,Eberlin
1461,634,1905,Trow's,1377,Restaurants,Eberth Charles R. ,16 E. 23 St.,Manhattan,New York,New York,16,E. 23,St.,,,,,,,Eberth
1462,635,1905,Trow's,1377,Restaurants,Ebling Nelson W. ,562 E. 143 St.,Manhattan,New York,New York,562,E. 143,St.,,,,,,,Ebling
1463,636,1905,Trow's,1377,Restaurants,Eckhardt Henry,208 3 Ave.,Manhattan,New York,New York,208,3,Ave.,,,,,,,Eckhardt
1464,637,1905,Trow's,1377,Restaurants,Eckerhoff Jacob,235 Willis  Ave.,Manhattan,New York,New York,235,Willis ,Ave.,,,,,,,Eckerhoff
1465,638,1905,Trow's,1377,Restaurants,Eckerhoff Jacob,636 E. 138 St.,Manhattan,New York,New York,636,E. 138,St.,,,,,,,Eckerhoff
1466,639,1905,Trow's,1377,Restaurants,Eddenberg Morris,112 Division St.,Manhattan,New York,New York,112,Division,St.,,,,,,,Eddenberg
1467,640,1905,Trow's,1377,Restaurants,Edelman & Gozin,29 Rutgers St.,Manhattan,New York,New York,29,Rutgers,St.,,,,,,,Edelman
1468,641,1905,Trow's,1377,Restaurants,Edelstein Samuel,88 University Pl.,Manhattan,New York,New York,88,University,Pl.,,,,,,,Edelstein
1469,642,1905,Trow's,1377,Restaurants,Edwards Mary R.,226 8 Ave.,Manhattan,New York,New York,226,8,Ave.,,,,,,,Edwards
1470,643,1905,Trow's,1377,Restaurants,Egger Catherine,107 Park Pl.,Manhattan,New York,New York,107,Park,Pl.,,,,,,,Egger
1471,644,1905,Trow's,1377,Restaurants,Egger John G. ,416 W. Broadway ,Manhattan,New York,New York,416,W. Broadway,,,,,,,,Egger
1472,645,1905,Trow's,1377,Restaurants,Egolnetzer Hyman,145 Avenue C,Manhattan,New York,New York,145,Avenue,C,,,,,,,Egolnetzer
1473,646,1905,Trow's,1377,Restaurants,Ehler & Heins,2553 3 Ave.,Manhattan,New York,New York,2553,3,Ave.,,,,,,,Ehler
1474,647,1905,Trow's,1377,Restaurants,Ehrenhaus Louis,56 Norfolk St.,Manhattan,New York,New York,56,Norfolk,St.,,,,,,,Ehrenhaus
1475,648,1905,Trow's,1377,Restaurants,Ehrenworth Hertz,141 Norfolk St.,Manhattan,New York,New York,141,Norfolk,St.,,,,,,,Ehrenworth
1476,649,1905,Trow's,1377,Restaurants,Ehrig Richmond,86 Fulton St.,Manhattan,New York,New York,86,Fulton,St.,,,,,,,Ehrig
1477,650,1905,Trow's,1377,Restaurants,Ehrler Domincik ,6 Chatham Sq.,Manhattan,New York,New York,6,Chatham,Sq.,,,,,,,Ehrler
1478,651,1905,Trow's,1377,Restaurants,Ehrlich Morris,186 Greene St.,Manhattan,New York,New York,186,Greene,St.,,,,,,,Ehrlich
1479,652,1905,Trow's,1377,Restaurants,Eichhorn Lena,272 Broome St.,Manhattan,New York,New York,272,Broome,St.,,,,,,,Eichhorn
1480,653,1905,Trow's,1377,Restaurants,Einhorn Hyman,48 Orchard St.,Manhattan,New York,New York,48,Orchard,St.,,,,,,,Einhorn
1481,654,1905,Trow's,1377,Restaurants,Eisenhardt Carl,388 8 Ave.,Manhattan,New York,New York,388,8,Ave.,,,,,,,Eisenhardt
1482,655,1905,Trow's,1377,Restaurants,Eisler Harry,93 Cannon St.,Manhattan,New York,New York,93,Cannon,St.,,,,,,,Eisler
1483,656,1905,Trow's,1377,Restaurants,Eisner Marcus,128 E. Houston St.,Manhattan,New York,New York,128,E. Houston,St.,,,,,,,Eisner
1484,657,1905,Trow's,1377,Restaurants,Eisener Max,265 Grand St.,Manhattan,New York,New York,265,Grand,St.,,,,,,,Eisener
1485,658,1905,Trow's,1377,Restaurants,Eiten Joseph,160 Madison St.,Manhattan,New York,New York,160,Madison,St.,,,,,,,Eiten
1486,659,1905,Trow's,1377,Restaurants,Elias Andrew,351 W. 59 St.,Manhattan,New York,New York,351,W. 59,St.,,,,,,,Elias
1487,660,1905,Trow's,1377,Restaurants,Elias Andrew,1886 3 Ave.,Manhattan,New York,New York,1886,3,Ave.,,,,,,,Elias
1488,661,1905,Trow's,1377,Restaurants,Eliasberg Max,37 John St.,Manhattan,New York,New York,37,John,St.,,,,,,,Eliasberg
1489,662,1905,Trow's,1377,Restaurants,Elisco Frank,156 West St.,Manhattan,New York,New York,156,West,St.,,,,,,,Elisco
1490,663,1905,Trow's,1377,Restaurants,Elsbach,123 Park Row,Manhattan,New York,New York,123,Park,Row,,,,,,,Elsbach
1491,664,1905,Trow's,1377,Restaurants,Emanuel & Pellerano,2169 8 Ave.,Manhattan,New York,New York,2169,8,Ave.,,,,,,,Emanuel
1492,665,1905,Trow's,1377,Restaurants,Emerich & Maus Hoffman Café Co.,18 Broadway ,Manhattan,New York,New York,18,Broadway,,,,,,,,Emerich
1493,666,1905,Trow's,1377,Restaurants,Emerich & Maus Hoffman Café Co.,7 Beaver St.,Manhattan,New York,New York,7,Beaver,St.,,,,,,,Emerich
1494,667,1905,Trow's,1377,Restaurants,Emerich & Maus Hoffman Café Co.,81 New St.,Manhattan,New York,New York,81,New,St.,,,,,,,Emerich
1495,668,1905,Trow's,1377,Restaurants,Emery Robert,199 Chambers St.,Manhattan,New York,New York,199,Chambers,St.,,,,,,,Emery
1496,669,1905,Trow's,1377,Restaurants,Emmerich John,56 W. Houston St.,Manhattan,New York,New York,56,W. Houston,St.,,,,,,,Emmerich
1497,670,1905,Trow's,1377,Restaurants,Empire Coffee & Lunch Room,36 Peck Sl.,Manhattan,New York,New York,36,Peck,Sl.,,,,,,,Empire
1498,671,1905,Trow's,1377,Restaurants,Enache Cosma,116 E. 4 St.,Manhattan,New York,New York,116,E. 4,St.,,,,,,,Enache
1499,672,1905,Trow's,1377,Restaurants,Endermer George H. ,101 West St.,Manhattan,New York,New York,101,West,St.,,,,,,,Endermer
1500,673,1905,Trow's,1377,Restaurants,Engel Samuel,38 Beaver St.,Manhattan,New York,New York,38,Beaver,St.,,,,,,,Engel
1501,674,1905,Trow's,1377,Restaurants,Engelhardt Brothers,26 W. 18 St.,Manhattan,New York,New York,26,W. 18,St.,,,,,,,Engelhardt
1502,675,1905,Trow's,1377,Restaurants,Engelman Emil,2888 3 Ave.,Manhattan,New York,New York,2888,3,Ave.,,,,,,,Engelman
1503,676,1905,Trow's,1377,Restaurants,Engels Jacob W. ,282 Avenue B.,Manhattan,New York,New York,282,Avenue,B.,,,,,,,Engels
1504,677,1905,Trow's,1377,Restaurants,Enters Joseph,201 E. 4 St.,Manhattan,New York,New York,201,E. 4,St.,,,,,,,Enters
1505,678,1905,Trow's,1377,Restaurants,Epicure Restaurant,45 Broad St.,Manhattan,New York,New York,45,Broad,St.,,,,,,,Epicure
1506,679,1905,Trow's,1377,Restaurants,Epps Alice,119 W. 25 St.,Manhattan,New York,New York,119,W. 25,St.,,,,,,,Epps
1507,680,1905,Trow's,1377,Restaurants,Epstein Ester,131 Monroe St.,Manhattan,New York,New York,131,Monroe,St.,,,,,,,Epstein
1508,681,1905,Trow's,1377,Restaurants,Epstein Gustav,147 E. 84 St.,Manhattan,New York,New York,147,E. 84,St.,,,,,,,Epstein
1509,682,1905,Trow's,1377,Restaurants,Epstein Morris,92 Prince St.,Manhattan,New York,New York,92,Prince,St.,,,,,,,Epstein
1510,683,1905,Trow's,1377,Restaurants,Epstein & Ludwig,43 Mercer St.,Manhattan,New York,New York,43,Mercer,St.,,,,,,,Epstein
1511,684,1905,Trow's,1377,Restaurants,Epstein & Scholle,30 St. Marks Pl.,Manhattan,New York,New York,30,St. Marks,Pl.,,,,,,,Epstein
1512,685,1905,Trow's,1377,Restaurants,Erckmann Charles,639 2 Ave.,Manhattan,New York,New York,639,2,Ave.,,,,,,,Erckmann
1513,686,1905,Trow's,1377,Restaurants,Erickson Jorgen,57 W. 21 St.,Manhattan,New York,New York,57,W. 21,St.,,,,,,,Erickson
1514,687,1905,Trow's,1377,Restaurants,Eschenbach Henry E.,850 8 Ave.,Manhattan,New York,New York,850,8,Ave.,,,,,,,Eschenbach
1515,688,1905,Trow's,1377,Restaurants,Essex Lunch System,1277 Broadway ,Manhattan,New York,New York,1277,Broadway,,,,,,,,Essex
1516,689,1905,Trow's,1377,Restaurants,Ettinger Max,288 Cherry St.,Manhattan,New York,New York,288,Cherry,St.,,,,,,,Ettinger
1517,690,1905,Trow's,1377,Restaurants,Euler Edward,83 4 Ave.,Manhattan,New York,New York,83,4,Ave.,,,,,,,Euler
1518,691,1905,Trow's,1377,Restaurants,Eureka Restaurant,40 W. 18 St.,Manhattan,New York,New York,40,W. 18,St.,,,,,,,Eureka
1519,692,1905,Trow's,1377,Restaurants,Evants I. ,139 Greene St.,Manhattan,New York,New York,139,Greene,St.,,,,,,,Evants
1520,693,1905,Trow's,1377,Restaurants,Evarts Arthur,495 7 Ave.,Manhattan,New York,New York,495,7,Ave.,,,,,,,Evarts
1521,694,1905,Trow's,1377,Restaurants,Evenburg Mendel,176 Eldridge St.,Manhattan,New York,New York,176,Eldridge,St.,,,,,,,Evenburg
1522,695,1905,Trow's,1377,Restaurants,Excelsior Restaurant & Lunch Room,425 6 Ave.,Manhattan,New York,New York,425,6,Ave.,,,,,,,Excelsior
1523,696,1905,Trow's,1377,Restaurants,Exchange Buffet Corporation,97 Liberty St.,Manhattan,New York,New York,97,Liberty,St.,,,,,,,Exchange
1524,697,1905,Trow's,1377,Restaurants,Exchange Buffet Corporation,126 Liberty St.,Manhattan,New York,New York,126,Liberty,St.,,,,,,,Exchange
1525,698,1905,Trow's,1377,Restaurants,Exchange Buffet Corporation,46 Broad St.,Manhattan,New York,New York,46,Broad,St.,,,,,,,Exchange
1526,699,1905,Trow's,1377,Restaurants,Exchange Buffet Corporation,74 Broad St.,Manhattan,New York,New York,74,Broad,St.,,,,,,,Exchange
1527,700,1905,Trow's,1377,Restaurants,Eyrie Restaurant,150 Nassau St.,Manhattan,New York,New York,150,Nassau,St.,,,,,,,Eyrie
1528,701,1905,Trow's,1377,Restaurants,Faber C. W. ,650 Greenwich  St.,Manhattan,New York,New York,650,Greenwich ,St.,,,,,,,Faber
1529,702,1905,Trow's,1377,Restaurants,Fabietti Nicholas,Elliott Ave Wiliamsberg Bridge ,Manhattan,New York,New York,Elliott Ave,Wiliamsberg Bridge,,,,,,,,Fabietti
1530,703,1905,Trow's,1377,Restaurants,Faigle Albert,526 3 Ave.,Manhattan,New York,New York,526,3,Ave.,,,,,,,Faigle
1531,704,1905,Trow's,1377,Restaurants,Fair Wiliam A. ,259 William St.,Manhattan,New York,New York,259,William,St.,,,,,,,Fair
1532,705,1905,Trow's,1377,Restaurants,Fairio Frank,239 E. 108 St.,Manhattan,New York,New York,239,E. 108,St.,,,,,,,Fairio
1533,706,1905,Trow's,1377,Chinese restaurant,Fan Hum,269 W. 39 St.,Manhattan,New York,New York,269,W. 39,St.,,,,,,,Fan
1534,707,1905,Trow's,1377,Restaurants,Farfaro Laurence,60 Vesey St.,Manhattan,New York,New York,60,Vesey,St.,,,,,,,Farfaro
1535,708,1905,Trow's,1377,Restaurants,Farrington Jonas M. ,1424 Broadway ,Manhattan,New York,New York,1424,Broadway,,,,,,,,Farrington
1536,709,1905,Trow's,1377,Restaurants,Farrow George Douglas,50 W. 134 St.,Manhattan,New York,New York,50,W. 134,St.,,,,,,,Farrow
1537,710,1905,Trow's,1377,Restaurants,Fassler Herman,1556 2 Ave.,Manhattan,New York,New York,1556,2,Ave.,,,,,,,Fassler
1538,711,1905,Trow's,1377,Restaurants,Faughnan Patrick,988 1 Ave.,Manhattan,New York,New York,988,1,Ave.,,,,,,,Faughnan
1539,712,1905,Trow's,1377,Restaurants,Fay John T. ,311 W. 125 St.,Manhattan,New York,New York,311,W. 125,St.,,,,,,,Fay
1540,713,1905,Trow's,1377,Restaurants,Fay Thomas,2235 8 Ave.,Manhattan,New York,New York,2235,8,Ave.,,,,,,,Fay
1541,714,1905,Trow's,1377,Restaurants,Feaster Frank,2391 2 Ave.,Manhattan,New York,New York,2391,2,Ave.,,,,,,,Feaster
1542,715,1905,Trow's,1377,Restaurants,Feaster Frank,2958 3 Ave.,Manhattan,New York,New York,2958,3,Ave.,,,,,,,Feaster
1543,716,1905,Trow's,1377,Restaurants,Feaster Frank,637 E. 138 St.,Manhattan,New York,New York,637,E. 138,St.,,,,,,,Feaster
1544,717,1905,Trow's,1377,Restaurants,Feaster George,1489 2 Ave.,Manhattan,New York,New York,1489,2,Ave.,,,,,,,Feaster
1545,718,1905,Trow's,1377,Restaurants,Feaster Henry ,2237 2 Ave.,Manhattan,New York,New York,2237,2,Ave.,,,,,,,Feaster
1546,719,1905,Trow's,1377,Restaurants,Feaster John J. ,1598 3 Ave.,Manhattan,New York,New York,1598,3,Ave.,,,,,,,Feaster
1547,720,1905,Trow's,1377,Restaurants,Feaster William,1955 3 Ave.,Manhattan,New York,New York,1955,3,Ave.,,,,,,,Feaster
1548,721,1905,Trow's,1377,Restaurants,Fehr August,285 Bowery St.,Manhattan,New York,New York,285,Bowery,St.,,,,,,,Fehr
1549,722,1905,Trow's,1377,Restaurants,Feick & Beckman,S. Boulevard & Webster Ave.,Manhattan,New York,New York,S. Boulevard,& Webster,Ave.,,,,,,,Feick
1550,723,1905,Trow's,1377,Restaurants,Feifer Abraham,183 E. Broadway ,Manhattan,New York,New York,183,E. Broadway,,,,,,,,Feifer
1551,724,1905,Trow's,1377,Restaurants,Feifer David,1673 Madison Ave.,Manhattan,New York,New York,1673,Madison,Ave.,,,,,,,Feifer
1552,725,1905,Trow's,1377,Restaurants,Feigelson Max,17 West St.,Manhattan,New York,New York,17,West,St.,,,,,,,Feigelson
1553,726,1905,Trow's,1377,Restaurants,Feigenbaum Abraham,156 Attorney St.,Manhattan,New York,New York,156,Attorney,St.,,,,,,,Feigenbaum
1554,727,1905,Trow's,1377,Restaurants,Feigenbaum Sarah,5 Jackson St.,Manhattan,New York,New York,5,Jackson,St.,,,,,,,Feigenbaum
1555,728,1905,Trow's,1377,Restaurants,Feilenbergen Jacob M. ,218 Madison St.,Manhattan,New York,New York,218,Madison,St.,,,,,,,Feilenbergen
1556,729,1905,Trow's,1377,Restaurants,Fein Jane,150 Madison St.,Manhattan,New York,New York,150,Madison,St.,,,,,,,Fein
1557,730,1905,Trow's,1377,Restaurants,Feinberg Morris,509 Broome St.,Manhattan,New York,New York,509,Broome,St.,,,,,,,Feinberg
1558,731,1905,Trow's,1377,Restaurants,Feinstein Isaac,828 1 Ave.,Manhattan,New York,New York,828,1,Ave.,,,,,,,Feinstein
1559,732,1905,Trow's,1377,Restaurants,Feinstein Samuel,25 Suffolk St.,Manhattan,New York,New York,25,Suffolk,St.,,,,,,,Feinstein
1560,733,1905,Trow's,1377,Restaurants,Feider Fannie,116 Cannon St.,Manhattan,New York,New York,116,Cannon,St.,,,,,,,Feider
1561,734,1905,Trow's,1377,Restaurants,Feldheim Anna,159 W. 41 St.,Manhattan,New York,New York,159,W. 41,St.,,,,,,,Feldheim
1562,735,1905,Trow's,1377,Restaurants,Feldman Ida,198 Allen St.,Manhattan,New York,New York,198,Allen,St.,,,,,,,Feldman
1563,736,1905,Trow's,1377,Restaurants,Feldman Isaac,256 Mercer St.,Manhattan,New York,New York,256,Mercer,St.,,,,,,,Feldman
1564,737,1905,Trow's,1377,Restaurants,Feldman Joseph,57 Forsyth St.,Manhattan,New York,New York,57,Forsyth,St.,,,,,,,Feldman
1565,738,1905,Trow's,1377,Restaurants,Feldstrick Malachi,88 Ridge St.,Manhattan,New York,New York,88,Ridge,St.,,,,,,,Feldstrick
1566,739,1905,Trow's,1377,Restaurants,Felix J. ,103 W. 28 St.,Manhattan,New York,New York,103,W. 28,St.,,,,,,,Felix
1567,740,1905,Trow's,1377,Restaurants,Feller Benjamin,227 Stanton St.,Manhattan,New York,New York,227,Stanton,St.,,,,,,,Feller
1568,741,1905,Trow's,1377,Restaurants,Feller Gustav,457 11 Ave.,Manhattan,New York,New York,457,11,Ave.,,,,,,,Feller
1569,742,1905,Trow's,1377,Restaurants,Ferad Edward,30 Lexington Ave.,Manhattan,New York,New York,30,Lexington,Ave.,,,,,,,Ferad
1570,743,1905,Trow's,1377,Restaurants,Ferdinand & Littwin,80 6 Ave.,Manhattan,New York,New York,80,6,Ave.,,,,,,,Ferdinand
1571,744,1905,Trow's,1377,Restaurants,Ferentz & Greenbaum,118 Clinton St.,Manhattan,New York,New York,118,Clinton,St.,,,,,,,Ferentz
1572,745,1905,Trow's,1377,Restaurants,Ferralasco Leonardo,69 Park St.,Manhattan,New York,New York,69,Park,St.,,,,,,,Ferralasco
1573,746,1905,Trow's,1377,Restaurants,Ferrando Geneva,90 Macdougal St.,Manhattan,New York,New York,90,Macdougal,St.,,,,,,,Ferrando
1574,747,1905,Trow's,1377,Restaurants,Ferrara Anthony,195 Grand St.,Manhattan,New York,New York,195,Grand,St.,,,,,,,Ferrara
1575,748,1905,Trow's,1377,Restaurants,Ferrar Nicolo,13 Prince St.,Manhattan,New York,New York,13,Prince,St.,,,,,,,Ferrar
1576,749,1905,Trow's,1377,Restaurants,Ferreo Michele,84 Mulberry St.,Manhattan,New York,New York,84,Mulberry,St.,,,,,,,Ferreo
1577,750,1905,Trow's,1378,Restaurants,Ferris John J. ,1852 2 Ave.,Manhattan,New York,New York,1852,2,Ave.,,,,,,,Ferris
1578,751,1905,Trow's,1378,Restaurants,Feurstein Joseph,54 Stanton St.,Manhattan,New York,New York,54,Stanton,St.,,,,,,,Feurstein
1579,752,1905,Trow's,1378,Restaurants,Fichman Charles,358 Bowery St.,Manhattan,New York,New York,358,Bowery,St.,,,,,,,Fichman
1580,753,1905,Trow's,1378,Restaurants,Fichman Sigmund,959 3 Ave.,Manhattan,New York,New York,959,3,Ave.,,,,,,,Fichman
1581,754,1905,Trow's,1378,Restaurants,Fichman Sigmund,758 7 Ave.,Manhattan,New York,New York,758,7,Ave.,,,,,,,Fichman
1582,755,1905,Trow's,1378,Restaurants,Fiedelman Morris,232 West St.,Manhattan,New York,New York,232,West,St.,,,,,,,Fiedelman
1583,756,1905,Trow's,1378,Restaurants,Fienstein Isaac,828 1 Ave.,Manhattan,New York,New York,828,1,Ave.,,,,,,,Fienstein
1584,757,1905,Trow's,1378,Restaurants,Findley Alfred,3150 3 Ave.,Manhattan,New York,New York,3150,3,Ave.,,,,,,,Findley
1585,758,1905,Trow's,1378,Restaurants,Finkelstein Louis I.,5 Morris St.,Manhattan,New York,New York,5,Morris,St.,,,,,,,Finkelstein
1586,759,1905,Trow's,1378,Restaurants,Finkelstein Max,211 Madison St.,Manhattan,New York,New York,211,Madison,St.,,,,,,,Finkelstein
1587,760,1905,Trow's,1378,Restaurants,Finn James,52 Broad St.,Manhattan,New York,New York,52,Broad,St.,,,,,,,Finn
1588,761,1905,Trow's,1378,Restaurants,Finnen Louis,163 E. 126 St.,Manhattan,New York,New York,163,E. 126,St.,,,,,,,Finnen
1589,762,1905,Trow's,1378,Restaurants,Finoxlusso Salvatore,2151 2 Ave.,Manhattan,New York,New York,2151,2,Ave.,,,,,,,Finoxlusso
1590,763,1905,Trow's,1378,Restaurants,Firestein Philip,111 Columbia St.,Manhattan,New York,New York,111,Columbia,St.,,,,,,,Firestein
1591,764,1905,Trow's,1378,Restaurants,Fischer Abraham,34 Canal St.,Manhattan,New York,New York,34,Canal,St.,,,,,,,Fischer
1592,765,1905,Trow's,1378,Restaurants,Fischer John H. ,135 E. 48 St.,Manhattan,New York,New York,135,E. 48,St.,,,,,,,Fischer
1593,766,1905,Trow's,1378,Restaurants,Fischer Joseph,76 Maiden Ln.,Manhattan,New York,New York,76,Maiden,Ln.,,,,,,,Fischer
1594,767,1905,Trow's,1378,Restaurants,Fischer Louis,142 Rivington St.,Manhattan,New York,New York,142,Rivington,St.,,,,,,,Fischer
1595,768,1905,Trow's,1378,Restaurants,Fischer Nathan & Louis,121 Rivington St.,Manhattan,New York,New York,121,Rivington,St.,,,,,,,Fischer
1596,769,1905,Trow's,1378,Restaurants,Fischer Paul,445 Pearl St.,Manhattan,New York,New York,445,Pearl,St.,,,,,,,Fischer
1597,770,1905,Trow's,1378,Restaurants,Fischer Wolf,78 Stanton St.,Manhattan,New York,New York,78,Stanton,St.,,,,,,,Fischer
1598,771,1905,Trow's,1378,Restaurants,Fischer & Kransnow,228 Bleecker St.,Manhattan,New York,New York,228,Bleecker,St.,,,,,,,Fischer
1599,772,1905,Trow's,1378,Restaurants,Fischler Moses,119 Orchard St.,Manhattan,New York,New York,119,Orchard,St.,,,,,,,Fischler
1600,773,1905,Trow's,1378,Restaurants,Fischman Max,82 Avenue B,Manhattan,New York,New York,82,Avenue,B,,,,,,,Fischman
1601,774,1905,Trow's,1378,Restaurants,Fisher Brothers,51 W. 14 St.,Manhattan,New York,New York,51,W. 14,St.,,,,,,,Fisher
1602,775,1905,Trow's,1378,Restaurants,Fisher & Lukasher,570 Hudson St.,Manhattan,New York,New York,570,Hudson,St.,,,,,,,Fisher
1603,776,1905,Trow's,1378,Restaurants,Fitzpatrick William,180 Spring St.,Manhattan,New York,New York,180,Spring,St.,,,,,,,Fitzpatrick
1604,777,1905,Trow's,1378,Restaurants,Flat Iron Restaurant Co.,949 Broadway ,Manhattan,New York,New York,949,Broadway,,,,,,,,Flat
1605,778,1905,Trow's,1378,Restaurants,Flatz Walter,742 St. Anns Ave.,Manhattan,New York,New York,742,St. Anns,Ave.,,,,,,,Flatz
1606,779,1905,Trow's,1378,Restaurants,Flauti Alfonso & Co.,171 Sullivan St.,Manhattan,New York,New York,171,Sullivan,St.,,,,,,,Flauti
1607,780,1905,Trow's,1378,Restaurants,Fleck F. C. ,758 8 Ave.,Manhattan,New York,New York,758,8,Ave.,,,,,,,Fleck
1608,781,1905,Trow's,1378,Restaurants,"Fleischer Joseph, Co.",4 Chatham Sq.,Manhattan,New York,New York,4,Chatham,Sq.,,,,,,,Fleischer
1609,782,1905,Trow's,1378,Restaurants,"Fleischer Joseph, Co.",87 Bowery St.,Manhattan,New York,New York,87,Bowery,St.,,,,,,,Fleischer
1610,783,1905,Trow's,1378,Restaurants,"Fleischer Joseph, Co.",169 William St.,Manhattan,New York,New York,169,William,St.,,,,,,,Fleischer
1611,784,1905,Trow's,1378,Restaurants,"Fleischer Joseph, Co.",199 Bleecker St.,Manhattan,New York,New York,199,Bleecker,St.,,,,,,,Fleischer
1612,785,1905,Trow's,1378,Restaurants,Fleischmann Vienna Restaurant Co.,140 Nassau St.,Manhattan,New York,New York,140,Nassau,St.,,,,,,,Fleischmann
1613,786,1905,Trow's,1378,Restaurants,Fleischmann's Vienna Model Bakery,788 Broadway ,Manhattan,New York,New York,788,Broadway,,,,,,,,Fleischmann's
1614,787,1905,Trow's,1378,Restaurants,Flight Margaret,121 Leonard St.,Manhattan,New York,New York,121,Leonard,St.,,,,,,,Flight
1615,788,1905,Trow's,1378,Restaurants,Flisser Adolph,38 W. Houston St.,Manhattan,New York,New York,38,W. Houston,St.,,,,,,,Flisser
1616,789,1905,Trow's,1378,Restaurants,Flood Frances B.,131 W. 14 St.,Manhattan,New York,New York,131,W. 14,St.,,,,,,,Flood
1617,790,1905,Trow's,1378,Restaurants,Flurscheim Max,2641 3 Ave.,Manhattan,New York,New York,2641,3,Ave.,,,,,,,Flurscheim
1618,791,1905,Trow's,1378,Restaurants,Flynn Thomas,77 Tomp Mkt.,Manhattan,New York,New York,77,Tomp,Mkt.,,,,,,,Flynn
1619,792,1905,Trow's,1378,Restaurants,Foglia Emanuel,2169 8 Ave.,Manhattan,New York,New York,2169,8,Ave.,,,,,,,Foglia
1620,793,1905,Trow's,1378,Restaurants,Folkes Louis,951 Amsterdam Ave.,Manhattan,New York,New York,951,Amsterdam,Ave.,,,,,,,Folkes
1621,794,1905,Trow's,1378,Chinese restaurant,Foo Nom Low & Co.,11 Mott St.,Manhattan,New York,New York,11,Mott,St.,,,,,,,Foo
1622,795,1905,Trow's,1378,Restaurants,Foppiano Carlo,148 Church St.,Manhattan,New York,New York,148,Church,St.,,,,,,,Foppiano
1623,796,1905,Trow's,1378,Restaurants,"Fornara, Berasconi & Franchini",551 W. Broadway ,Manhattan,New York,New York,551,W. Broadway,,,,,,,,"Fornara,"
1624,797,1905,Trow's,1378,Restaurants,Forney John A.,47 New Bowery St.,Manhattan,New York,New York,47,New Bowery,St.,,,,,,,Forney
1625,798,1905,Trow's,1378,Restaurants,Fortwengler Victor,3 William St.,Manhattan,New York,New York,3,William,St.,,,,,,,Fortwengler
1626,799,1905,Trow's,1378,Restaurants,Fortwengler Victor,3 S. William St.,Manhattan,New York,New York,3,S. William,St.,,,,,,,Fortwengler
1627,800,1905,Trow's,1378,Restaurants,Forziati Garibaldi ,356 E. 112 St.,Manhattan,New York,New York,356,E. 112,St.,,,,,,,Forziati
1628,801,1905,Trow's,1378,Restaurants,Fossa Giacomo,483 Pearl St.,Manhattan,New York,New York,483,Pearl,St.,,,,,,,Fossa
1629,802,1905,Trow's,1378,Restaurants,Fotoplos Peter& Co.,2303 8 Ave.,Manhattan,New York,New York,2303,8,Ave.,,,,,,,Fotoplos
1630,803,1905,Trow's,1378,Restaurants,Fox Hubert F. ,296 10 Ave.,Manhattan,New York,New York,296,10,Ave.,,,,,,,Fox
1631,804,1905,Trow's,1378,Restaurants,Fox Leo,77 Avenue C,Manhattan,New York,New York,77,Avenue,C,,,,,,,Fox
1632,805,1905,Trow's,1378,Restaurants,Foy Brothers,1482 3 Ave.,Manhattan,New York,New York,1482,3,Ave.,,,,,,,Foy
1633,806,1905,Trow's,1378,Restaurants,Foy Brothers,466 8 Ave.,Manhattan,New York,New York,466,8,Ave.,,,,,,,Foy
1634,807,1905,Trow's,1378,Restaurants,Foy & Crook,22 Beekmann St.,Manhattan,New York,New York,22,Beekmann,St.,,,,,,,Foy
1635,808,1905,Trow's,1378,Restaurants,Franchini Joseph,103 W. 38 St.,Manhattan,New York,New York,103,W. 38,St.,,,,,,,Franchini
1636,809,1905,Trow's,1378,Restaurants,Franco Giuseppe,2205 1 Ave.,Manhattan,New York,New York,2205,1,Ave.,,,,,,,Franco
1637,810,1905,Trow's,1378,Restaurants,Frank Joseph,865 3 Ave.,Manhattan,New York,New York,865,3,Ave.,,,,,,,Frank
1638,811,1905,Trow's,1378,Restaurants,Frank Samuel & Co.,62 Henry St.,Manhattan,New York,New York,62,Henry,St.,,,,,,,Frank
1639,812,1905,Trow's,1378,Restaurants,Frank William R. ,512 6 Ave.,Manhattan,New York,New York,512,6,Ave.,,,,,,,Frank
1640,813,1905,Trow's,1378,Restaurants,Frankel Lena,336 6 St.,Manhattan,New York,New York,336,6,St.,,,,,,,Frankel
1641,814,1905,Trow's,1378,Restaurants,Frankel Max,70 9 St.,Manhattan,New York,New York,70,9,St.,,,,,,,Frankel
1642,815,1905,Trow's,1378,Restaurants,Frankel Morris,1377 3 Ave.,Manhattan,New York,New York,1377,3,Ave.,,,,,,,Frankel
1643,816,1905,Trow's,1378,Restaurants,Franklin James,249 E. 127 St.,Manhattan,New York,New York,249,E. 127,St.,,,,,,,Franklin
1644,817,1905,Trow's,1378,Restaurants,Franks Edward,1778 2 Ave.,Manhattan,New York,New York,1778,2,Ave.,,,,,,,Franks
1645,818,1905,Trow's,1378,Restaurants,Frascogna Guido,136 Broad St.,Manhattan,New York,New York,136,Broad,St.,,,,,,,Frascogna
1646,819,1905,Trow's,1378,Restaurants,Frascogna & Co.,250 Greenwich  St.,Manhattan,New York,New York,250,Greenwich ,St.,,,,,,,Frascogna
1647,820,1905,Trow's,1378,Restaurants,Freany & Nathan,179 E. 124 St.,Manhattan,New York,New York,179,E. 124,St.,,,,,,,Freany
1648,821,1905,Trow's,1378,Restaurants,Freed Joseph,1412 3 Ave.,Manhattan,New York,New York,1412,3,Ave.,,,,,,,Freed
1649,822,1905,Trow's,1378,Restaurants,Freedman Frederick,86 2 Ave.,Manhattan,New York,New York,86,2,Ave.,,,,,,,Freedman
1650,823,1905,Trow's,1378,Restaurants,Freid Jacob,167 Crosby St.,Manhattan,New York,New York,167,Crosby,St.,,,,,,,Freid
1651,824,1905,Trow's,1378,Restaurants,Freitage & Maier,39 E. 59 St.,Manhattan,New York,New York,39,E. 59,St.,,,,,,,Freitage
1652,825,1905,Trow's,1378,Restaurants,Fresche Babette,137 Sullivan St.,Manhattan,New York,New York,137,Sullivan,St.,,,,,,,Fresche
1653,826,1905,Trow's,1378,Restaurants,Freund Adolph,44 E. 9 St.,Manhattan,New York,New York,44,E. 9,St.,,,,,,,Freund
1654,827,1905,Trow's,1378,Restaurants,Freund Herman,611 3 Ave.,Manhattan,New York,New York,611,3,Ave.,,,,,,,Freund
1655,828,1905,Trow's,1378,Restaurants,Frey Rudolph,876 Pelham  Ave.,Manhattan,New York,New York,876,Pelham ,Ave.,,,,,,,Frey
1656,829,1905,Trow's,1378,Restaurants,Fricke Frederick,477 Canal St.,Manhattan,New York,New York,477,Canal,St.,,,,,,,Fricke
1657,830,1905,Trow's,1378,Restaurants,Fried David,61 Bleecker St.,Manhattan,New York,New York,61,Bleecker,St.,,,,,,,Fried
1658,831,1905,Trow's,1378,Restaurants,Friedberg Abram,163 Henry St.,Manhattan,New York,New York,163,Henry,St.,,,,,,,Friedberg
1659,832,1905,Trow's,1378,Restaurants,Friedman Benjamin,354 E. Houston St.,Manhattan,New York,New York,354,E. Houston,St.,,,,,,,Friedman
1660,833,1905,Trow's,1378,Restaurants,Friedman Frederick,86 2 Ave.,Manhattan,New York,New York,86,2,Ave.,,,,,,,Friedman
1661,834,1905,Trow's,1378,Restaurants,Friedman Hyman,3 Eldridge St.,Manhattan,New York,New York,3,Eldridge,St.,,,,,,,Friedman
1662,835,1905,Trow's,1378,Restaurants,Friedman Isidor,121 E. Houston St.,Manhattan,New York,New York,121,E. Houston,St.,,,,,,,Friedman
1663,836,1905,Trow's,1378,Restaurants,Friedman Samuel,45 Stanton St.,Manhattan,New York,New York,45,Stanton,St.,,,,,,,Friedman
1664,837,1905,Trow's,1378,Restaurants,Friedmann Samuel,530 6 Ave.,Manhattan,New York,New York,530,6,Ave.,,,,,,,Friedmann
1665,838,1905,Trow's,1378,Restaurants,Friedrich Powel,57 Division St.,Manhattan,New York,New York,57,Division,St.,,,,,,,Friedrich
1666,839,1905,Trow's,1378,Restaurants,Fries Harry,51 Duane St.,Manhattan,New York,New York,51,Duane,St.,,,,,,,Fries
1667,840,1905,Trow's,1378,Restaurants,Friese Ida,20 W. 33 St.,Manhattan,New York,New York,20,W. 33,St.,,,,,,,Friese
1668,841,1905,Trow's,1378,Restaurants,Frische Adolph,13 2 Ave.,Manhattan,New York,New York,13,2,Ave.,,,,,,,Frische
1669,842,1905,Trow's,1378,Restaurants,Fritts F. F. Co.,124 Chambers St.,Manhattan,New York,New York,124,Chambers,St.,,,,,,,Fritts
1670,843,1905,Trow's,1378,Restaurants,Fritts F. F. Co.,779 Broadway ,Manhattan,New York,New York,779,Broadway,,,,,,,,Fritts
1671,844,1905,Trow's,1378,Restaurants,Fritts F. F. Co.,2 Hudson St.,Manhattan,New York,New York,2,Hudson,St.,,,,,,,Fritts
1672,845,1905,Trow's,1378,Restaurants,Fritts F. F. Co.,81 White St.,Manhattan,New York,New York,81,White,St.,,,,,,,Fritts
1673,846,1905,Trow's,1378,Restaurants,Fritts F. F. Co.,34 White St.,Manhattan,New York,New York,34,White,St.,,,,,,,Fritts
1674,847,1905,Trow's,1378,Restaurants,Frommer Samuel,52 E. 4 St.,Manhattan,New York,New York,52,E. 4,St.,,,,,,,Frommer
1675,848,1905,Trow's,1378,Restaurants,Fuchs Herman,82 Attorney St.,Manhattan,New York,New York,82,Attorney,St.,,,,,,,Fuchs
1676,849,1905,Trow's,1378,Restaurants,Fuchs Hyman,156 Rivington St.,Manhattan,New York,New York,156,Rivington,St.,,,,,,,Fuchs
1677,850,1905,Trow's,1378,Restaurants,Fuer Samuel,74 Sheriff St.,Manhattan,New York,New York,74,Sheriff,St.,,,,,,,Fuer
1678,851,1905,Trow's,1378,Restaurants,Fuhrman Emanuel,49 Broad St.,Manhattan,New York,New York,49,Broad,St.,,,,,,,Fuhrman
1679,852,1905,Trow's,1378,Restaurants,Fusillo Paolo,337 E. 109 St.,Manhattan,New York,New York,337,E. 109,St.,,,,,,,Fusillo
1680,853,1905,Trow's,1378,Restaurants,Gaebler Robert,1959 3 Ave.,Manhattan,New York,New York,1959,3,Ave.,,,,,,,Gaebler
1681,854,1905,Trow's,1378,Restaurants,Galilee Restaurant,338 E. 23 St.,Manhattan,New York,New York,338,E. 23,St.,,,,,,,Galilee
1682,855,1905,Trow's,1378,Restaurants,Gallagher James J. ,123 W. 112 St.,Manhattan,New York,New York,123,W. 112,St.,,,,,,,Gallagher
1683,856,1905,Trow's,1378,Restaurants,Gallard Henry,134 W. 28 St.,Manhattan,New York,New York,134,W. 28,St.,,,,,,,Gallard
1684,857,1905,Trow's,1378,Restaurants,Gallat Armand,3649 3 Ave.,Manhattan,New York,New York,3649,3,Ave.,,,,,,,Gallat
1685,858,1905,Trow's,1378,Restaurants,Galm Carl,800 11 Ave.,Manhattan,New York,New York,800,11,Ave.,,,,,,,Galm
1686,859,1905,Trow's,1378,Restaurants,Gang Reuben,65 E. 11 St.,Manhattan,New York,New York,65,E. 11,St.,,,,,,,Gang
1687,860,1905,Trow's,1378,Restaurants,Ganzer Harry,32 West St.,Manhattan,New York,New York,32,West,St.,,,,,,,Ganzer
1688,861,1905,Trow's,1378,Restaurants,Garbade Emily C. C. ,78 W. Houston St.,Manhattan,New York,New York,78,W. Houston,St.,,,,,,,Garbade
1689,862,1905,Trow's,1378,Restaurants,Gardella John,84 West St.,Manhattan,New York,New York,84,West,St.,,,,,,,Gardella
1690,863,1905,Trow's,1378,Restaurants,Gardella Matthew,156 Church St.,Manhattan,New York,New York,156,Church,St.,,,,,,,Gardella
1691,864,1905,Trow's,1378,Restaurants,Garfunkel Max,9 Ann St.,Manhattan,New York,New York,9,Ann,St.,,,,,,,Garfunkel
1692,865,1905,Trow's,1378,Restaurants,Garibaldi Forziati,356 E. 112 St.,Manhattan,New York,New York,356,E. 112,St.,,,,,,,Garibaldi
1693,866,1905,Trow's,1378,Restaurants,Garatt Frank,430 Pearl St.,Manhattan,New York,New York,430,Pearl,St.,,,,,,,Garatt
1694,867,1905,Trow's,1378,Restaurants,Garvin Edward D. ,161 Madison St.,Manhattan,New York,New York,161,Madison,St.,,,,,,,Garvin
1695,868,1905,Trow's,1378,Restaurants,Gatzenmeier Rudolph,1760 2 Ave.,Manhattan,New York,New York,1760,2,Ave.,,,,,,,Gatzenmeier
1696,869,1905,Trow's,1378,Restaurants,Gazzali Nazarini,184 West St.,Manhattan,New York,New York,184,West,St.,,,,,,,Gazzali
1697,870,1905,Trow's,1378,Restaurants,Gazzo Gerome,1427 Broadway ,Manhattan,New York,New York,1427,Broadway,,,,,,,,Gazzo
1698,871,1905,Trow's,1378,Restaurants,Gebhardt Henry,544 11 Ave.,Manhattan,New York,New York,544,11,Ave.,,,,,,,Gebhardt
1699,872,1905,Trow's,1378,Chinese restaurant,Gee George W. ,404 W. 14 St.,Manhattan,New York,New York,404,W. 14,St.,,,,,,,Gee
1700,873,1905,Trow's,1378,Restaurants,Geering Alfred & William R. ,83 William St.,Manhattan,New York,New York,83,William,St.,,,,,,,Geering
1701,874,1905,Trow's,1378,Restaurants,Gehben Ernest J. ,26 Ann St.,Manhattan,New York,New York,26,Ann,St.,,,,,,,Gehben
1702,875,1905,Trow's,1378,Restaurants,Gehring August,28 St Marks Pl.,Manhattan,New York,New York,28,St Marks,Pl.,,,,,,,Gehring
1703,876,1905,Trow's,1378,Restaurants,Geier William,135 3 Ave.,Manhattan,New York,New York,135,3,Ave.,,,,,,,Geier
1704,877,1905,Trow's,1378,Restaurants,Geister Adolph,"25 W, Washington Mkt.",Manhattan,New York,New York,25,"W, Washington",Mkt.,,,,,,,Geister
1705,878,1905,Trow's,1378,Restaurants,Gelb Louis,57 E. Houston St.,Manhattan,New York,New York,57,E. Houston,St.,,,,,,,Gelb
1706,879,1905,Trow's,1378,Restaurants,Geller Benjamin,33.5 Stanton St.,Manhattan,New York,New York,33.5,Stanton,St.,,,,,,,Geller
1707,880,1905,Trow's,1378,Restaurants,Gelsher Mary,464 11 Ave.,Manhattan,New York,New York,464,11,Ave.,,,,,,,Gelsher
1708,881,1905,Trow's,1378,Restaurants,Gemarel Samuel ,110 West St.,Manhattan,New York,New York,110,West,St.,,,,,,,Gemarel
1709,882,1905,Trow's,1378,Restaurants,Geneva Herman,34 Church St.,Manhattan,New York,New York,34,Church,St.,,,,,,,Geneva
1710,883,1905,Trow's,1378,Restaurants,Gengenbach & Lievstein,19 Coenties Sl.,Manhattan,New York,New York,19,Coenties,Sl.,,,,,,,Gengenbach
1711,884,1905,Trow's,1378,Restaurants,George Demetrius,80 Oliver St.,Manhattan,New York,New York,80,Oliver,St.,,,,,,,George
1712,885,1905,Trow's,1378,Restaurants,George John,200 E. 127 St.,Manhattan,New York,New York,200,E. 127,St.,,,,,,,George
1713,886,1905,Trow's,1378,Restaurants,George Joseph,573 S. Boulevard St.,Manhattan,New York,New York,573,S. Boulevard,St.,,,,,,,George
1714,887,1905,Trow's,1378,Restaurants,George P. & Angelos Co. ,892 8 Ave.,Manhattan,New York,New York,892,8,Ave.,,,,,,,George
1715,888,1905,Trow's,1378,Restaurants,George & Co.,121 E. 126 St.,Manhattan,New York,New York,121,E. 126,St.,,,,,,,George
1716,889,1905,Trow's,1378,Restaurants,Gerlach Gustav,443 W. 13 St.,Manhattan,New York,New York,443,W. 13,St.,,,,,,,Gerlach
1717,890,1905,Trow's,1378,Restaurants,Gerlip Frederick,446 Lexington Ave.,Manhattan,New York,New York,446,Lexington,Ave.,,,,,,,Gerlip
1718,891,1905,Trow's,1378,Restaurants,Gernannt William,92 William St.,Manhattan,New York,New York,92,William,St.,,,,,,,Gernannt
1719,892,1905,Trow's,1378,Restaurants,Gerson Albert,743 6 Ave.,Manhattan,New York,New York,743,6,Ave.,,,,,,,Gerson
1720,893,1905,Trow's,1378,Restaurants,Gerson Albert,1044 6 Ave.,Manhattan,New York,New York,1044,6,Ave.,,,,,,,Gerson
1721,894,1905,Trow's,1378,Restaurants,Gesing Charles,158 W. Broadway ,Manhattan,New York,New York,158,W. Broadway,,,,,,,,Gesing
1722,895,1905,Trow's,1378,Restaurants,Gewitz Mary,96 Attorney St.,Manhattan,New York,New York,96,Attorney,St.,,,,,,,Gewitz
1723,896,1905,Trow's,1378,Restaurants,Giacumopulo Peter,284 3 Ave.,Manhattan,New York,New York,284,3,Ave.,,,,,,,Giacumopulo
1724,897,1905,Trow's,1378,Restaurants,Gibson James Jr.,51 Maiden Ln.,Manhattan,New York,New York,51,Maiden,Ln.,,,,,,,Gibson
1725,898,1905,Trow's,1378,Restaurants,Gibson James Jr.,63 Maiden Ln.,Manhattan,New York,New York,63,Maiden,Ln.,,,,,,,Gibson
1726,899,1905,Trow's,1378,Restaurants,Gievelhouse Hy. A. ,15 E. Houston St.,Manhattan,New York,New York,15,E. Houston,St.,,,,,,,Gievelhouse
1727,900,1905,Trow's,1378,Restaurants,Gil Frank,139 4 Ave.,Manhattan,New York,New York,139,4,Ave.,,,,,,,Gil
1728,901,1905,Trow's,1379,Restaurants,Gilber Leon,151 Forsyth St.,Manhattan,New York,New York,151,Forsyth,St.,,,,,,,Gilber
1729,902,1905,Trow's,1379,Restaurants,Gillespie & Decker,266 8 Ave.,Manhattan,New York,New York,266,8,Ave.,,,,,,,Gillespie
1730,903,1905,Trow's,1379,Restaurants,Gillin Joseph,165 7 Ave.,Manhattan,New York,New York,165,7,Ave.,,,,,,,Gillin
1731,904,1905,Trow's,1379,Restaurants,Gillio John,61 W. 24 St.,Manhattan,New York,New York,61,W. 24,St.,,,,,,,Gillio
1732,905,1905,Trow's,1379,Restaurants,Ginsburg Samual,293 Stanton St.,Manhattan,New York,New York,293,Stanton,St.,,,,,,,Ginsburg
1733,906,1905,Trow's,1379,Restaurants,Ginsburg Elias,179 E. House St.,Manhattan,New York,New York,179,E. House,St.,,,,,,,Ginsburg
1734,907,1905,Trow's,1379,Restaurants,Gitter Joseph,128 Broome St.,Manhattan,New York,New York,128,Broome,St.,,,,,,,Gitter
1735,908,1905,Trow's,1379,Restaurants,Glantz Osias,68 Orchard St.,Manhattan,New York,New York,68,Orchard,St.,,,,,,,Glantz
1736,909,1905,Trow's,1379,Restaurants,Glaser Max,1197 3 Ave.,Manhattan,New York,New York,1197,3,Ave.,,,,,,,Glaser
1737,910,1905,Trow's,1379,Restaurants,Glaser Max,1215 3 Ave.,Manhattan,New York,New York,1215,3,Ave.,,,,,,,Glaser
1738,911,1905,Trow's,1379,Restaurants,Glassman Esther,757 Broadway ,Manhattan,New York,New York,757,Broadway,,,,,,,,Glassman
1739,912,1905,Trow's,1379,Restaurants,Glattstein Joseph,11 E. 14 St.,Manhattan,New York,New York,11,E. 14,St.,,,,,,,Glattstein
1740,913,1905,Trow's,1379,Restaurants,Glaubach Jacob,289 Bowery St.,Manhattan,New York,New York,289,Bowery,St.,,,,,,,Glaubach
1741,914,1905,Trow's,1379,Restaurants,Gleason Mary,1779 3 Ave.,Manhattan,New York,New York,1779,3,Ave.,,,,,,,Gleason
1742,915,1905,Trow's,1379,Restaurants,Glendening George,228 W. 116 St.,Manhattan,New York,New York,228,W. 116,St.,,,,,,,Glendening
1743,916,1905,Trow's,1379,Restaurants,Glendening George,353 W. 125 St.,Manhattan,New York,New York,353,W. 125,St.,,,,,,,Glendening
1744,917,1905,Trow's,1379,Restaurants,Glickman Max,265 3 Ave.,Manhattan,New York,New York,265,3,Ave.,,,,,,,Glickman
1745,918,1905,Trow's,1379,Restaurants,Gluckman Abram,127 Allen St.,Manhattan,New York,New York,127,Allen,St.,,,,,,,Gluckman
1746,919,1905,Trow's,1379,Restaurants,Glucksman Joseph,356 E. Houston St.,Manhattan,New York,New York,356,E. Houston,St.,,,,,,,Glucksman
1747,920,1905,Trow's,1379,Restaurants,Gluckstern Louis,122 Rivington St.,Manhattan,New York,New York,122,Rivington,St.,,,,,,,Gluckstern
1748,921,1905,Trow's,1379,Restaurants,Gluckstern & Weiss,757 Broadway ,Manhattan,New York,New York,757,Broadway,,,,,,,,Gluckstern
1749,922,1905,Trow's,1379,Restaurants,Godfre William H. ,8 Caroline St.,Manhattan,New York,New York,8,Caroline,St.,,,,,,,Godfre
1750,923,1905,Trow's,1379,Restaurants,Gohler Frederick,220 E. 120 St.,Manhattan,New York,New York,220,E. 120,St.,,,,,,,Gohler
1751,924,1905,Trow's,1379,Restaurants,Goldbaum Morris,183 Greene St.,Manhattan,New York,New York,183,Greene,St.,,,,,,,Goldbaum
1752,925,1905,Trow's,1379,Restaurants,Goldberg Abraham,72 West St.,Manhattan,New York,New York,72,West,St.,,,,,,,Goldberg
