Unnamed: 0,ID,YR,DIR,PG,TYPE,NAME,ADDY,BOROUGH,CITY,STATE,HOUSENO,STNAME,STNAME.1,STNAME.2,ST_PREFIX,ST_SUFFIX,AdrMod,STNAME.3,STNAME.4,last_name
4341,32,1870,Trows,185,Restaurant,Bode Henry,121 Water St. ,Manhattan,New York,New York,121,Water St. ,,,,,,,,Bode
4342,33,1870,Trows,185,Restaurant,Bodine Edwin,28 6 Ave.,Manhattan,New York,New York,28,6 Ave.,,,,,,,,Bodine
4343,34,1870,Trows,185,Restaurant,Bollerman Richard,920 3 Ave.,Manhattan,New York,New York,920,3 Ave.,,,,,,,,Bollerman
4344,35,1870,Trows,185,Restaurant,Bolton & Deraismes,31 Catherine Market,Manhattan,New York,New York,31,Catherine Market,,,,,,,,Bolton
4345,36,1870,Trows,185,Restaurant,Booth Lucius C. ,206 Church St.,Manhattan,New York,New York,206,Church St.,,,,,,,,Booth
4346,37,1870,Trows,185,Restaurant,Bossert Albert,63 Nassau St.,Manhattan,New York,New York,63,Nassau St.,,,,,,,,Bossert
4347,38,1870,Trows,185,Restaurant,Bradlee Thomas,25 West St. ,Manhattan,New York,New York,25,West St. ,,,,,,,,Bradlee
4348,39,1870,Trows,185,Restaurant,Bradstreet & Co.,75 Robinson St.,Manhattan,New York,New York,75,Robinson St.,,,,,,,,Bradstreet
4349,40,1870,Trows,185,Restaurant,Bramson Brothers,128 3 Ave.,Manhattan,New York,New York,128,3 Ave.,,,,,,,,Bramson
4350,41,1870,Trows,185,Restaurant,Branch John,204 Greene St.,Manhattan,New York,New York,204,Greene St.,,,,,,,,Branch
4351,42,1870,Trows,185,Restaurant,Branch Oliver O.,1 Park Row,Manhattan,New York,New York,1,Park Row,,,,,,,,Branch
4352,43,1870,Trows,185,Restaurant,Branch William ,265 Bowery St.,Manhattan,New York,New York,265,Bowery St.,,,,,,,,Branch
4353,44,1870,Trows,185,Restaurant,Bremen & Veltung,53 Cedar St. ,Manhattan,New York,New York,53,Cedar St. ,,,,,,,,Bremen
4354,45,1870,Trows,185,Restaurant,Breusch John & Co.,55 Cedar St. ,Manhattan,New York,New York,55,Cedar St. ,,,,,,,,Breusch
4355,46,1870,Trows,185,Restaurant,Britten John,342 8 Ave.,Manhattan,New York,New York,342,8 Ave.,,,,,,,,Britten
4356,47,1870,Trows,185,Restaurant,Brown Charles E. ,135 Bleecker St. ,Manhattan,New York,New York,135,Bleecker St. ,,,,,,,,Brown
4357,48,1870,Trows,185,Restaurant,Brown Edward,18 Greene St.,Manhattan,New York,New York,18,Greene St.,,,,,,,,Brown
4358,49,1870,Trows,185,Restaurant,Brown George,123 Water St. ,Manhattan,New York,New York,123,Water St. ,,,,,,,,Brown
4359,50,1870,Trows,185,Restaurant,Brown Matilda,187 South St.,Manhattan,New York,New York,187,South St.,,,,,,,,Brown
4360,51,1870,Trows,185,Restaurant,Brown W. ,81 Robinson St.,Manhattan,New York,New York,81,Robinson St.,,,,,,,,Brown
4361,52,1870,Trows,185,Restaurant,Brown & Miller,51 Nassau St.,Manhattan,New York,New York,51,Nassau St.,,,,,,,,Brown
4362,53,1870,Trows,185,Restaurant,Browne & King,147 5 Ave.,Manhattan,New York,New York,147,5 Ave.,,,,,,,,Browne
4363,54,1870,Trows,185,Restaurant,Brucheiser George,198 Lexington Ave.,Manhattan,New York,New York,198,Lexington Ave.,,,,,,,,Brucheiser
4364,55,1870,Trows,185,Restaurant,Bruckheuser George,198 Lexington Ave.,Manhattan,New York,New York,198,Lexington Ave.,,,,,,,,Bruckheuser
4365,56,1870,Trows,185,Restaurant,Buckbee Nathaniel,65 Ludlow St.,Manhattan,New York,New York,65,Ludlow St.,,,,,,,,Buckbee
4366,57,1870,Trows,185,Restaurant,Bulkley James,123 Beekman St.,Manhattan,New York,New York,123,Beekman St.,,,,,,,,Bulkley
4367,58,1870,Trows,185,Restaurant,Bundy S. F. & E. N.,30 Ann St.,Manhattan,New York,New York,30,Ann St.,,,,,,,,Bundy
4368,59,1870,Trows,185,Restaurant,Burch & Co.,310 Broadway,Manhattan,New York,New York,310,Broadway,,,,,,,,Burch
4369,60,1870,Trows,185,Restaurant,Burns William,624 1 Ave.,Manhattan,New York,New York,624,1 Ave.,,,,,,,,Burns
4370,61,1870,Trows,185,Restaurant,Burr & Randall,256 Fulton Market,Manhattan,New York,New York,256,Fulton Market,,,,,,,,Burr
4371,62,1870,Trows,185,Restaurant,Busch William & Brother,440 Broadway,Manhattan,New York,New York,440,Broadway,,,,,,,,Busch
4372,63,1870,Trows,185,Restaurant,Butler Henry D.,278 Pearl St. ,Manhattan,New York,New York,278,Pearl St. ,,,,,,,,Butler
4373,64,1870,Trows,185,Restaurant,Cable Thomas E. ,130 Broadway,Manhattan,New York,New York,130,Broadway,,,,,,,,Cable
4374,65,1870,Trows,185,Restaurant,Carleton Roswell,697 3 Ave.,Manhattan,New York,New York,697,3 Ave.,,,,,,,,Carleton
4375,66,1870,Trows,185,Restaurant,Carr James,10 Ann St.,Manhattan,New York,New York,10,Ann St.,,,,,,,,Carr
4376,67,1870,Trows,185,Restaurant,Carr James,70 Vesey St.,Manhattan,New York,New York,70,Vesey St.,,,,,,,,Carr
4377,68,1870,Trows,185,Restaurant,Carter Imkley C. ,634 Hudson St.,Manhattan,New York,New York,634,Hudson St.,,,,,,,,Carter
4378,69,1870,Trows,185,Restaurant,Chaert Eugene,61 Murray St.,Manhattan,New York,New York,61,Murray St.,,,,,,,,Chaert
4379,70,1870,Trows,185,Restaurant,Chadsey & Hendrickson,187 West St. ,Manhattan,New York,New York,187,West St. ,,,,,,,,Chadsey
4380,71,1870,Trows,185,Restaurant,Chaplin & Thompson,80 Nassau St.,Manhattan,New York,New York,80,Nassau St.,,,,,,,,Chaplin
4381,72,1870,Trows,185,Restaurant,Chicherio Constance,337 Spring St.,Manhattan,New York,New York,337,Spring St.,,,,,,,,Chicherio
4382,73,1870,Trows,185,Restaurant,Chitty Charles W. ,382 West St. ,Manhattan,New York,New York,382,West St. ,,,,,,,,Chitty
4383,74,1870,Trows,185,Restaurant,Christianson Nicholas,111 Nassau St.,Manhattan,New York,New York,111,Nassau St.,,,,,,,,Christianson
4384,75,1870,Trows,185,Restaurant,Christ Rudolph,12 Union Sq.,Manhattan,New York,New York,12,Union Sq.,,,,,,,,Christ
4385,76,1870,Trows,185,Restaurant,Christ Rudolph,413 Broadway,Manhattan,New York,New York,413,Broadway,,,,,,,,Christ
4386,77,1870,Trows,185,Restaurant,Christ Rudolph,420 Broadway,Manhattan,New York,New York,420,Broadway,,,,,,,,Christ
4387,78,1870,Trows,185,Restaurant,Clark T. L. & Son,215 Washington St. ,Manhattan,New York,New York,215,Washington St. ,,,,,,,,Clark
4388,79,1870,Trows,185,Restaurant,Clark & Weller,835 Broadway,Manhattan,New York,New York,835,Broadway,,,,,,,,Clark
4389,80,1870,Trows,185,Restaurant,Clement Gottlieb,435 Broome St.,Manhattan,New York,New York,435,Broome St.,,,,,,,,Clement
4390,81,1870,Trows,185,Restaurant,Coggeshall Simeon S. ,198 South St.,Manhattan,New York,New York,198,South St.,,,,,,,,Coggeshall
4391,82,1870,Trows,185,Restaurant,Collins Patrick,755 7 Ave.,Manhattan,New York,New York,755,7 Ave.,,,,,,,,Collins
4392,83,1870,Trows,185,Restaurant,Combs Augustus,16 Fulton Market,Manhattan,New York,New York,16,Fulton Market,,,,,,,,Combs
4393,84,1870,Trows,185,Restaurant,Ckonlin Theodore,42 White St. ,Manhattan,New York,New York,42,White St. ,,,,,,,,Ckonlin
4394,85,1870,Trows,185,Restaurant,Conner Andrew H.,92 Leonard St. ,Manhattan,New York,New York,92,Leonard St. ,,,,,,,,Conner
4395,86,1870,Trows,185,Restaurant,Conover William H.,82 Cortlandt St.,Manhattan,New York,New York,82,Cortlandt St.,,,,,,,,Conover
4396,87,1870,Trows,185,Restaurant,Cook Cornelius,130 3 Ave.,Manhattan,New York,New York,130,3 Ave.,,,,,,,,Cook
4397,88,1870,Trows,185,Restaurant,Cook William J. T. ,78 9 Ave.,Manhattan,New York,New York,78,9 Ave.,,,,,,,,Cook
4398,89,1870,Trows,185,Restaurant,Cook & Crowell,ft Moore St.  ,Manhattan,New York,New York,ft Moore St. ,,,,,,,,,Cook
4399,90,1870,Trows,185,Restaurant,Cooper George,389 E. 10 St.,Manhattan,New York,New York,389,E. 10 St.,,,,,,,,Cooper
4400,91,1870,Trows,185,Restaurant,Cooper & Baldwin,341 Spring St.,Manhattan,New York,New York,341,Spring St.,,,,,,,,Cooper
4401,92,1870,Trows,185,Restaurant,Corney John,14 East St.,Manhattan,New York,New York,14,East St.,,,,,,,,Corney
4402,93,1870,Trows,185,Restaurant,Creary George,3 E. Houston St.,Manhattan,New York,New York,3,E. Houston St.,,,,,,,,Creary
4403,94,1870,Trows,185,Restaurant,Cuff W. ,4 Ave. & E. 14 St. ,Manhattan,New York,New York,4 Ave. &,E. 14 St. ,,,,,,,,Cuff
4404,95,1870,Trows,185,Restaurant,Cummings Henry,11 New Chambers St. ,Manhattan,New York,New York,11,New Chambers St. ,,,,,,,,Cummings
4405,96,1870,Trows,185,Restaurant,Curet Francis,764 Broadway,Manhattan,New York,New York,764,Broadway,,,,,,,,Curet
4406,97,1870,Trows,185,Restaurant,Currier John A.,144 Fulton St. ,Manhattan,New York,New York,144,Fulton St. ,,,,,,,,Currier
4407,98,1870,Trows,185,Restaurant,Cushman A. M.,682 Broadway,Manhattan,New York,New York,682,Broadway,,,,,,,,Cushman
4408,99,1870,Trows,185,Restaurant,Davenport Edward C. ,455 6 Ave.,Manhattan,New York,New York,455,6 Ave.,,,,,,,,Davenport
4409,100,1870,Trows,185,Restaurant,Davidson John S.,49 Pearl St. ,Manhattan,New York,New York,49,Pearl St. ,,,,,,,,Davidson
4410,101,1870,Trows,185,Restaurant,Davidson John S.,98 Broad St. ,Manhattan,New York,New York,98,Broad St. ,,,,,,,,Davidson
4411,102,1870,Trows,186,Restaurant,Davis Charles L. ,115 E . 42 St.,Manhattan,New York,New York,115,E . 42 St.,,,,,,,,Davis
4412,103,1870,Trows,186,Restaurant,Dean D. & T.,19 William St.,Manhattan,New York,New York,19,William St.,,,,,,,,Dean
4413,104,1870,Trows,186,Restaurant,Dean W. M. & Co.,278 Fulton Market,Manhattan,New York,New York,278,Fulton Market,,,,,,,,Dean
4414,105,1870,Trows,186,Restaurant,Decosta Joseph,64.5 Sullivan St. ,Manhattan,New York,New York,64.5,Sullivan St. ,,,,,,,,Decosta
4415,106,1870,Trows,186,Restaurant,Demonico Lorenzo,275 Broadway,Manhattan,New York,New York,275,Broadway,,,,,,,,Demonico
4416,107,1870,Trows,186,Restaurant,Demonico Lorenzo,E. 14 St. & 5 Ave.,Manhattan,New York,New York,E. 14 St. &,5 Ave.,,,,,,,,Demonico
4417,108,1870,Trows,186,Restaurant,Demonico Lorenzo,2 S. William St. ,Manhattan,New York,New York,2,S. William St. ,,,,,,,,Demonico
4418,109,1870,Trows,186,Restaurant,Demonico Lorenzo,22 Broad St. ,Manhattan,New York,New York,22,Broad St. ,,,,,,,,Demonico
4419,110,1870,Trows,186,Restaurant,Dexheimer Louis P.,104 W. Houston St. ,Manhattan,New York,New York,104,W. Houston St. ,,,,,,,,Dexheimer
4420,111,1870,Trows,186,Restaurant,Dexter Lewis P.,106 N. Moore St.,Manhattan,New York,New York,106,N. Moore St.,,,,,,,,Dexter
4421,112,1870,Trows,186,Restaurant,Diamond William M. ,122 3 Ave.,Manhattan,New York,New York,122,3 Ave.,,,,,,,,Diamond
4422,113,1870,Trows,186,Restaurant,Dilk John,44 Maiden Ln.,Manhattan,New York,New York,44,Maiden Ln.,,,,,,,,Dilk
4423,114,1870,Trows,186,Restaurant,Dobbelaere Bernard,464 7 Ave.,Manhattan,New York,New York,464,7 Ave.,,,,,,,,Dobbelaere
4424,115,1870,Trows,186,Restaurant,Dohne John,280 8 Ave.,Manhattan,New York,New York,280,8 Ave.,,,,,,,,Dohne
4425,116,1870,Trows,186,Restaurant,Doty Stephen S. ,101 Nassau St.,Manhattan,New York,New York,101,Nassau St.,,,,,,,,Doty
4426,117,1870,Trows,186,Restaurant,Dotzert George,256 Fulton St. ,Manhattan,New York,New York,256,Fulton St. ,,,,,,,,Dotzert
4427,118,1870,Trows,186,Restaurant,Downing Peter W. ,Custom House ,Manhattan,New York,New York,Custom House,,,,,,,,,Downing
4428,119,1870,Trows,186,Restaurant,Duane Jeremiah,160 9 Ave.,Manhattan,New York,New York,160,9 Ave.,,,,,,,,Duane
4429,120,1870,Trows,186,Restaurant,Duncan James J. ,551 Pearl St. ,Manhattan,New York,New York,551,Pearl St. ,,,,,,,,Duncan
4430,121,1870,Trows,186,Restaurant,Dunham Robert S. ,23 Cedar St. ,Manhattan,New York,New York,23,Cedar St. ,,,,,,,,Dunham
4431,122,1870,Trows,186,Restaurant,Duperate F. & Co.,39.5 South St.,Manhattan,New York,New York,39.5,South St.,,,,,,,,Duperate
4432,123,1870,Trows,186,Restaurant,Dupignac Andrew J.,195 Washington St. ,Manhattan,New York,New York,195,Washington St. ,,,,,,,,Dupignac
4433,124,1870,Trows,186,Restaurant,Durham Thomas K.,44 Peck Sl.,Manhattan,New York,New York,44,Peck Sl.,,,,,,,,Durham
4434,125,1870,Trows,186,Restaurant,Earl Henry E.,376 8 Ave.,Manhattan,New York,New York,376,8 Ave.,,,,,,,,Earl
4435,126,1870,Trows,186,Restaurant,Earl C. & W. ,114 3 Ave.,Manhattan,New York,New York,114,3 Ave.,,,,,,,,Earl
4436,127,1870,Trows,186,Restaurant,Egner Henry,480 8 Ave.,Manhattan,New York,New York,480,8 Ave.,,,,,,,,Egner
4437,128,1870,Trows,186,Restaurant,Eickhoff Dederick,102 Maiden Ln.,Manhattan,New York,New York,102,Maiden Ln.,,,,,,,,Eickhoff
4438,129,1870,Trows,186,Restaurant,Eimke Henry,44 Nassau St.,Manhattan,New York,New York,44,Nassau St.,,,,,,,,Eimke
4439,130,1870,Trows,186,Restaurant,Eilis Rovert,53 Wooster St. ,Manhattan,New York,New York,53,Wooster St. ,,,,,,,,Eilis
4440,131,1870,Trows,186,Restaurant,Emery Jacob O.,140 West St. ,Manhattan,New York,New York,140,West St. ,,,,,,,,Emery
4441,132,1870,Trows,186,Restaurant,Engell Francis H.,233 Greenwich St.,Manhattan,New York,New York,233,Greenwich St.,,,,,,,,Engell
4442,133,1870,Trows,186,Restaurant,Endling Henry,222 Washington St. ,Manhattan,New York,New York,222,Washington St. ,,,,,,,,Endling
4443,134,1870,Trows,186,Restaurant,Endriss & Kreuzer ,5 Water St. ,Manhattan,New York,New York,5,Water St. ,,,,,,,,Endriss
4444,135,1870,Trows,186,Restaurant,Ermisch August,69 Nassau St.,Manhattan,New York,New York,69,Nassau St.,,,,,,,,Ermisch
4445,136,1870,Trows,186,Restaurant,Ernst Robert,43 Water St. ,Manhattan,New York,New York,43,Water St. ,,,,,,,,Ernst
4446,137,1870,Trows,186,Restaurant,Eschenbach Henry E.,213 8 Ave.,Manhattan,New York,New York,213,8 Ave.,,,,,,,,Eschenbach
4447,138,1870,Trows,186,Restaurant,Ettlinger Lewis,35 Walker St.,Manhattan,New York,New York,35,Walker St.,,,,,,,,Ettlinger
4448,139,1870,Trows,186,Restaurant,Fairchild J. & Co.,293 Fulton St. ,Manhattan,New York,New York,293,Fulton St. ,,,,,,,,Fairchild
4449,140,1870,Trows,186,Restaurant,Farrish James A.,64 John St. ,Manhattan,New York,New York,64,John St. ,,,,,,,,Farrish
4450,141,1870,Trows,186,Restaurant,Feicht William,141 Hudson St.,Manhattan,New York,New York,141,Hudson St.,,,,,,,,Feicht
4451,142,1870,Trows,186,Restaurant,Felter & Porter,365 Broadway,Manhattan,New York,New York,365,Broadway,,,,,,,,Felter
4452,143,1870,Trows,186,Restaurant,Ferris Jacob,105 W. Houston St. ,Manhattan,New York,New York,105,W. Houston St. ,,,,,,,,Ferris
4453,144,1870,Trows,186,Restaurant,Ferris Louis,258 Fulton Market,Manhattan,New York,New York,258,Fulton Market,,,,,,,,Ferris
4454,145,1870,Trows,186,Restaurant,Ficke Gnstayus,395 Bowery St.,Manhattan,New York,New York,395,Bowery St.,,,,,,,,Ficke
4455,146,1870,Trows,186,Restaurant,Ficken Christian D.,3 Battery Pl.,Manhattan,New York,New York,3,Battery Pl.,,,,,,,,Ficken
4456,147,1870,Trows,186,Restaurant,Fisher Lorenzo N.,395 Broome St.,Manhattan,New York,New York,395,Broome St.,,,,,,,,Fisher
4457,148,1870,Trows,186,Restaurant,Fisk John A. P. ,2 Franklin Market,Manhattan,New York,New York,2,Franklin Market,,,,,,,,Fisk
4458,149,1870,Trows,186,Restaurant,Fisk John A. P. ,49 William St.,Manhattan,New York,New York,49,William St.,,,,,,,,Fisk
4459,150,1870,Trows,186,Restaurant,Floyd Stephen ,183 Bleecker St. ,Manhattan,New York,New York,183,Bleecker St. ,,,,,,,,Floyd
4460,151,1870,Trows,186,Restaurant,Flynn John,288 Fulton Market,Manhattan,New York,New York,288,Fulton Market,,,,,,,,Flynn
4461,152,1870,Trows,186,Restaurant,Folkman Henry,339 10 Ave,Manhattan,New York,New York,339,10 Ave,,,,,,,,Folkman
4462,153,1870,Trows,186,Restaurant,Follmer George A.,81 White St. ,Manhattan,New York,New York,81,White St. ,,,,,,,,Follmer
4463,154,1870,Trows,186,Restaurant,Foos & Gearyer ,5 Pine St.,Manhattan,New York,New York,5,Pine St.,,,,,,,,Foos
4464,155,1870,Trows,186,Restaurant,Fortwengler Victor,5 William St.,Manhattan,New York,New York,5,William St.,,,,,,,,Fortwengler
4465,156,1870,Trows,186,Restaurant,Fowler David H. ,286 Fulton Market,Manhattan,New York,New York,286,Fulton Market,,,,,,,,Fowler
4466,157,1870,Trows,186,Restaurant,Fowler William,456 6 Ave.,Manhattan,New York,New York,456,6 Ave.,,,,,,,,Fowler
4467,158,1870,Trows,186,Restaurant,Freeman Joseph,47 Clinton Market,Manhattan,New York,New York,47,Clinton Market,,,,,,,,Freeman
4468,159,1870,Trows,186,Restaurant,Fullerton Dora,390 West St. ,Manhattan,New York,New York,390,West St. ,,,,,,,,Fullerton
4469,160,1870,Trows,186,Restaurant,Gale Thomas D. ,107 Grand St. ,Manhattan,New York,New York,107,Grand St. ,,,,,,,,Gale
4470,161,1870,Trows,186,Restaurant,Gamm Edward,126 Hester St.,Manhattan,New York,New York,126,Hester St.,,,,,,,,Gamm
4471,162,1870,Trows,186,Restaurant,Garrard & Rolfe,42 John St. ,Manhattan,New York,New York,42,John St. ,,,,,,,,Garrard
4472,163,1870,Trows,186,Restaurant,Gehanne Alexnder,404.5 Canal St.,Manhattan,New York,New York,404.5,Canal St.,,,,,,,,Gehanne
4473,164,1870,Trows,186,Restaurant,Gianella Giovanni,6 Water St. ,Manhattan,New York,New York,6,Water St. ,,,,,,,,Gianella
4474,165,1870,Trows,186,Restaurant,GierietAndrew,512 6 Ave.,Manhattan,New York,New York,512,6 Ave.,,,,,,,,GierietAndrew
4475,166,1870,Trows,186,Restaurant,Gilbert Charles & Co.,284 Fulton Market,Manhattan,New York,New York,284,Fulton Market,,,,,,,,Gilbert
4476,167,1870,Trows,186,Restaurant,Gilbert Louis D. ,260 Fulton Market,Manhattan,New York,New York,260,Fulton Market,,,,,,,,Gilbert
4477,168,1870,Trows,186,Restaurant,Glaser Henry,54 Division St. ,Manhattan,New York,New York,54,Division St. ,,,,,,,,Glaser
4478,169,1870,Trows,186,Restaurant,Glaser & Mouha,14 Delancey St.,Manhattan,New York,New York,14,Delancey St.,,,,,,,,Glaser
4479,170,1870,Trows,186,Restaurant,Cleason Catharine,28 New Chambers St. ,Manhattan,New York,New York,28,New Chambers St. ,,,,,,,,Cleason
4480,171,1870,Trows,186,Restaurant,Goetz Frederick,99 3 Ave.,Manhattan,New York,New York,99,3 Ave.,,,,,,,,Goetz
4481,172,1870,Trows,186,Restaurant,Goldbeck Charles,31 Beaver St.,Manhattan,New York,New York,31,Beaver St.,,,,,,,,Goldbeck
4482,173,1870,Trows,186,Restaurant,Goodwin Thomas,672 3 Ave.,Manhattan,New York,New York,672,3 Ave.,,,,,,,,Goodwin
4483,174,1870,Trows,186,Restaurant,Gould David H. ,35 Nassau St.,Manhattan,New York,New York,35,Nassau St.,,,,,,,,Gould
4484,175,1870,Trows,186,Restaurant,Grady Patrick,3 Ave. & E. 103 St.,Manhattan,New York,New York,3 Ave. &,E. 103 St.,,,,,,,,Grady
4485,176,1870,Trows,186,Restaurant,Grant & Tucker,66 Grand St. ,Manhattan,New York,New York,66,Grand St. ,,,,,,,,Grant
4486,177,1870,Trows,186,Restaurant,Gray Edward,156 3 Ave.,Manhattan,New York,New York,156,3 Ave.,,,,,,,,Gray
4487,178,1870,Trows,186,Restaurant,Greeley Joseph L. ,15 Greenwich St.,Manhattan,New York,New York,15,Greenwich St.,,,,,,,,Greeley
4488,179,1870,Trows,186,Restaurant,Green John,110 3 Ave.,Manhattan,New York,New York,110,3 Ave.,,,,,,,,Green
4489,180,1870,Trows,186,Restaurant,Groot F. V.,488 Canal St.,Manhattan,New York,New York,488,Canal St.,,,,,,,,Groot
4490,181,1870,Trows,186,Restaurant,Gueckel Edward,152 Fulton St. ,Manhattan,New York,New York,152,Fulton St. ,,,,,,,,Gueckel
4491,182,1870,Trows,186,Restaurant,Guilford John,753 7 Ave.,Manhattan,New York,New York,753,7 Ave.,,,,,,,,Guilford
4492,183,1870,Trows,186,Restaurant,Guilfoyle Dennis,10 Washington Market,Manhattan,New York,New York,10,Washington Market,,,,,,,,Guilfoyle
4493,184,1870,Trows,186,Restaurant,Gunst Z. Schroeder ,79 Forsyth St. ,Manhattan,New York,New York,79,Forsyth St. ,,,,,,,,Gunst
4494,185,1870,Trows,186,Restaurant,Gutmann George,13 N. William St.,Manhattan,New York,New York,13,N. William St.,,,,,,,,Gutmann
4495,186,1870,Trows,186,Restaurant,Haase Andreas,13 8 Ave.,Manhattan,New York,New York,13,8 Ave.,,,,,,,,Haase
4496,187,1870,Trows,186,Restaurant,Hacket James,11 Washington Market,Manhattan,New York,New York,11,Washington Market,,,,,,,,Hacket
4497,188,1870,Trows,186,Restaurant,Haevele Rudolph,219 Bowery St.,Manhattan,New York,New York,219,Bowery St.,,,,,,,,Haevele
4498,189,1870,Trows,186,Restaurant,Haggerty Cornelius,63 Catherine Market,Manhattan,New York,New York,63,Catherine Market,,,,,,,,Haggerty
4499,190,1870,Trows,186,Restaurant,Hallenbeck Nicolas,364 Bowery St.,Manhattan,New York,New York,364,Bowery St.,,,,,,,,Hallenbeck
4500,191,1870,Trows,186,Restaurant,Ham Wilson,176 8 Ave.,Manhattan,New York,New York,176,8 Ave.,,,,,,,,Ham
4501,192,1870,Trows,186,Restaurant,Hampe Adolph,6 Hanover St. ,Manhattan,New York,New York,6,Hanover St. ,,,,,,,,Hampe
4502,193,1870,Trows,186,Restaurant,Harfeld Abraham,W. 19 St. & 8 Ave.,Manhattan,New York,New York,W. 19 St. &,8 Ave.,,,,,,,,Harfeld
4503,194,1870,Trows,186,Restaurant,Hardley Robert,114 6 Ave.,Manhattan,New York,New York,114,6 Ave.,,,,,,,,Hardley
4504,195,1870,Trows,186,Restaurant,Harlow George P.,825 Broadway,Manhattan,New York,New York,825,Broadway,,,,,,,,Harlow
4505,196,1870,Trows,186,Restaurant,Harsch Charles,1773 3 Ave.,Manhattan,New York,New York,1773,3 Ave.,,,,,,,,Harsch
4506,197,1870,Trows,186,Restaurant,Hartman Louis,504 6 Ave.,Manhattan,New York,New York,504,6 Ave.,,,,,,,,Hartman
4507,198,1870,Trows,186,Restaurant,Hartner Frederick,5 Jay St.,Manhattan,New York,New York,5,Jay St.,,,,,,,,Hartner
4508,199,1870,Trows,186,Restaurant,Hartung Willim H.,20 State St. ,Manhattan,New York,New York,20,State St. ,,,,,,,,Hartung
4509,200,1870,Trows,186,Restaurant,Haubold Carl,206 William St. ,Manhattan,New York,New York,206,William St. ,,,,,,,,Haubold
4510,201,1870,Trows,186,Restaurant,Heckman Louis,122 William St.,Manhattan,New York,New York,122,William St.,,,,,,,,Heckman
4511,202,1870,Trows,186,Restaurant,Heesemann Henry,64 Frankfort St. ,Manhattan,New York,New York,64,Frankfort St. ,,,,,,,,Heesemann
4512,203,1870,Trows,186,Restaurant,Heim Emil,72 E. 9 St.,Manhattan,New York,New York,72,E. 9 St.,,,,,,,,Heim
4513,204,1870,Trows,186,Restaurant,Heim John,61 Cedar St. ,Manhattan,New York,New York,61,Cedar St. ,,,,,,,,Heim
4514,205,1870,Trows,187,Restaurant,Henn Henry,3 Fulton Market,Manhattan,New York,New York,3,Fulton Market,,,,,,,,Henn
4515,206,1870,Trows,187,Restaurant,Henee Henry,91 Worth St.,Manhattan,New York,New York,91,Worth St.,,,,,,,,Henee
4516,207,1870,Trows,187,Restaurant,Henry Joseph,95 Walker St.,Manhattan,New York,New York,95,Walker St.,,,,,,,,Henry
4517,208,1870,Trows,187,Restaurant,Henry William,64 Broadway,Manhattan,New York,New York,64,Broadway,,,,,,,,Henry
4518,209,1870,Trows,187,Restaurant,Hermance Arthur ,224 Centre St.,Manhattan,New York,New York,224,Centre St.,,,,,,,,Hermance
4519,210,1870,Trows,187,Restaurant,Hertz Michael,45 Lispenard St. ,Manhattan,New York,New York,45,Lispenard St. ,,,,,,,,Hertz
4520,211,1870,Trows,187,Restaurant,Heylgeist Conrad,494 Broadway,Manhattan,New York,New York,494,Broadway,,,,,,,,Heylgeist
4521,212,1870,Trows,187,Restaurant,Hibbar Oliver S .,478 4 Ave.,Manhattan,New York,New York,478,4 Ave.,,,,,,,,Hibbar
4522,213,1870,Trows,187,Restaurant,Hickman & Co.,78 Cedar St. ,Manhattan,New York,New York,78,Cedar St. ,,,,,,,,Hickman
4523,214,1870,Trows,187,Restaurant,Hicks Silas,271 Fulton Market,Manhattan,New York,New York,271,Fulton Market,,,,,,,,Hicks
4524,215,1870,Trows,187,Restaurant,Hicks Charles,219 Greenwich St.,Manhattan,New York,New York,219,Greenwich St.,,,,,,,,Hicks
4525,216,1870,Trows,187,Restaurant,Hill Henry,749 6 Ave.,Manhattan,New York,New York,749,6 Ave.,,,,,,,,Hill
4526,217,1870,Trows,187,Restaurant,Hill M. L. & Son,291 Fulton Market,Manhattan,New York,New York,291,Fulton Market,,,,,,,,Hill
4527,218,1870,Trows,187,Restaurant,Hindenlang Mary,505 E. Houston St.,Manhattan,New York,New York,505,E. Houston St.,,,,,,,,Hindenlang
4528,219,1870,Trows,187,Restaurant,Hitchcock Charles,79 William St.,Manhattan,New York,New York,79,William St.,,,,,,,,Hitchcock
4529,220,1870,Trows,187,Restaurant,Hitchcock Oliver,9 Chatham St.,Manhattan,New York,New York,9,Chatham St.,,,,,,,,Hitchcock
4530,221,1870,Trows,187,Restaurant,Hitzel Andew,308 Broadway,Manhattan,New York,New York,308,Broadway,,,,,,,,Hitzel
4531,222,1870,Trows,187,Restaurant,Hoegg Philip,226 Grand St. ,Manhattan,New York,New York,226,Grand St. ,,,,,,,,Hoegg
4532,223,1870,Trows,187,Restaurant,Holahan F. J. & F. A. Thams,MISS MISS,Manhattan,New York,New York,MISS,MISS,MISS,,,,,,,Holahan
4533,224,1870,Trows,187,Restaurant,Holdridge Asaph M.,767 7 Ave.,Manhattan,New York,New York,767,7 Ave.,,,,,,,,Holdridge
4534,225,1870,Trows,187,Restaurant,Holland James,2 Whitehall St.,Manhattan,New York,New York,2,Whitehall St.,,,,,,,,Holland
4535,226,1870,Trows,187,Restaurant,Hollender Emily,128 Elm St.,Manhattan,New York,New York,128,Elm St.,,,,,,,,Hollender
4536,227,1870,Trows,187,Restaurant,Hopkins Sharkey,467 4 Ave.,Manhattan,New York,New York,467,4 Ave.,,,,,,,,Hopkins
4537,228,1870,Trows,187,Restaurant,Horner Francis Louis,100 W. 32 St.,Manhattan,New York,New York,100,W. 32 St.,,,,,,,,Horner
4538,229,1870,Trows,187,Restaurant,Houseman George,330 West St. ,Manhattan,New York,New York,330,West St. ,,,,,,,,Houseman
4539,230,1870,Trows,187,Restaurant,Hoyt Mary,219 Greene St.,Manhattan,New York,New York,219,Greene St.,,,,,,,,Hoyt
4540,231,1870,Trows,187,Restaurant,Hoyt C. & Co.,262 Fulton Market,Manhattan,New York,New York,262,Fulton Market,,,,,,,,Hoyt
4541,232,1870,Trows,187,Restaurant,Hubbs Egar Y.,261 Fulton Market,Manhattan,New York,New York,261,Fulton Market,,,,,,,,Hubbs
4542,233,1870,Trows,187,Restaurant,Huburt Christopher,40 Frankfort St. ,Manhattan,New York,New York,40,Frankfort St. ,,,,,,,,Huburt
4543,234,1870,Trows,187,Restaurant,Hyams Samuel,26 Mott St. ,Manhattan,New York,New York,26,Mott St. ,,,,,,,,Hyams
4544,235,1870,Trows,187,Restaurant,Hyatt Jefferson,73 West St. ,Manhattan,New York,New York,73,West St. ,,,,,,,,Hyatt
4545,236,1870,Trows,187,Restaurant,Hyatt John,6 Catherine Sl.,Manhattan,New York,New York,6,Catherine Sl.,,,,,,,,Hyatt
4546,237,1870,Trows,187,Restaurant,Igoa Ann,10 Battery Pl.,Manhattan,New York,New York,10,Battery Pl.,,,,,,,,Igoa
4547,238,1870,Trows,187,Restaurant,Ingrahm Eliza,77 E. Broadway,Manhattan,New York,New York,77,E. Broadway,,,,,,,,Ingrahm
4548,239,1870,Trows,187,Restaurant,Inman Chauncey P.,217 Franklin St.,Manhattan,New York,New York,217,Franklin St.,,,,,,,,Inman
4549,240,1870,Trows,187,Restaurant,Jackson & Brother,1519 3 Ave.,Manhattan,New York,New York,1519,3 Ave.,,,,,,,,Jackson
4550,241,1870,Trows,187,Restaurant,Janssen George R. ,3 Jay St.,Manhattan,New York,New York,3,Jay St.,,,,,,,,Janssen
4551,242,1870,Trows,187,Restaurant,Jarlot Francis,30 W. 13 St.,Manhattan,New York,New York,30,W. 13 St.,,,,,,,,Jarlot
4552,243,1870,Trows,187,Restaurant,Jenkins George W.,1434 Broadway,Manhattan,New York,New York,1434,Broadway,,,,,,,,Jenkins
4553,244,1870,Trows,187,Restaurant,John & Welshofer,137 Grand St. ,Manhattan,New York,New York,137,Grand St. ,,,,,,,,John
4554,245,1870,Trows,187,Restaurant,Johnson Bernard,626 Water St. ,Manhattan,New York,New York,626,Water St. ,,,,,,,,Johnson
4555,246,1870,Trows,187,Restaurant,Johnston Edward P.,126 Greenwich St.,Manhattan,New York,New York,126,Greenwich St.,,,,,,,,Johnston
4556,247,1870,Trows,187,Restaurant,Johnston & Ivey,84 Spring St.,Manhattan,New York,New York,84,Spring St.,,,,,,,,Johnston
4557,248,1870,Trows,187,Restaurant,Jones & Co.,432 Broadway,Manhattan,New York,New York,432,Broadway,,,,,,,,Jones
4558,249,1870,Trows,187,Restaurant,Kaesche William,20 Stanton St. ,Manhattan,New York,New York,20,Stanton St. ,,,,,,,,Kaesche
4559,250,1870,Trows,187,Restaurant,Kaiser Issachar,256 Broadway,Manhattan,New York,New York,256,Broadway,,,,,,,,Kaiser
4560,251,1870,Trows,187,Restaurant,Kapff Sixt L.,295 Bowery St.,Manhattan,New York,New York,295,Bowery St.,,,,,,,,Kapff
4561,252,1870,Trows,187,Restaurant,Kapff Sixt L.,8 Ave. & W. 110 St.,Manhattan,New York,New York,8 Ave. &,W. 110 St.,,,,,,,,Kapff
4562,253,1870,Trows,187,Restaurant,Karweisse Rudolph,4 St. Mark's Pl.,Manhattan,New York,New York,4,St. Mark's Pl.,,,,,,,,Karweisse
4563,254,1870,Trows,187,Restaurant,Katternhorn Christian,24 N. William St.,Manhattan,New York,New York,24,N. William St.,,,,,,,,Katternhorn
4564,255,1870,Trows,187,Restaurant,Kauffman Herman L.,92 Chatham St.,Manhattan,New York,New York,92,Chatham St.,,,,,,,,Kauffman
4565,256,1870,Trows,187,Restaurant,Kellinger Samuel,269 Pearl St. ,Manhattan,New York,New York,269,Pearl St. ,,,,,,,,Kellinger
4566,257,1870,Trows,187,Restaurant,Kelso John M.,67 Bowery St.,Manhattan,New York,New York,67,Bowery St.,,,,,,,,Kelso
4567,258,1870,Trows,187,Restaurant,Kersten Francis,81 White St. ,Manhattan,New York,New York,81,White St. ,,,,,,,,Kersten
4568,259,1870,Trows,187,Restaurant,Kiency Lucy,199 Greene St.,Manhattan,New York,New York,199,Greene St.,,,,,,,,Kiency
4569,260,1870,Trows,187,Restaurant,Kiernan George,336 9 Ave.,Manhattan,New York,New York,336,9 Ave.,,,,,,,,Kiernan
4570,261,1870,Trows,187,Restaurant,Kimball Henry J.,17 Park Row,Manhattan,New York,New York,17,Park Row,,,,,,,,Kimball
4571,262,1870,Trows,187,Restaurant,King Charles,13 Chrystie St.,Manhattan,New York,New York,13,Chrystie St.,,,,,,,,King
4572,263,1870,Trows,187,Restaurant,King John,119 Leonard St. ,Manhattan,New York,New York,119,Leonard St. ,,,,,,,,King
4573,264,1870,Trows,187,Restaurant,Klein Frederikc,173 Greenwich St.,Manhattan,New York,New York,173,Greenwich St.,,,,,,,,Klein
4574,265,1870,Trows,187,Restaurant,Klinch & Stephan,688 Broadway,Manhattan,New York,New York,688,Broadway,,,,,,,,Klinch
4575,266,1870,Trows,187,Restaurant,Kluxen Francis,58 Beaver St.,Manhattan,New York,New York,58,Beaver St.,,,,,,,,Kluxen
4576,267,1870,Trows,187,Restaurant,Koelle Berg,37 E. 13 St. ,Manhattan,New York,New York,37,E. 13 St. ,,,,,,,,Koelle
4577,268,1870,Trows,187,Restaurant,Kohlka Julius,220 Grand St. ,Manhattan,New York,New York,220,Grand St. ,,,,,,,,Kohlka
4578,269,1870,Trows,187,Restaurant,Kolb Richard,120 Pearl St. ,Manhattan,New York,New York,120,Pearl St. ,,,,,,,,Kolb
4579,270,1870,Trows,187,Restaurant,Krauss Sebastian,208 William St. ,Manhattan,New York,New York,208,William St. ,,,,,,,,Krauss
4580,271,1870,Trows,187,Restaurant,Krekeler William,9 Jay St.,Manhattan,New York,New York,9,Jay St.,,,,,,,,Krekeler
4581,272,1870,Trows,187,Restaurant,Kreps Jacob,112 Murray St.,Manhattan,New York,New York,112,Murray St.,,,,,,,,Kreps
4582,273,1870,Trows,187,Restaurant,Kroger Henry,369.5 Pearl St. ,Manhattan,New York,New York,369.5,Pearl St. ,,,,,,,,Kroger
4583,274,1870,Trows,187,Restaurant,Kupfer Charles & Charles Lillich,82 E. 9 St.,Manhattan,New York,New York,82,E. 9 St.,,,,,,,,Kupfer
4584,275,1870,Trows,187,Restaurant,Kurtz Frederick,60 Broadway,Manhattan,New York,New York,60,Broadway,,,,,,,,Kurtz
4585,276,1870,Trows,187,Restaurant,Kurtz Frederick,23 New St,Manhattan,New York,New York,23,New St,,,,,,,,Kurtz
4586,277,1870,Trows,187,Restaurant,Kurtz Frederick,76 Maiden Ln.,Manhattan,New York,New York,76,Maiden Ln.,,,,,,,,Kurtz
4587,278,1870,Trows,187,Restaurant,Kurtz Frederick,1 Liberty St. ,Manhattan,New York,New York,1,Liberty St. ,,,,,,,,Kurtz
4588,279,1870,Trows,187,Restaurant,Ladue JohnW.,Ft. Dleancey ,Manhattan,New York,New York,Ft. Dleancey,,,,,,,,,Ladue
4589,280,1870,Trows,187,Restaurant,Lager John G.,108 Vesey St.,Manhattan,New York,New York,108,Vesey St.,,,,,,,,Lager
4590,281,1870,Trows,187,Restaurant,Lamarsche William & B. Wherle,194 Fulton St. ,Manhattan,New York,New York,194,Fulton St. ,,,,,,,,Lamarsche
4591,282,1870,Trows,187,Restaurant,Landmesser & Weil,142 Fulton St. ,Manhattan,New York,New York,142,Fulton St. ,,,,,,,,Landmesser
4592,283,1870,Trows,187,Restaurant,Landthaler J. ,92 3 Ave.,Manhattan,New York,New York,92,3 Ave.,,,,,,,,Landthaler
4593,284,1870,Trows,187,Restaurant,Lane William H. & Son,8 Hall Pl.,Manhattan,New York,New York,8,Hall Pl.,,,,,,,,Lane
4594,285,1870,Trows,187,Restaurant,Lannoy Mary,194 6 Ave.,Manhattan,New York,New York,194,6 Ave.,,,,,,,,Lannoy
4595,286,1870,Trows,187,Restaurant,Larkin Thomas,17 W. Houston St. ,Manhattan,New York,New York,17,W. Houston St. ,,,,,,,,Larkin
4596,287,1870,Trows,187,Restaurant,Latham Frederick W.,252 3 Ave.,Manhattan,New York,New York,252,3 Ave.,,,,,,,,Latham
4597,288,1870,Trows,187,Restaurant,Legrand James,387 Washington Market,Manhattan,New York,New York,387,Washington Market,,,,,,,,Legrand
4598,289,1870,Trows,187,Restaurant,Leonardo Salvadore,93 3 Ave.,Manhattan,New York,New York,93,3 Ave.,,,,,,,,Leonardo
4599,290,1870,Trows,187,Restaurant,Lewis William N. ,397 West St. ,Manhattan,New York,New York,397,West St. ,,,,,,,,Lewis
4600,291,1870,Trows,187,Restaurant,Libby Demorin,59 Murray St.,Manhattan,New York,New York,59,Murray St.,,,,,,,,Libby
4601,292,1870,Trows,187,Restaurant,Libby Elizabeth,2 Gouverneur Market,Manhattan,New York,New York,2,Gouverneur Market,,,,,,,,Libby
4602,293,1870,Trows,187,Restaurant,Loew Philip,120 Bowery St.,Manhattan,New York,New York,120,Bowery St.,,,,,,,,Loew
4603,294,1870,Trows,187,Restaurant,Lomas Robert,243 Centre St.,Manhattan,New York,New York,243,Centre St.,,,,,,,,Lomas
4604,295,1870,Trows,187,Restaurant,Lord & Sanford,301 W. 20 St.,Manhattan,New York,New York,301,W. 20 St.,,,,,,,,Lord
4605,296,1870,Trows,187,Restaurant,Lucetti Antonio,1383 Broadway,Manhattan,New York,New York,1383,Broadway,,,,,,,,Lucetti
4606,297,1870,Trows,187,Restaurant,Luhrsen Dederick,192 William St. ,Manhattan,New York,New York,192,William St. ,,,,,,,,Luhrsen
4607,298,1870,Trows,187,Restaurant,Lunebach Francis,87 6 Ave.,Manhattan,New York,New York,87,6 Ave.,,,,,,,,Lunebach
4608,299,1870,Trows,187,Restaurant,McElroy Fenton C. ,109 Nassau St.,Manhattan,New York,New York,109,Nassau St.,,,,,,,,McElroy
4609,300,1870,Trows,187,Restaurant,McGraw Michael,32 W. Houston St. ,Manhattan,New York,New York,32,W. Houston St. ,,,,,,,,McGraw
4610,301,1870,Trows,187,Restaurant,McHugh Peter,517 Pearl St. ,Manhattan,New York,New York,517,Pearl St. ,,,,,,,,McHugh
4611,302,1870,Trows,187,Restaurant,McKinney J. C.,92 South St.,Manhattan,New York,New York,92,South St.,,,,,,,,McKinney
4612,303,1870,Trows,187,Restaurant,McMahan Thomas,48 Hubert St.,Manhattan,New York,New York,48,Hubert St.,,,,,,,,McMahan
4613,304,1870,Trows,187,Restaurant,McMahon Owen,623 2 Ave.,Manhattan,New York,New York,623,2 Ave.,,,,,,,,McMahon
4614,305,1870,Trows,187,Restaurant,McMannus Patrick,458 4 Ave.,Manhattan,New York,New York,458,4 Ave.,,,,,,,,McMannus
4615,306,1870,Trows,187,Restaurant,McQuade William,353 1 Ave.,Manhattan,New York,New York,353,1 Ave.,,,,,,,,McQuade
4616,307,1870,Trows,188,Restaurant,MacDonald John,148 3 Ave.,Manhattan,New York,New York,148,3 Ave.,,,,,,,,MacDonald
4617,308,1870,Trows,188,Restaurant,Maguire Peter W. ,538 E. 14 St. ,Manhattan,New York,New York,538,E. 14 St. ,,,,,,,,Maguire
4618,309,1870,Trows,188,Restaurant,Maller William S. ,254 Fulton Market,Manhattan,New York,New York,254,Fulton Market,,,,,,,,Maller
4619,310,1870,Trows,188,Restaurant,Mangold Jacob ,88 Maiden Ln.,Manhattan,New York,New York,88,Maiden Ln.,,,,,,,,Mangold
4620,311,1870,Trows,188,Restaurant,Mardaga Josephine,141 Duane St. ,Manhattan,New York,New York,141,Duane St. ,,,,,,,,Mardaga
4621,312,1870,Trows,188,Restaurant,Mars James W. ,23 Pine St.,Manhattan,New York,New York,23,Pine St.,,,,,,,,Mars
4622,313,1870,Trows,188,Restaurant,Marsullo Benedict,93 3 Ave.,Manhattan,New York,New York,93,3 Ave.,,,,,,,,Marsullo
4623,314,1870,Trows,188,Restaurant,Marthaler George,6 Union Pl.,Manhattan,New York,New York,6,Union Pl.,,,,,,,,Marthaler
4624,315,1870,Trows,188,Restaurant,Martin Rosa,2 Catherine Sl.,Manhattan,New York,New York,2,Catherine Sl.,,,,,,,,Martin
4625,316,1870,Trows,188,Restaurant,Martinelli Francis,49 3 Ave.,Manhattan,New York,New York,49,3 Ave.,,,,,,,,Martinelli
4626,317,1870,Trows,188,Restaurant,Martini Mary,1.25 2 Ave.,Manhattan,New York,New York,1.25,2 Ave.,,,,,,,,Martini
4627,318,1870,Trows,188,Restaurant,Marx Felix,11 Thomas St. ,Manhattan,New York,New York,11,Thomas St. ,,,,,,,,Marx
4628,319,1870,Trows,188,Restaurant,Marx Jacob,185 Stanton St. ,Manhattan,New York,New York,185,Stanton St. ,,,,,,,,Marx
4629,320,1870,Trows,188,Restaurant,May Franklin,90 Ann St.,Manhattan,New York,New York,90,Ann St.,,,,,,,,May
4630,321,1870,Trows,188,Restaurant,Meden Peter,205 Chambers St. ,Manhattan,New York,New York,205,Chambers St. ,,,,,,,,Meden
4631,322,1870,Trows,188,Restaurant,Meginly Joseph,9 Washington Market,Manhattan,New York,New York,9,Washington Market,,,,,,,,Meginly
4632,323,1870,Trows,188,Restaurant,Mehl Edward,156 Fulton St. ,Manhattan,New York,New York,156,Fulton St. ,,,,,,,,Mehl
4633,324,1870,Trows,188,Restaurant,Menken Augustus,237 Grand St. ,Manhattan,New York,New York,237,Grand St. ,,,,,,,,Menken
4634,325,1870,Trows,188,Restaurant,Merritt John W. ,80 E. 9 St.,Manhattan,New York,New York,80,E. 9 St.,,,,,,,,Merritt
4635,326,1870,Trows,188,Restaurant,Meritt & Polhemus,97 6 Ave.,Manhattan,New York,New York,97,6 Ave.,,,,,,,,Meritt
4636,327,1870,Trows,188,Restaurant,Merz Henry,106 Hester St.,Manhattan,New York,New York,106,Hester St.,,,,,,,,Merz
4637,328,1870,Trows,188,Restaurant,Merz Henry,7 Pearl St. ,Manhattan,New York,New York,7,Pearl St. ,,,,,,,,Merz
4638,329,1870,Trows,188,Restaurant,Merchutt Philip,279 West St. ,Manhattan,New York,New York,279,West St. ,,,,,,,,Merchutt
4639,330,1870,Trows,188,Restaurant,Meyer Gustavus,82 Walker St.,Manhattan,New York,New York,82,Walker St.,,,,,,,,Meyer
4640,331,1870,Trows,188,Restaurant,Meyer Samuel,8 Delancey St.,Manhattan,New York,New York,8,Delancey St.,,,,,,,,Meyer
4641,332,1870,Trows,188,Restaurant,Miller Charles L.,436 E. Houston St.,Manhattan,New York,New York,436,E. Houston St.,,,,,,,,Miller
4642,333,1870,Trows,188,Restaurant,Miller Edward,11 Park Pl.,Manhattan,New York,New York,11,Park Pl.,,,,,,,,Miller
4643,334,1870,Trows,188,Restaurant,Miller Erastus,246 8 Ave.,Manhattan,New York,New York,246,8 Ave.,,,,,,,,Miller
4644,335,1870,Trows,188,Restaurant,Mitchell Brothers,20 Fulton Market,Manhattan,New York,New York,20,Fulton Market,,,,,,,,Mitchell
4645,336,1870,Trows,188,Restaurant,Mitchell & White,605 Broadway,Manhattan,New York,New York,605,Broadway,,,,,,,,Mitchell
4646,337,1870,Trows,188,Restaurant,Mock & Meister,254 Fulton St. ,Manhattan,New York,New York,254,Fulton St. ,,,,,,,,Mock
4647,338,1870,Trows,188,Restaurant,Mohan John,45 Sullivan St. ,Manhattan,New York,New York,45,Sullivan St. ,,,,,,,,Mohan
4648,339,1870,Trows,188,Restaurant,Mottmonn August,124 Canal St.,Manhattan,New York,New York,124,Canal St.,,,,,,,,Mottmonn
4649,340,1870,Trows,188,Restaurant,Mondorf & Shuck,66 Maiden Ln.,Manhattan,New York,New York,66,Maiden Ln.,,,,,,,,Mondorf
4650,341,1870,Trows,188,Restaurant,Mott R. W. & Co.,280 Fulton Market,Manhattan,New York,New York,280,Fulton Market,,,,,,,,Mott
4651,342,1870,Trows,188,Restaurant,Mouquin Henry,81 Nassau St.,Manhattan,New York,New York,81,Nassau St.,,,,,,,,Mouquin
4652,343,1870,Trows,188,Restaurant,Mudget Samuel,221 West St. ,Manhattan,New York,New York,221,West St. ,,,,,,,,Mudget
4653,344,1870,Trows,188,Restaurant,Muller William,33 John St. ,Manhattan,New York,New York,33,John St. ,,,,,,,,Muller
4654,345,1870,Trows,188,Restaurant,Murphy Michael,49 Whitehall St.,Manhattan,New York,New York,49,Whitehall St.,,,,,,,,Murphy
4655,346,1870,Trows,188,Restaurant,Murphy & Power,77 Cedar St. ,Manhattan,New York,New York,77,Cedar St. ,,,,,,,,Murphy
4656,347,1870,Trows,188,Restaurant,Murray Ellen,248 West St. ,Manhattan,New York,New York,248,West St. ,,,,,,,,Murray
4657,348,1870,Trows,188,Restaurant,Murray Louis,126 Greene St.,Manhattan,New York,New York,126,Greene St.,,,,,,,,Murray
4658,349,1870,Trows,188,Restaurant,Nash & Fuller,40 Park Row,Manhattan,New York,New York,40,Park Row,,,,,,,,Nash
4659,350,1870,Trows,188,Restaurant,Neubeck Conrad,252 Fulton St. ,Manhattan,New York,New York,252,Fulton St. ,,,,,,,,Neubeck
4660,351,1870,Trows,188,Restaurant,Newport Henry,2 William St,Manhattan,New York,New York,2,William St,,,,,,,,Newport
4661,352,1870,Trows,188,Restaurant,Neyhoff Henry,755 10 Ave,Manhattan,New York,New York,755,10 Ave,,,,,,,,Neyhoff
4662,353,1870,Trows,188,Restaurant,Nurse George A.,524 8 Ave.,Manhattan,New York,New York,524,8 Ave.,,,,,,,,Nurse
4663,354,1870,Trows,188,Restaurant,Oberele Henry,198 Bleecker St. ,Manhattan,New York,New York,198,Bleecker St. ,,,,,,,,Oberele
4664,355,1870,Trows,188,Restaurant,Ohler Casper,369 1 Ave.,Manhattan,New York,New York,369,1 Ave.,,,,,,,,Ohler
4665,356,1870,Trows,188,Restaurant,Ohlrogge August,59 Beaver St.,Manhattan,New York,New York,59,Beaver St.,,,,,,,,Ohlrogge
4666,357,1870,Trows,188,Restaurant,Ohmeis Peter M.,150 Fulton St. ,Manhattan,New York,New York,150,Fulton St. ,,,,,,,,Ohmeis
4667,358,1870,Trows,188,Restaurant,Ojeman John H.,52 Cortlandt St.,Manhattan,New York,New York,52,Cortlandt St.,,,,,,,,Ojeman
4668,359,1870,Trows,188,Restaurant,Orcutt E. B. & R. S. ,162 Broadway,Manhattan,New York,New York,162,Broadway,,,,,,,,Orcutt
4669,360,1870,Trows,188,Restaurant,Orcutt E. B. & R. S. ,411 Broadway,Manhattan,New York,New York,411,Broadway,,,,,,,,Orcutt
4670,361,1870,Trows,188,Restaurant,Ossman John,96 Vesey St.,Manhattan,New York,New York,96,Vesey St.,,,,,,,,Ossman
4671,362,1870,Trows,188,Restaurant,Overton William B.,13 Thomas St. ,Manhattan,New York,New York,13,Thomas St. ,,,,,,,,Overton
4672,363,1870,Trows,188,Restaurant,Palm William,43 Bleecker St. ,Manhattan,New York,New York,43,Bleecker St. ,,,,,,,,Palm
4673,364,1870,Trows,188,Restaurant,Parker Charles,20 Dey St.,Manhattan,New York,New York,20,Dey St.,,,,,,,,Parker
4674,365,1870,Trows,188,Restaurant,Parker E. S.,50 Cortlandt St.,Manhattan,New York,New York,50,Cortlandt St.,,,,,,,,Parker
4675,366,1870,Trows,188,Restaurant,Parker Joseph P.,127 Grand St. ,Manhattan,New York,New York,127,Grand St. ,,,,,,,,Parker
4676,367,1870,Trows,188,Restaurant,Percival Edward,55 Bowery St.,Manhattan,New York,New York,55,Bowery St.,,,,,,,,Percival
4677,368,1870,Trows,188,Restaurant,Peter Ernestine,143 Hester St.,Manhattan,New York,New York,143,Hester St.,,,,,,,,Peter
4678,369,1870,Trows,188,Restaurant,Peterson Ebbe,192 South St.,Manhattan,New York,New York,192,South St.,,,,,,,,Peterson
4679,370,1870,Trows,188,Restaurant,peterson Sarah J. ,135 W. 30 St.,Manhattan,New York,New York,135,W. 30 St.,,,,,,,,peterson
4680,371,1870,Trows,188,Restaurant,Pettit & Co.,136 Water St. ,Manhattan,New York,New York,136,Water St. ,,,,,,,,Pettit
4681,372,1870,Trows,188,Restaurant,Flig & Demmer,300 Canal St.,Manhattan,New York,New York,300,Canal St.,,,,,,,,Flig
4682,373,1870,Trows,188,Restaurant,Flig & Demmer,63 Lispenard St. ,Manhattan,New York,New York,63,Lispenard St. ,,,,,,,,Flig
4683,374,1870,Trows,188,Restaurant,Pfaff Charles,653 Broadway,Manhattan,New York,New York,653,Broadway,,,,,,,,Pfaff
4684,375,1870,Trows,188,Restaurant,Pierre Catharine,367 Grand St. ,Manhattan,New York,New York,367,Grand St. ,,,,,,,,Pierre
4685,376,1870,Trows,188,Restaurant,Piperneoy Albert & Co.,105 4 Ave.,Manhattan,New York,New York,105,4 Ave.,,,,,,,,Piperneoy
4686,377,1870,Trows,188,Restaurant,Pleines Peter,35 Cortlandt St.,Manhattan,New York,New York,35,Cortlandt St.,,,,,,,,Pleines
4687,378,1870,Trows,188,Restaurant,Polk Edward,63 Walker St.,Manhattan,New York,New York,63,Walker St.,,,,,,,,Polk
4688,379,1870,Trows,188,Restaurant,Pontin William S. ,3 Benson St.,Manhattan,New York,New York,3,Benson St.,,,,,,,,Pontin
4689,380,1870,Trows,188,Restaurant,Porter Brotjers,165 Church,Manhattan,New York,New York,165,Church,,,,,,,,Porter
4690,381,1870,Trows,188,Restaurant,Pramaggiore Francis,407 Broome St.,Manhattan,New York,New York,407,Broome St.,,,,,,,,Pramaggiore
4691,382,1870,Trows,188,Restaurant,Prooopst Benjamin,95 Maiden Ln.,Manhattan,New York,New York,95,Maiden Ln.,,,,,,,,Prooopst
4692,383,1870,Trows,188,Restaurant,Prudhomme Alfred,108 Canal St.,Manhattan,New York,New York,108,Canal St.,,,,,,,,Prudhomme
4693,384,1870,Trows,188,Restaurant,Radcliff & Johnson,492 8 Ave.,Manhattan,New York,New York,492,8 Ave.,,,,,,,,Radcliff
4694,385,1870,Trows,188,Restaurant,Rader Frederick,25 Platt St.,Manhattan,New York,New York,25,Platt St.,,,,,,,,Rader
4695,386,1870,Trows,188,Restaurant,Ramge William,1058 3 Ave.,Manhattan,New York,New York,1058,3 Ave.,,,,,,,,Ramge
4696,387,1870,Trows,188,Restaurant,Rany & Co.,5 New St,Manhattan,New York,New York,5,New St,,,,,,,,Rany
4697,388,1870,Trows,188,Restaurant,Rauch George,137 W. Broadway,Manhattan,New York,New York,137,W. Broadway,,,,,,,,Rauch
4698,389,1870,Trows,188,Restaurant,Rauscher Martin,24 William St. ,Manhattan,New York,New York,24,William St. ,,,,,,,,Rauscher
4699,390,1870,Trows,188,Restaurant,Ray & Gray,56 Leonard St. ,Manhattan,New York,New York,56,Leonard St. ,,,,,,,,Ray
4700,391,1870,Trows,188,Restaurant,Reamer John H. ,Pier 32 E. R.  ,Manhattan,New York,New York,Pier 32 E. R. ,,,,,,,,,Reamer
4701,392,1870,Trows,188,Restaurant,Redfern James,584 3 Ave.,Manhattan,New York,New York,584,3 Ave.,,,,,,,,Redfern
4702,393,1870,Trows,188,Restaurant,Reichter Augustus,103 W. 28,Manhattan,New York,New York,103,W. 28,,,,,,,,Reichter
4703,394,1870,Trows,188,Restaurant,Reilly C. ,142 8 Ave.,Manhattan,New York,New York,142,8 Ave.,,,,,,,,Reilly
4704,395,1870,Trows,188,Restaurant,Rice William E. ,11 College Pl.,Manhattan,New York,New York,11,College Pl.,,,,,,,,Rice
4705,396,1870,Trows,188,Restaurant,Riley Edward,14 Broad St. ,Manhattan,New York,New York,14,Broad St. ,,,,,,,,Riley
4706,397,1870,Trows,188,Restaurant,Riley Joseph,1187 Broadway,Manhattan,New York,New York,1187,Broadway,,,,,,,,Riley
4707,398,1870,Trows,188,Restaurant,Ritzler Catharine,80 Hudson St.,Manhattan,New York,New York,80,Hudson St.,,,,,,,,Ritzler
4708,399,1870,Trows,188,Restaurant,Robinson John H. ,354 Greenwich St.,Manhattan,New York,New York,354,Greenwich St.,,,,,,,,Robinson
4709,400,1870,Trows,188,Restaurant,Rueckel C. A.,33 Worth St.,Manhattan,New York,New York,33,Worth St.,,,,,,,,Rueckel
4710,401,1870,Trows,188,Restaurant,Ruether Ernest,56 Leonard St. ,Manhattan,New York,New York,56,Leonard St. ,,,,,,,,Ruether
4711,402,1870,Trows,188,Restaurant,Russe John Jacob,98 Cedar St. ,Manhattan,New York,New York,98,Cedar St. ,,,,,,,,Russe
4712,403,1870,Trows,188,Restaurant,Rueve John D. ,83 Warren St. ,Manhattan,New York,New York,83,Warren St. ,,,,,,,,Rueve
4713,404,1870,Trows,188,Restaurant,Ryder Alexander G. ,36 Pine St.,Manhattan,New York,New York,36,Pine St.,,,,,,,,Ryder
4714,405,1870,Trows,188,Restaurant,Sauer Christian E. ,E. 36 St. & 4 Ave.,Manhattan,New York,New York,E. 36 St. &,4 Ave.,,,,,,,,Sauer
4715,406,1870,Trows,188,Restaurant,Sauer Christian E. ,340 4 Ave.,Manhattan,New York,New York,340,4 Ave.,,,,,,,,Sauer
4716,407,1870,Trows,188,Restaurant,Schafer Frederick G. ,728 E. 12 St. ,Manhattan,New York,New York,728,E. 12 St. ,,,,,,,,Schafer
4717,408,1870,Trows,188,Restaurant,Schedler Charles,24 Broad St. ,Manhattan,New York,New York,24,Broad St. ,,,,,,,,Schedler
4718,409,1870,Trows,188,Restaurant,Schedler F. X. & A. Wiehl,101 Chambers St.,Manhattan,New York,New York,101,Chambers St.,,,,,,,,Schedler
4719,410,1870,Trows,188,Restaurant,Schedler F. X. & A. Wiehl,32 Pearl St. ,Manhattan,New York,New York,32,Pearl St. ,,,,,,,,Schedler
4720,411,1870,Trows,188,Restaurant,Schefer & Bohmer,1120 3 Ave.,Manhattan,New York,New York,1120,3 Ave.,,,,,,,,Schefer
4721,412,1870,Trows,188,Restaurant,Schiebel George,174.5 Mulberry St. ,Manhattan,New York,New York,174.5,Mulberry St. ,,,,,,,,Schiebel
4722,413,1870,Trows,189,Restaurant,Schulter Charles,205 Fulton St. ,Manhattan,New York,New York,205,Fulton St. ,,,,,,,,Schulter
4723,414,1870,Trows,189,Restaurant,Schmidt Conrad,59 Cedar St. ,Manhattan,New York,New York,59,Cedar St. ,,,,,,,,Schmidt
4724,415,1870,Trows,189,Restaurant,Schneider A. F. ,154 Fulton St. ,Manhattan,New York,New York,154,Fulton St. ,,,,,,,,Schneider
4725,416,1870,Trows,189,Restaurant,Schneider Francis,720 Broadway,Manhattan,New York,New York,720,Broadway,,,,,,,,Schneider
4726,417,1870,Trows,189,Restaurant,Schrader Augustus,246 3 Ave.,Manhattan,New York,New York,246,3 Ave.,,,,,,,,Schrader
4727,418,1870,Trows,189,Restaurant,Schroder Herman F. ,129 Greene St.,Manhattan,New York,New York,129,Greene St.,,,,,,,,Schroder
4728,419,1870,Trows,189,Restaurant,Schroder John H.,349 Spring St.,Manhattan,New York,New York,349,Spring St.,,,,,,,,Schroder
4729,420,1870,Trows,189,Restaurant,Schronbrunn & Heitler,12 Bowery St.,Manhattan,New York,New York,12,Bowery St.,,,,,,,,Schronbrunn
4730,421,1870,Trows,189,Restaurant,Schultz Christian,222 E. Houston St.,Manhattan,New York,New York,222,E. Houston St.,,,,,,,,Schultz
4731,422,1870,Trows,189,Restaurant,Schultz William,48 New St,Manhattan,New York,New York,48,New St,,,,,,,,Schultz
4732,423,1870,Trows,189,Restaurant,Schulze Edward,23 William St. ,Manhattan,New York,New York,23,William St. ,,,,,,,,Schulze
4733,424,1870,Trows,189,Restaurant,Schutte Herman,49 Centre St.,Manhattan,New York,New York,49,Centre St.,,,,,,,,Schutte
4734,425,1870,Trows,189,Restaurant,Schwagerl Walburga & Sons,394 8 Ave.,Manhattan,New York,New York,394,8 Ave.,,,,,,,,Schwagerl
4735,426,1870,Trows,189,Restaurant,Schweickardt Charles,54 54 Pine St. ,Manhattan,New York,New York,54,54 Pine St. ,,,,,,,,Schweickardt
4736,427,1870,Trows,189,Restaurant,Scheitje John,363 10 Ave,Manhattan,New York,New York,363,10 Ave,,,,,,,,Scheitje
4737,428,1870,Trows,189,Restaurant,Seligman Gabriel,20 White St. ,Manhattan,New York,New York,20,White St. ,,,,,,,,Seligman
4738,429,1870,Trows,189,Restaurant,Shaw Elias,289 8 Ave.,Manhattan,New York,New York,289,8 Ave.,,,,,,,,Shaw
4739,430,1870,Trows,189,Restaurant,Shea R. & J. J. ,137 8 St.,Manhattan,New York,New York,137,8 St.,,,,,,,,Shea
4740,431,1870,Trows,189,Restaurant,Shepard & Nixon,84 4 Ave.,Manhattan,New York,New York,84,4 Ave.,,,,,,,,Shepard
4741,432,1870,Trows,189,Restaurant,Siegmann Louis,521 9 Ave.,Manhattan,New York,New York,521,9 Ave.,,,,,,,,Siegmann
4742,433,1870,Trows,189,Restaurant,Siewert William,81 Division St. ,Manhattan,New York,New York,81,Division St. ,,,,,,,,Siewert
4743,434,1870,Trows,189,Restaurant,Silverstein Jacob,32 Bayard St. ,Manhattan,New York,New York,32,Bayard St. ,,,,,,,,Silverstein
4744,435,1870,Trows,189,Restaurant,Simmons Henry,71 Murray St.,Manhattan,New York,New York,71,Murray St.,,,,,,,,Simmons
4745,436,1870,Trows,189,Restaurant,Simpsons Charles,216 Wooster St. ,Manhattan,New York,New York,216,Wooster St. ,,,,,,,,Simpsons
4746,437,1870,Trows,189,Restaurant,Smith Thomas W. ,2.5 Broome St.,Manhattan,New York,New York,2.5,Broome St.,,,,,,,,Smith
4747,438,1870,Trows,189,Restaurant,Smith & Green,14 Cortlandt St.,Manhattan,New York,New York,14,Cortlandt St.,,,,,,,,Smith
4748,439,1870,Trows,189,Restaurant,Smith & McNeil,199 Washington St. ,Manhattan,New York,New York,199,Washington St. ,,,,,,,,Smith
4749,440,1870,Trows,189,Restaurant,Snyder & Farnum,268 Bowery St.,Manhattan,New York,New York,268,Bowery St.,,,,,,,,Snyder
4750,441,1870,Trows,189,Restaurant,Sohn William,580 Grand St. ,Manhattan,New York,New York,580,Grand St. ,,,,,,,,Sohn
4751,442,1870,Trows,189,Restaurant,Solari Emanuel,44 University Pl.,Manhattan,New York,New York,44,University Pl.,,,,,,,,Solari
4752,443,1870,Trows,189,Restaurant,Sommer Philip,390 8 Ave.,Manhattan,New York,New York,390,8 Ave.,,,,,,,,Sommer
4753,444,1870,Trows,189,Restaurant,Spahr David,29 New St,Manhattan,New York,New York,29,New St,,,,,,,,Spahr
4754,445,1870,Trows,189,Restaurant,Spies & Gill,324 Fulton Market,Manhattan,New York,New York,324,Fulton Market,,,,,,,,Spies
4755,446,1870,Trows,189,Restaurant,Spriggins Thomas,111 Canal St.,Manhattan,New York,New York,111,Canal St.,,,,,,,,Spriggins
4756,447,1870,Trows,189,Restaurant,Stand John M.,83 William,Manhattan,New York,New York,83,William,,,,,,,,Stand
4757,448,1870,Trows,189,Restaurant,Standinger T. ,76 Cedar St. ,Manhattan,New York,New York,76,Cedar St. ,,,,,,,,Standinger
4758,449,1870,Trows,189,Restaurant,Steilen August,4 Coenties Sl.,Manhattan,New York,New York,4,Coenties Sl.,,,,,,,,Steilen
4759,450,1870,Trows,189,Restaurant,Stemple William,202 William,Manhattan,New York,New York,202,William,,,,,,,,Stemple
4760,451,1870,Trows,189,Restaurant,Stirling David,1 Whitehall St.,Manhattan,New York,New York,1,Whitehall St.,,,,,,,,Stirling
4761,452,1870,Trows,189,Restaurant,Strecker Henry,112 Hudson St.,Manhattan,New York,New York,112,Hudson St.,,,,,,,,Strecker
4762,453,1870,Trows,189,Restaurant,Sutherland John,64 Liberty St. ,Manhattan,New York,New York,64,Liberty St. ,,,,,,,,Sutherland
4763,454,1870,Trows,189,Restaurant,Swann Matilda,27 Sullivan St. ,Manhattan,New York,New York,27,Sullivan St. ,,,,,,,,Swann
4764,455,1870,Trows,189,Restaurant,Sweeny James,806 8 Ave.,Manhattan,New York,New York,806,8 Ave.,,,,,,,,Sweeny
4765,456,1870,Trows,189,Restaurant,Sweet A. M. & Son,4 Fulton St. ,Manhattan,New York,New York,4,Fulton St. ,,,,,,,,Sweet
4766,457,1870,Trows,189,Restaurant,Sweet A. M. & Son,37 Burling Sl.,Manhattan,New York,New York,37,Burling Sl.,,,,,,,,Sweet
4767,458,1870,Trows,189,Restaurant,Swift Charles,1 Clinton Pl.,Manhattan,New York,New York,1,Clinton Pl.,,,,,,,,Swift
4768,459,1870,Trows,189,Restaurant,Taite Samuel H.,391 1 Ave.,Manhattan,New York,New York,391,1 Ave.,,,,,,,,Taite
4769,460,1870,Trows,189,Restaurant,Talley John J. ,348 6 Ave.,Manhattan,New York,New York,348,6 Ave.,,,,,,,,Talley
4770,461,1870,Trows,189,Restaurant,Tavis Henry,394 West St. ,Manhattan,New York,New York,394,West St. ,,,,,,,,Tavis
4771,462,1870,Trows,189,Restaurant,Taylor John W. ,154 Grand St. ,Manhattan,New York,New York,154,Grand St. ,,,,,,,,Taylor
4772,463,1870,Trows,189,Restaurant,Taylor William,555 Broadway,Manhattan,New York,New York,555,Broadway,,,,,,,,Taylor
4773,464,1870,Trows,189,Restaurant,Teutel George ,68 W. 43 St. ,Manhattan,New York,New York,68,W. 43 St. ,,,,,,,,Teutel
4774,465,1870,Trows,189,Restaurant,Thatcher Daniel G. ,1632 3 Ave.,Manhattan,New York,New York,1632,3 Ave.,,,,,,,,Thatcher
4775,466,1870,Trows,189,Restaurant,Theinert William,459 Broome St.,Manhattan,New York,New York,459,Broome St.,,,,,,,,Theinert
4776,467,1870,Trows,189,Restaurant,Thering Louis,32 Bayard St. ,Manhattan,New York,New York,32,Bayard St. ,,,,,,,,Thering
4777,468,1870,Trows,189,Restaurant,Thomas Maria,83 Thompson St.,Manhattan,New York,New York,83,Thompson St.,,,,,,,,Thomas
4778,469,1870,Trows,189,Restaurant,Thompson Austin D. ,292 Broadway,Manhattan,New York,New York,292,Broadway,,,,,,,,Thompson
4779,470,1870,Trows,189,Restaurant,Thompson Austin D. ,497 Broadway,Manhattan,New York,New York,497,Broadway,,,,,,,,Thompson
4780,471,1870,Trows,189,Restaurant,Thompson William ,34 New St,Manhattan,New York,New York,34,New St,,,,,,,,Thompson
4781,472,1870,Trows,189,Restaurant,Thompson & Nicholas,497 Broadway,Manhattan,New York,New York,497,Broadway,,,,,,,,Thompson
4782,473,1870,Trows,189,Restaurant,Thompson & Nicholas,52 Mercer St. ,Manhattan,New York,New York,52,Mercer St. ,,,,,,,,Thompson
4783,474,1870,Trows,189,Restaurant,Thurston Rchard R. ,56 Chatham St.,Manhattan,New York,New York,56,Chatham St.,,,,,,,,Thurston
4784,475,1870,Trows,189,Restaurant,Tietjen John & Brother,70 E. Houston St.,Manhattan,New York,New York,70,E. Houston St.,,,,,,,,Tietjen
4785,476,1870,Trows,189,Restaurant,Tisch John,36 Maiden Ln.,Manhattan,New York,New York,36,Maiden Ln.,,,,,,,,Tisch
4786,477,1870,Trows,189,Restaurant,Toedteberg Louis,19 Frankfort St. ,Manhattan,New York,New York,19,Frankfort St. ,,,,,,,,Toedteberg
4787,478,1870,Trows,189,Restaurant,Torney Charles,773 10 Ave,Manhattan,New York,New York,773,10 Ave,,,,,,,,Torney
4788,479,1870,Trows,189,Restaurant,Torrillion Antonio,7 Greenwich Ave,Manhattan,New York,New York,7,Greenwich Ave,,,,,,,,Torrillion
4789,480,1870,Trows,189,Restaurant,Tryon Andrew J. ,345 Grand St. ,Manhattan,New York,New York,345,Grand St. ,,,,,,,,Tryon
4790,481,1870,Trows,189,Restaurant,Turner Henry,118 Thompson St.,Manhattan,New York,New York,118,Thompson St.,,,,,,,,Turner
4791,482,1870,Trows,189,Restaurant,Uhlenhaut Frederik,106 Maiden Ln.,Manhattan,New York,New York,106,Maiden Ln.,,,,,,,,Uhlenhaut
4792,483,1870,Trows,189,Restaurant,Vail Isaac,8 West St. ,Manhattan,New York,New York,8,West St. ,,,,,,,,Vail
4793,484,1870,Trows,189,Restaurant,Vadenburg William,203 W. 48 St. ,Manhattan,New York,New York,203,W. 48 St. ,,,,,,,,Vadenburg
4794,485,1870,Trows,189,Restaurant,Vanname William,553 Broadway,Manhattan,New York,New York,553,Broadway,,,,,,,,Vanname
4795,486,1870,Trows,189,Restaurant,Vantine John,2 Dey St.,Manhattan,New York,New York,2,Dey St.,,,,,,,,Vantine
4796,487,1870,Trows,189,Restaurant,Vath Charles L. ,21 Frankfort St. ,Manhattan,New York,New York,21,Frankfort St. ,,,,,,,,Vath
4797,488,1870,Trows,189,Restaurant,Vainest Francis,90 Fulton St. ,Manhattan,New York,New York,90,Fulton St. ,,,,,,,,Vainest
4798,489,1870,Trows,189,Restaurant,Vonglahn John,93 Bowery St.,Manhattan,New York,New York,93,Bowery St.,,,,,,,,Vonglahn
4799,490,1870,Trows,189,Restaurant,Vonliehen John,108 Greene St.,Manhattan,New York,New York,108,Greene St.,,,,,,,,Vonliehen
4800,491,1870,Trows,189,Restaurant,Warch Jacob,799 3 Ave.,Manhattan,New York,New York,799,3 Ave.,,,,,,,,Warch
4801,492,1870,Trows,189,Restaurant,Ward Louisa,190.5 South St.,Manhattan,New York,New York,190.5,South St.,,,,,,,,Ward
4802,493,1870,Trows,189,Restaurant,Waterman & Brown,272 West St. ,Manhattan,New York,New York,272,West St. ,,,,,,,,Waterman
4803,494,1870,Trows,189,Restaurant,Weber John,829 2 Ave.,Manhattan,New York,New York,829,2 Ave.,,,,,,,,Weber
4804,495,1870,Trows,189,Restaurant,Weber & Son,190 William St. ,Manhattan,New York,New York,190,William St. ,,,,,,,,Weber
4805,496,1870,Trows,189,Restaurant,Webers & Engel,42 Whitehall St.,Manhattan,New York,New York,42,Whitehall St.,,,,,,,,Webers
4806,497,1870,Trows,189,Restaurant,Webster William,26 Walker St.,Manhattan,New York,New York,26,Walker St.,,,,,,,,Webster
4807,498,1870,Trows,189,Restaurant,Weiss Louis,366 Broome St.,Manhattan,New York,New York,366,Broome St.,,,,,,,,Weiss
4808,499,1870,Trows,189,Restaurant,Wells George C. ,101 W. 14 St.,Manhattan,New York,New York,101,W. 14 St.,,,,,,,,Wells
4809,500,1870,Trows,189,Restaurant,Wenzeler Herman,34.5 Whitehall St.,Manhattan,New York,New York,34.5,Whitehall St.,,,,,,,,Wenzeler
4810,501,1870,Trows,189,Restaurant,Westphal Ferdniand,66 Division St. ,Manhattan,New York,New York,66,Division St. ,,,,,,,,Westphal
4811,502,1870,Trows,189,Restaurant,Weywand J. & Wies,194 William St. ,Manhattan,New York,New York,194,William St. ,,,,,,,,Weywand
4812,503,1870,Trows,189,Restaurant,Whitcomb Virgil,1223 Broadway,Manhattan,New York,New York,1223,Broadway,,,,,,,,Whitcomb
4813,504,1870,Trows,189,Restaurant,White Sylvester,58 Grand St. ,Manhattan,New York,New York,58,Grand St. ,,,,,,,,White
4814,505,1870,Trows,189,Restaurant,White H. C. & Co.,E. 27 St. & 4 Ave.,Manhattan,New York,New York,E. 27 St. &,4 Ave.,,,,,,,,White
4815,506,1870,Trows,189,Restaurant,Widmer John,498 3 Ave.,Manhattan,New York,New York,498,3 Ave.,,,,,,,,Widmer
4816,507,1870,Trows,189,Restaurant,Wilber Rufus R. ,141 Avenue D,Manhattan,New York,New York,141,Avenue D,,,,,,,,Wilber
4817,508,1870,Trows,189,Restaurant,Wildberger C. ,88 2 Ave.,Manhattan,New York,New York,88,2 Ave.,,,,,,,,Wildberger
4818,509,1870,Trows,189,Restaurant,Williams Ann,37 Baxter St.,Manhattan,New York,New York,37,Baxter St.,,,,,,,,Williams
4819,510,1870,Trows,189,Restaurant,Williams & Hogins,41 Fulton St. ,Manhattan,New York,New York,41,Fulton St. ,,,,,,,,Williams
4820,511,1870,Trows,189,Restaurant,Wilson John,27 W. Houston St. ,Manhattan,New York,New York,27,W. Houston St. ,,,,,,,,Wilson
4821,512,1870,Trows,189,Restaurant,Wilson & McDermut,56 E. 13 St. ,Manhattan,New York,New York,56,E. 13 St. ,,,,,,,,Wilson
4822,513,1870,Trows,189,Restaurant,Winter Francis,18 Liberty St. ,Manhattan,New York,New York,18,Liberty St. ,,,,,,,,Winter
4823,514,1870,Trows,189,Restaurant,Wollwedel John,731 Washington St. ,Manhattan,New York,New York,731,Washington St. ,,,,,,,,Wollwedel
4824,515,1870,Trows,189,Restaurant,Wooley Thomas,240 3 Ave.,Manhattan,New York,New York,240,3 Ave.,,,,,,,,Wooley
4825,516,1870,Trows,189,Restaurant,Wright Mary,39 Sullivan St. ,Manhattan,New York,New York,39,Sullivan St. ,,,,,,,,Wright
4826,517,1870,Trows,189,Restaurant,Wright Thomas W. P.,28 W. 4 St.,Manhattan,New York,New York,28,W. 4 St.,,,,,,,,Wright
4827,518,1870,Trows,189,Restaurant,Young Alton C.,204.5 Thompson St.,Manhattan,New York,New York,204.5,Thompson St.,,,,,,,,Young
4828,519,1870,Trows,189,Restaurant,Young Charles,101 Spring St.,Manhattan,New York,New York,101,Spring St.,,,,,,,,Young
4829,520,1870,Trows,190,Restaurant,Zahn Balthaser,199 Chatham St.,Manhattan,New York,New York,199,Chatham St.,,,,,,,,Zahn
4830,521,1870,Trows,190,Restaurant,Ziesse Charles,3 Ave & E. 99,Manhattan,New York,New York,3 Ave &,E. 99,,,,,,,,Ziesse
4831,522,1870,Trows,190,Restaurant,Zimmerman Bernard,697 6 Ave.,Manhattan,New York,New York,697,6 Ave.,,,,,,,,Zimmerman
4832,523,1870,Trows,190,Restaurant,Zimmerman Leo,42 Union Pl.,Manhattan,New York,New York,42,Union Pl.,,,,,,,,Zimmerman
4833,524,1870,Trows,190,Restaurant,Zimmermann P. G. A. ,7 Frankfort St. ,Manhattan,New York,New York,7,Frankfort St. ,,,,,,,,Zimmermann
4834,525,1870,Trows,190,Restaurant,Refused,307 Broadway,Manhattan,New York,New York,307,Broadway,,,,,,,,Refused
4835,526,1870,Trows,190,Restaurant,Refused,361 E. 34 St.,Manhattan,New York,New York,361,E. 34 St.,,,,,,,,Refused
4836,527,1870,Trows,190,Restaurant,Refused,159 Fulton St. ,Manhattan,New York,New York,159,Fulton St. ,,,,,,,,Refused
4837,528,1870,Trows,190,Restaurant,Refused,212 Broadway,Manhattan,New York,New York,212,Broadway,,,,,,,,Refused
4838,529,1870,Trows,190,Restaurant,Refused,225 Grand St. ,Manhattan,New York,New York,225,Grand St. ,,,,,,,,Refused
4839,530,1870,Trows,190,Restaurant,Refused,115 Nassau St.,Manhattan,New York,New York,115,Nassau St.,,,,,,,,Refused
4840,531,1870,Trows,190,Restaurant,Refused,28 W. Houston St. ,Manhattan,New York,New York,28,W. Houston St. ,,,,,,,,Refused
